id,id_localidad,nombre,id_provincia,provincia_nombre
loc_1,1,GENERAL RODRIGUEZ,1,BUENOS AIRES
loc_2,2,LA FRATERNIDAD,1,BUENOS AIRES
loc_3,3,LAS MALVINAS,1,BUENOS AIRES
loc_4,4,ARROYO DEL PESCADO,1,BUENOS AIRES
loc_5,5,ARROYO LA MAZA,1,BUENOS AIRES
loc_6,6,BERISSO,1,BUENOS AIRES
loc_7,7,FRIGORIFICO ARMOUR,1,BUENOS AIRES
loc_8,8,ISLA PAULINO,1,BUENOS AIRES
loc_9,9,LA BALANDRA,1,BUENOS AIRES
loc_10,10,LOS TALAS,1,BUENOS AIRES
loc_11,11,PALO BLANCO,1,BUENOS AIRES
loc_12,12,ALVAREZ DE TOLEDO,1,BUENOS AIRES
loc_13,13,BARRIO VILLA SALADILLO,1,BUENOS AIRES
loc_14,14,CAZON,1,BUENOS AIRES
loc_15,15,DEL CARRIL,1,BUENOS AIRES
loc_16,16,EL MANGRULLO,1,BUENOS AIRES
loc_17,17,EMILIANO REYNOSO,1,BUENOS AIRES
loc_18,18,ESTHER,1,BUENOS AIRES
loc_19,19,GOBERNADOR ORTIZ DE ROSAS,1,BUENOS AIRES
loc_20,20,JOSE SOJO,1,BUENOS AIRES
loc_21,21,JUAN BLAQUIER,1,BUENOS AIRES
loc_22,22,LA BARRANCOSA,1,BUENOS AIRES
loc_23,23,LA CAMPANA,1,BUENOS AIRES
loc_24,24,LA MARGARITA,1,BUENOS AIRES
loc_25,25,LA RAZON,1,BUENOS AIRES
loc_26,26,POLVAREDAS,1,BUENOS AIRES
loc_27,27,SALADILLO,1,BUENOS AIRES
loc_28,28,SALADILLO NORTE,1,BUENOS AIRES
loc_29,29,SAN BENITO,1,BUENOS AIRES
loc_30,30,TOLDOS VIEJOS,1,BUENOS AIRES
loc_31,31,AGUSTIN ROCA,1,BUENOS AIRES
loc_32,32,AGUSTINA,1,BUENOS AIRES
loc_33,33,BARRIO CAROSIO,1,BUENOS AIRES
loc_34,34,BARRIO GENERAL SAN MARTIN,1,BUENOS AIRES
loc_35,35,BARRIO VILLA ORTEGA,1,BUENOS AIRES
loc_36,36,BLANDENGUES,1,BUENOS AIRES
loc_37,37,CAMPO MAIPU,1,BUENOS AIRES
loc_38,38,CUARTEL IV,1,BUENOS AIRES
loc_39,39,CUARTEL V,1,BUENOS AIRES
loc_40,40,FORTIN TIBURCIO,1,BUENOS AIRES
loc_41,41,JUNIN,1,BUENOS AIRES
loc_42,42,LA ORIENTAL,1,BUENOS AIRES
loc_43,43,LAGUNA DE GOMEZ,1,BUENOS AIRES
loc_44,44,LAPLACETTE,1,BUENOS AIRES
loc_45,45,LAS PARVAS,1,BUENOS AIRES
loc_46,46,MORSE,1,BUENOS AIRES
loc_47,47,PUEBLO NUEVO,1,BUENOS AIRES
loc_48,48,SAFORCADA,1,BUENOS AIRES
loc_49,49,VILLA BELGRANO,1,BUENOS AIRES
loc_50,50,VILLA MAYOR,1,BUENOS AIRES
loc_51,51,VILLA ORTEGA,1,BUENOS AIRES
loc_52,52,VILLA PENOTTI,1,BUENOS AIRES
loc_53,53,VILLA TALLERES,1,BUENOS AIRES
loc_54,54,VILLA TRIANGULO,1,BUENOS AIRES
loc_55,55,VILLA YORK,1,BUENOS AIRES
loc_56,56,AMERICA,1,BUENOS AIRES
loc_57,57,BADANO,1,BUENOS AIRES
loc_58,58,CERRITO,1,BUENOS AIRES
loc_59,59,COLONIA EL BALDE,1,BUENOS AIRES
loc_60,60,CONDARCO,1,BUENOS AIRES
loc_61,61,FORTIN OLAVARRIA,1,BUENOS AIRES
loc_62,62,GONZALEZ MORENO,1,BUENOS AIRES
loc_63,63,LA CAUTIVA,1,BUENOS AIRES
loc_64,64,MERIDIANO VO,1,BUENOS AIRES
loc_65,65,MIRA PAMPA,1,BUENOS AIRES
loc_66,66,RIVADAVIA,1,BUENOS AIRES
loc_67,67,ROOSEVELT,1,BUENOS AIRES
loc_68,68,SAN MAURICIO,1,BUENOS AIRES
loc_69,69,SANSINENA,1,BUENOS AIRES
loc_70,70,SUNDBLAD,1,BUENOS AIRES
loc_71,71,VALENTIN GOMEZ,1,BUENOS AIRES
loc_72,72,VILLA SENA,1,BUENOS AIRES
loc_73,73,ALMACEN LA COLINA,1,BUENOS AIRES
loc_74,74,ARRECIFES,1,BUENOS AIRES
loc_75,75,CAMPO CRISOL,1,BUENOS AIRES
loc_77,77,EL NACIONAL,1,BUENOS AIRES
loc_78,78,LA DELIA,1,BUENOS AIRES
loc_79,79,LA NELIDA,1,BUENOS AIRES
loc_81,81,TODD,1,BUENOS AIRES
loc_82,82,VILLA SANGUINETTI,1,BUENOS AIRES
loc_84,84,25 DE MAYO,1,BUENOS AIRES
loc_85,85,AGUSTIN MOSCONI,1,BUENOS AIRES
loc_86,86,ARAUJO,1,BUENOS AIRES
loc_88,88,COLONIA INCHAUSTI,1,BUENOS AIRES
loc_89,89,DEL VALLE,1,BUENOS AIRES
loc_90,90,DESVIO GARBARINI,1,BUENOS AIRES
loc_91,91,ERNESTINA,1,BUENOS AIRES
loc_92,92,ESCUELA AGRICOLA SALESIANA,1,BUENOS AIRES
loc_93,93,GOBERNADOR UGARTE,1,BUENOS AIRES
loc_94,94,HUETEL,1,BUENOS AIRES
loc_95,95,ISLAS,1,BUENOS AIRES
loc_96,96,JUAN VELA,1,BUENOS AIRES
loc_97,97,LA GLORIA,1,BUENOS AIRES
loc_98,98,LA RABIA,1,BUENOS AIRES
loc_99,99,LA RUBIA,1,BUENOS AIRES
loc_100,100,LA TRIBU,1,BUENOS AIRES
loc_101,101,LAGUNA LAS MULITAS,1,BUENOS AIRES
loc_102,102,LUCAS MONTEVERDE,1,BUENOS AIRES
loc_103,103,MAMAGUITA,1,BUENOS AIRES
loc_104,104,MARTIN BERRAONDO,1,BUENOS AIRES
loc_105,105,NORBERTO DE LA RIESTRA,1,BUENOS AIRES
loc_106,106,ORTIZ DE ROSAS,1,BUENOS AIRES
loc_107,107,PEDERNALES,1,BUENOS AIRES
loc_108,108,PUEBLITOS,1,BUENOS AIRES
loc_109,109,SAN ENRIQUE,1,BUENOS AIRES
loc_110,110,SAN JOSE,1,BUENOS AIRES
loc_111,111,SANTIAGO GARBARINI,1,BUENOS AIRES
loc_112,112,VALDEZ,1,BUENOS AIRES
loc_113,113,ARENAZA,1,BUENOS AIRES
loc_114,114,BALSA,1,BUENOS AIRES
loc_115,115,BAYAUCA,1,BUENOS AIRES
loc_116,116,BERMUDEZ,1,BUENOS AIRES
loc_117,117,CARLOS SALAS,1,BUENOS AIRES
loc_119,119,EL TRIUNFO,1,BUENOS AIRES
loc_120,120,ESTACION LINCOLN,1,BUENOS AIRES
loc_121,121,ESTANCIA MITIKILI,1,BUENOS AIRES
loc_122,122,ESTANCIA SAN ANTONIO,1,BUENOS AIRES
loc_123,123,FORTIN VIGILANCIA,1,BUENOS AIRES
loc_124,124,HARAS TRUJUI,1,BUENOS AIRES
loc_125,125,KILOMETRO 321,1,BUENOS AIRES
loc_126,126,KILOMETRO 322,1,BUENOS AIRES
loc_127,127,KILOMETRO 352,1,BUENOS AIRES
loc_128,128,KILOMETRO 356,1,BUENOS AIRES
loc_129,129,LA PRADERA,1,BUENOS AIRES
loc_131,131,LAS TOSCAS,1,BUENOS AIRES
loc_132,132,LINCOLN,1,BUENOS AIRES
loc_133,133,LOS ALTOS,1,BUENOS AIRES
loc_134,134,PASTEUR,1,BUENOS AIRES
loc_135,135,PUEBLO MARTINEZ DE HOZ,1,BUENOS AIRES
loc_136,136,ROBERTS,1,BUENOS AIRES
loc_137,137,SANTA MARIA,1,BUENOS AIRES
loc_138,138,TRIUNVIRATO,1,BUENOS AIRES
loc_139,139,VIGELENCIA,1,BUENOS AIRES
loc_140,140,BELLA VISTA,1,BUENOS AIRES
loc_141,141,CAMPO DE MAYO,1,BUENOS AIRES
loc_143,143,SAN MIGUEL,1,BUENOS AIRES
loc_144,144,ABBOTT,1,BUENOS AIRES
loc_145,145,CAMPO FUNKE,1,BUENOS AIRES
loc_146,146,EL SIASGO,1,BUENOS AIRES
loc_147,147,FRANCISCO BERRA,1,BUENOS AIRES
loc_148,148,FUNKE,1,BUENOS AIRES
loc_149,149,GOYENECHE,1,BUENOS AIRES
loc_150,150,GUARDIA DEL MONTE,1,BUENOS AIRES
loc_151,151,KILOMETRO 128,1,BUENOS AIRES
loc_152,152,KILOMETRO 88,1,BUENOS AIRES
loc_153,153,LOS CERRILLOS,1,BUENOS AIRES
loc_154,154,LOS EUCALIPTOS,1,BUENOS AIRES
loc_155,155,SAN MIGUEL DEL MONTE,1,BUENOS AIRES
loc_156,156,ZENON VIDELA DORNA,1,BUENOS AIRES
loc_157,157,AZCUENAGA,1,BUENOS AIRES
loc_158,158,CUCULLU,1,BUENOS AIRES
loc_159,159,ESPORA,1,BUENOS AIRES
loc_160,160,FRANKLIN,1,BUENOS AIRES
loc_161,161,HEAVY,1,BUENOS AIRES
loc_162,162,KILOMETRO 108,1,BUENOS AIRES
loc_163,163,KILOMETRO 125,1,BUENOS AIRES
loc_164,164,LA FLORIDA,1,BUENOS AIRES
loc_165,165,RUIZ SOLIS,1,BUENOS AIRES
loc_167,167,SAN ANDRES DE GILES,1,BUENOS AIRES
loc_168,168,SOLIS,1,BUENOS AIRES
loc_169,169,TUYUTI,1,BUENOS AIRES
loc_170,170,VILLA ESPIL,1,BUENOS AIRES
loc_171,171,VILLA RUIZ,1,BUENOS AIRES
loc_172,172,VILLA SAN ALBERTO,1,BUENOS AIRES
loc_173,173,12 DE OCTUBRE,1,BUENOS AIRES
loc_174,174,9 DE JULIO,1,BUENOS AIRES
loc_175,175,ALFREDO DEMARCHI,1,BUENOS AIRES
loc_176,176,AMALIA,1,BUENOS AIRES
loc_177,177,BACACAY,1,BUENOS AIRES
loc_178,178,BARRIO JULIO DE VEDIA,1,BUENOS AIRES
loc_179,179,CAMBACERES,1,BUENOS AIRES
loc_180,180,CARLOS MARIA NAON,1,BUENOS AIRES
loc_181,181,COLONIA LAS YESCAS,1,BUENOS AIRES
loc_182,182,CORBETT,1,BUENOS AIRES
loc_183,183,DENNEHY,1,BUENOS AIRES
loc_184,184,DESVIO KILOMETRO 234,1,BUENOS AIRES
loc_185,185,DUDIGNAC,1,BUENOS AIRES
loc_186,186,EL JABALI,1,BUENOS AIRES
loc_187,187,EL TEJAR,1,BUENOS AIRES
loc_188,188,ESTACION PROVINCIAL,1,BUENOS AIRES
loc_189,189,FAUZON,1,BUENOS AIRES
loc_190,190,FRENCH,1,BUENOS AIRES
loc_191,191,GALO LLORENTE,1,BUENOS AIRES
loc_192,192,GERENTE CILLEY,1,BUENOS AIRES
loc_193,193,INGENIERO DE MADRID,1,BUENOS AIRES
loc_194,194,LA ADELA,1,BUENOS AIRES
loc_195,195,LA AURORA,1,BUENOS AIRES
loc_197,197,LA YESCA,1,BUENOS AIRES
loc_198,198,LAGUNA DEL CURA,1,BUENOS AIRES
loc_199,199,LAS NEGRAS,1,BUENOS AIRES
loc_200,200,LAS ROSAS,1,BUENOS AIRES
loc_201,201,MOREA,1,BUENOS AIRES
loc_202,202,MULCAHY,1,BUENOS AIRES
loc_203,203,NORUMBEGA,1,BUENOS AIRES
loc_204,204,PATRICIOS,1,BUENOS AIRES
loc_205,205,QUIROGA,1,BUENOS AIRES
loc_206,206,RAMON J NEILD,1,BUENOS AIRES
loc_207,207,REGINALDO J NEILD,1,BUENOS AIRES
loc_208,208,SAN JUAN,1,BUENOS AIRES
loc_209,209,SANTOS UNZUE,1,BUENOS AIRES
loc_210,210,TROPEZON,1,BUENOS AIRES
loc_211,211,VILLA DIAMANTINA,1,BUENOS AIRES
loc_212,212,ABEL,1,BUENOS AIRES
loc_213,213,ALAGON,1,BUENOS AIRES
loc_215,215,ANCON,1,BUENOS AIRES
loc_216,216,ASTURIAS,1,BUENOS AIRES
loc_217,217,BARRIO OBRERO,1,BUENOS AIRES
loc_219,219,CAPITAN CASTRO,1,BUENOS AIRES
loc_220,220,CHICLANA,1,BUENOS AIRES
loc_221,221,EL RECADO,1,BUENOS AIRES
loc_222,222,EL SANTIAGO,1,BUENOS AIRES
loc_223,223,FRANCISCO MADERO,1,BUENOS AIRES
loc_224,224,GIRONDO,1,BUENOS AIRES
loc_225,225,GNECCO,1,BUENOS AIRES
loc_226,226,GUANACO,1,BUENOS AIRES
loc_227,227,INOCENCIO SOSA,1,BUENOS AIRES
loc_228,228,JUAN JOSE PASO,1,BUENOS AIRES
loc_229,229,LA COTORRA,1,BUENOS AIRES
loc_230,230,LARRAMENDY,1,BUENOS AIRES
loc_231,231,LAS JUANITAS,1,BUENOS AIRES
loc_232,232,MAGDALA,1,BUENOS AIRES
loc_233,233,MONES CAZON,1,BUENOS AIRES
loc_234,234,NUEVA PLATA,1,BUENOS AIRES
loc_235,235,PEDRO GAMEN,1,BUENOS AIRES
loc_236,236,PEHUAJO,1,BUENOS AIRES
loc_237,237,PUEBLO SAN ESTEBAN,1,BUENOS AIRES
loc_238,238,ROVIRA,1,BUENOS AIRES
loc_239,239,SAN BERNARDO,1,BUENOS AIRES
loc_240,240,SANTA CECILIA CENTRO,1,BUENOS AIRES
loc_241,241,SANTA CECILIA NORTE,1,BUENOS AIRES
loc_242,242,SANTA CECILIA SUD,1,BUENOS AIRES
loc_243,243,ASAMBLEA,1,BUENOS AIRES
loc_244,244,BRAGADO,1,BUENOS AIRES
loc_245,245,COLONIA SAN EDUARDO,1,BUENOS AIRES
loc_246,246,COMODORO PY,1,BUENOS AIRES
loc_247,247,GENERAL O BRIEN,1,BUENOS AIRES
loc_248,248,IRALA,1,BUENOS AIRES
loc_249,249,LA LIMPIA,1,BUENOS AIRES
loc_250,250,LA MARIA,1,BUENOS AIRES
loc_251,251,MAXIMO FERNANDEZ,1,BUENOS AIRES
loc_252,252,MECHA,1,BUENOS AIRES
loc_253,253,MECHITA,1,BUENOS AIRES
loc_254,254,OLASCOAGA,1,BUENOS AIRES
loc_255,255,WARNES,1,BUENOS AIRES
loc_256,256,17 DE AGOSTO,1,BUENOS AIRES
loc_257,257,ADELA SAENZ,1,BUENOS AIRES
loc_258,258,ALDEA SAN ANDRES,1,BUENOS AIRES
loc_259,259,AZOPARDO,1,BUENOS AIRES
loc_260,260,BORDENAVE,1,BUENOS AIRES
loc_261,261,COLONIA DR GDOR UDAONDO,1,BUENOS AIRES
loc_262,262,COLONIA EL PINCEN,1,BUENOS AIRES
loc_263,263,COLONIA HIPOLITO YRIGOYEN,1,BUENOS AIRES
loc_264,264,COLONIA LA CATALINA,1,BUENOS AIRES
loc_265,265,COLONIA LA VASCONGADA,1,BUENOS AIRES
loc_266,266,COLONIA SANTA ROSA,1,BUENOS AIRES
loc_267,267,DARREGUEIRA,1,BUENOS AIRES
loc_268,268,DESVIO SAN ALEJO,1,BUENOS AIRES
loc_269,269,EMPALME PIEDRA ECHADA,1,BUENOS AIRES
loc_270,270,ERIZE,1,BUENOS AIRES
loc_271,271,ESTELA,1,BUENOS AIRES
loc_272,272,FELIPE SOLA,1,BUENOS AIRES
loc_273,273,GENERAL RONDEAU,1,BUENOS AIRES
loc_274,274,LA CELINA,1,BUENOS AIRES
loc_275,275,LA COLORADA CHICA,1,BUENOS AIRES
loc_276,276,LA EVA,1,BUENOS AIRES
loc_277,277,LA POCHOLA,1,BUENOS AIRES
loc_278,278,LA ROSALIA,1,BUENOS AIRES
loc_279,279,LA SOMBRA,1,BUENOS AIRES
loc_280,280,LA VASCONGADA,1,BUENOS AIRES
loc_281,281,LOPEZ LECUBE,1,BUENOS AIRES
loc_282,282,PIEDRA ANCHA,1,BUENOS AIRES
loc_283,283,PUAN,1,BUENOS AIRES
loc_284,284,RIVADEO,1,BUENOS AIRES
loc_285,285,SAN ANDRES,1,BUENOS AIRES
loc_286,286,SAN EMILIO,1,BUENOS AIRES
loc_287,287,SAN GERMAN,1,BUENOS AIRES
loc_288,288,SAN JOSE,1,BUENOS AIRES
loc_289,289,TRES CUERVOS,1,BUENOS AIRES
loc_290,290,VIBORAS,1,BUENOS AIRES
loc_291,291,VILLA IRIS,1,BUENOS AIRES
loc_292,292,BANFIELD,1,BUENOS AIRES
loc_293,293,LLAVALLOL,1,BUENOS AIRES
loc_294,294,LOMAS DE ZAMORA,1,BUENOS AIRES
loc_295,295,TEMPERLEY,1,BUENOS AIRES
loc_296,296,TURDERA,1,BUENOS AIRES
loc_297,297,HURLINGHAM,1,BUENOS AIRES
loc_298,298,VILLA SANTOS TESEI,1,BUENOS AIRES
loc_299,299,ANTONIO CARBONI,1,BUENOS AIRES
loc_300,300,AREVALO,1,BUENOS AIRES
loc_301,301,EL ARAZA,1,BUENOS AIRES
loc_302,302,ELVIRA,1,BUENOS AIRES
loc_303,303,EMPALME LOBOS,1,BUENOS AIRES
loc_304,304,KILOMETRO 112,1,BUENOS AIRES
loc_305,305,KILOMETRO 88,1,BUENOS AIRES
loc_306,306,LA ADELAIDA,1,BUENOS AIRES
loc_308,308,LAGUNA DE LOBOS,1,BUENOS AIRES
loc_309,309,LAS CHACRAS,1,BUENOS AIRES
loc_310,310,LOBOS,1,BUENOS AIRES
loc_311,311,SALVADOR MARIA,1,BUENOS AIRES
loc_312,312,SANTA ALICIA,1,BUENOS AIRES
loc_313,313,SANTA FELICIA,1,BUENOS AIRES
loc_314,314,ZAPIOLA,1,BUENOS AIRES
loc_315,315,BOLIVAR,1,BUENOS AIRES
loc_316,316,EL PORVENIR,1,BUENOS AIRES
loc_317,317,HALE,1,BUENOS AIRES
loc_318,318,JUAN F IBARRA,1,BUENOS AIRES
loc_319,319,LA PERLA,1,BUENOS AIRES
loc_320,320,LA TORRECITA,1,BUENOS AIRES
loc_321,321,MARIANO UNZUE,1,BUENOS AIRES
loc_323,323,PARAJE MIRAMAR,1,BUENOS AIRES
loc_324,324,PAULA,1,BUENOS AIRES
loc_325,325,PIROVANO,1,BUENOS AIRES
loc_326,326,SAN ANDRES,1,BUENOS AIRES
loc_327,327,URDAMPILLETA,1,BUENOS AIRES
loc_328,328,VALLIMANCA,1,BUENOS AIRES
loc_329,329,VILLA LYNCH PUEYRREDON,1,BUENOS AIRES
loc_330,330,VILLA SANZ,1,BUENOS AIRES
loc_331,331,4 DE NOVIEMBRE,1,BUENOS AIRES
loc_332,332,CARABELAS,1,BUENOS AIRES
loc_333,333,COLONIA LA BEBA,1,BUENOS AIRES
loc_334,334,EL JAGUEL,1,BUENOS AIRES
loc_335,335,GUIDO SPANO,1,BUENOS AIRES
loc_336,336,HARAS SAN JACINTO,1,BUENOS AIRES
loc_337,337,HUNTER,1,BUENOS AIRES
loc_338,338,KILOMETRO 36,1,BUENOS AIRES
loc_339,339,LA BEBA,1,BUENOS AIRES
loc_340,340,LA NACION,1,BUENOS AIRES
loc_341,341,LAS SALADAS,1,BUENOS AIRES
loc_342,342,LOS INDIOS,1,BUENOS AIRES
loc_343,343,PIRUCO,1,BUENOS AIRES
loc_344,344,PLUMACHO,1,BUENOS AIRES
loc_345,345,RAFAEL OBLIGADO,1,BUENOS AIRES
loc_346,346,ROBERTO CANO,1,BUENOS AIRES
loc_347,347,ROJAS,1,BUENOS AIRES
loc_348,348,SOL DE MAYO,1,BUENOS AIRES
loc_349,349,VILLA PROGRESO,1,BUENOS AIRES
loc_350,350,CARILO,1,BUENOS AIRES
loc_351,351,MONTECARLO,1,BUENOS AIRES
loc_352,352,OSTENDE,1,BUENOS AIRES
loc_353,353,PARQUE CARILO,1,BUENOS AIRES
loc_354,354,PINAMAR,1,BUENOS AIRES
loc_355,355,VALERIA DEL MAR,1,BUENOS AIRES
loc_356,356,ACHUPALLAS,1,BUENOS AIRES
loc_357,357,ALBERTI,1,BUENOS AIRES
loc_358,358,ANDERSON,1,BUENOS AIRES
loc_359,359,ANDRES VACCAREZZA,1,BUENOS AIRES
loc_360,360,BAUDRIX,1,BUENOS AIRES
loc_361,361,COLONIA PALANTELEN,1,BUENOS AIRES
loc_362,362,COLONIA ZAMBUNGO,1,BUENOS AIRES
loc_363,363,CORONEL MON,1,BUENOS AIRES
loc_364,364,CORONEL SEGUI,1,BUENOS AIRES
loc_365,365,EMITA,1,BUENOS AIRES
loc_366,366,GRISOLIA,1,BUENOS AIRES
loc_367,367,LARREA,1,BUENOS AIRES
loc_368,368,PALANTELEN,1,BUENOS AIRES
loc_369,369,PLA,1,BUENOS AIRES
loc_370,370,PRESIDENTE QUINTANA,1,BUENOS AIRES
loc_371,371,SAN JOSE,1,BUENOS AIRES
loc_372,372,VILLA MARIA,1,BUENOS AIRES
loc_373,373,VILLA ORTIZ,1,BUENOS AIRES
loc_374,374,SAN FERNANDO,1,BUENOS AIRES
loc_375,375,VICTORIA,1,BUENOS AIRES
loc_376,376,VIRREYES,1,BUENOS AIRES
loc_377,377,ZONA DELTA SAN FERNANDO,1,BUENOS AIRES
loc_378,378,ALMIRANTE IRIZAR,1,BUENOS AIRES
loc_379,379,BARRIO SAN ALEJO,1,BUENOS AIRES
loc_380,380,DEL VISO,1,BUENOS AIRES
loc_381,381,EMPALME,1,BUENOS AIRES
loc_382,382,ESTABLECIMIENTO SAN MIGUEL,1,BUENOS AIRES
loc_383,383,FATIMA ESTACION EMPALME,1,BUENOS AIRES
loc_384,384,KILOMETRO 45,1,BUENOS AIRES
loc_385,385,KILOMETRO 61,1,BUENOS AIRES
loc_386,386,MANUEL ALBERTI,1,BUENOS AIRES
loc_387,387,MANZANARES,1,BUENOS AIRES
loc_388,388,MANZONE,1,BUENOS AIRES
loc_389,389,PILAR,1,BUENOS AIRES
loc_390,390,PRESIDENTE DERQUI,1,BUENOS AIRES
loc_391,391,TORO,1,BUENOS AIRES
loc_392,392,VILLA AGUEDA,1,BUENOS AIRES
loc_393,393,VILLA ASTOLFI,1,BUENOS AIRES
loc_394,394,VILLA BUIDE,1,BUENOS AIRES
loc_395,395,VILLA ROSA,1,BUENOS AIRES
loc_396,396,VILLA SANTA MARIA,1,BUENOS AIRES
loc_397,397,VILLA VERDE,1,BUENOS AIRES
loc_398,398,ZELAYA,1,BUENOS AIRES
loc_399,399,CARAPACHAY,1,BUENOS AIRES
loc_400,400,FLORIDA,1,BUENOS AIRES
loc_401,401,FLORIDA OESTE,1,BUENOS AIRES
loc_402,402,LA LUCILA,1,BUENOS AIRES
loc_403,403,MUNRO,1,BUENOS AIRES
loc_404,404,OLIVOS,1,BUENOS AIRES
loc_405,405,VICENTE LOPEZ,1,BUENOS AIRES
loc_406,406,VILLA MARTELLI,1,BUENOS AIRES
loc_407,407,20 DE JUNIO,1,BUENOS AIRES
loc_408,408,ALDO BONZI,1,BUENOS AIRES
loc_409,409,CIUDAD EVITA,1,BUENOS AIRES
loc_410,410,CIUDAD MADERO,1,BUENOS AIRES
loc_411,411,GONZALEZ CATAN,1,BUENOS AIRES
loc_412,412,GREGORIO DE LAFERRERE,1,BUENOS AIRES
loc_413,413,ISIDRO CASANOVA,1,BUENOS AIRES
loc_414,414,LA SALADA,1,BUENOS AIRES
loc_415,415,LOMAS DEL MIRADOR,1,BUENOS AIRES
loc_416,416,MERCADO CENTRAL,1,BUENOS AIRES
loc_417,417,RAFAEL CASTILLO,1,BUENOS AIRES
loc_418,418,RAMOS MEJIA,1,BUENOS AIRES
loc_419,419,SAN JUSTO,1,BUENOS AIRES
loc_420,420,TABLADA,1,BUENOS AIRES
loc_421,421,TAPIALES,1,BUENOS AIRES
loc_422,422,VILLA INSUPERABLE,1,BUENOS AIRES
loc_423,423,VILLA LUZURIAGA,1,BUENOS AIRES
loc_424,424,VIRREY DEL PINO,1,BUENOS AIRES
loc_425,425,BARRIO BATAN,1,BUENOS AIRES
loc_426,426,BARRIO CHAPADMALAL,1,BUENOS AIRES
loc_427,427,BARRIO EMIR RAMON JUAREZ,1,BUENOS AIRES
loc_428,428,BARRIO GASTRONOMICO,1,BUENOS AIRES
loc_429,429,BARRIO PUEBLO NUEVO,1,BUENOS AIRES
loc_430,430,BARRIO TIERRA DE ORO,1,BUENOS AIRES
loc_431,431,BARRIO TIRO FEDERAL,1,BUENOS AIRES
loc_432,432,CAMET,1,BUENOS AIRES
loc_433,433,COLONIA DE VAC CHAPADMALAL,1,BUENOS AIRES
loc_434,434,EL BOQUERON,1,BUENOS AIRES
loc_435,435,EL SOLDADO,1,BUENOS AIRES
loc_436,436,HARAS CHAPADMALAL,1,BUENOS AIRES
loc_437,437,LA PEREGRINA,1,BUENOS AIRES
loc_438,438,LAGUNA DE LOS PADRES,1,BUENOS AIRES
loc_439,439,LAGUNA DEL SOLDADO,1,BUENOS AIRES
loc_440,440,LOS ORTIZ,1,BUENOS AIRES
loc_441,441,MAR DEL PLATA,1,BUENOS AIRES
loc_442,442,PLAYA CHAPADMALAL,1,BUENOS AIRES
loc_443,443,SIERRA DE LOS PADRES,1,BUENOS AIRES
loc_444,444,UNIDAD TURISTICA CHAPADMALAL,1,BUENOS AIRES
loc_445,445,VILLA VIGNOLO,1,BUENOS AIRES
loc_446,446,GERLI,1,BUENOS AIRES
loc_447,447,LANUS,1,BUENOS AIRES
loc_448,448,MONTE CHINGOLO,1,BUENOS AIRES
loc_449,449,REMEDIOS DE ESCALADA,1,BUENOS AIRES
loc_450,450,VALENTIN ALSINA,1,BUENOS AIRES
loc_451,451,ADOLFO GONZALES CHAVES,1,BUENOS AIRES
loc_452,452,ALZAGA,1,BUENOS AIRES
loc_453,453,DE LA GARMA,1,BUENOS AIRES
loc_454,454,EL LUCERO,1,BUENOS AIRES
loc_455,455,JUAN E BARRA,1,BUENOS AIRES
loc_456,456,PEDRO LASALLE,1,BUENOS AIRES
loc_457,457,VASQUEZ,1,BUENOS AIRES
loc_458,458,ALGARROBO,1,BUENOS AIRES
loc_459,459,ARROYO BURGOS,1,BUENOS AIRES
loc_460,460,COLONIA VELEZ,1,BUENOS AIRES
loc_461,461,DOYLE,1,BUENOS AIRES
loc_462,462,EL DESCANSO,1,BUENOS AIRES
loc_463,463,EL ESPINILLO,1,BUENOS AIRES
loc_464,464,GOBERNADOR CASTRO,1,BUENOS AIRES
loc_465,465,INGENIERO MONETA,1,BUENOS AIRES
loc_466,466,KILOMETRO 172,1,BUENOS AIRES
loc_467,467,KILOMETRO 184,1,BUENOS AIRES
loc_468,468,LA BOLSA,1,BUENOS AIRES
loc_469,469,LA BUANA MOZA,1,BUENOS AIRES
loc_470,470,LA MATILDE,1,BUENOS AIRES
loc_471,471,LAS FLORES,1,BUENOS AIRES
loc_472,472,OLIVEIRA CESAR,1,BUENOS AIRES
loc_473,473,PARADA KILOMETRO 158,1,BUENOS AIRES
loc_474,474,RIO TALA,1,BUENOS AIRES
loc_475,475,RUTA 9 KILOMETRO 169 5,1,BUENOS AIRES
loc_476,476,SAN PEDRO,1,BUENOS AIRES
loc_477,477,SANTA LUCIA,1,BUENOS AIRES
loc_478,478,VILLA DEPIETRI,1,BUENOS AIRES
loc_479,479,VILLA IGOLLO,1,BUENOS AIRES
loc_480,480,VILLA LEANDRA,1,BUENOS AIRES
loc_481,481,VILLA SARITA,1,BUENOS AIRES
loc_482,482,VILLA TERESA,1,BUENOS AIRES
loc_483,483,VILLAIGRILLO,1,BUENOS AIRES
loc_484,484,VUELTA DE OBLIGADO,1,BUENOS AIRES
loc_485,485,ACEILAN,1,BUENOS AIRES
loc_486,486,CANTERA AGUIRRE,1,BUENOS AIRES
loc_487,487,CANTERA ALBION,1,BUENOS AIRES
loc_488,488,CANTERA LA AURORA,1,BUENOS AIRES
loc_489,489,CANTERA LA FEDERACION,1,BUENOS AIRES
loc_490,490,CANTERA LA MOVEDIZA,1,BUENOS AIRES
loc_491,491,CANTERA MONTE CRISTO,1,BUENOS AIRES
loc_492,492,CANTERA SAN LUIS,1,BUENOS AIRES
loc_493,493,CERRO DE LOS LEONES,1,BUENOS AIRES
loc_494,494,DE LA CANAL,1,BUENOS AIRES
loc_495,495,DESVIO AGUIRRE,1,BUENOS AIRES
loc_496,496,EL GALLO,1,BUENOS AIRES
loc_497,497,EMPALME CERRO CHATO,1,BUENOS AIRES
loc_498,498,FULTON,1,BUENOS AIRES
loc_499,499,GARDEY,1,BUENOS AIRES
loc_500,500,IRAOLA,1,BUENOS AIRES
loc_501,501,LA AURORA,1,BUENOS AIRES
loc_502,502,LA AZOTEA,1,BUENOS AIRES
loc_503,503,LA AZUCENA,1,BUENOS AIRES
loc_504,504,LA NUMANCIA,1,BUENOS AIRES
loc_505,505,LA PASTORA,1,BUENOS AIRES
loc_506,506,LOS LEONES,1,BUENOS AIRES
loc_507,507,MARIA IGNACIA,1,BUENOS AIRES
loc_508,508,SAN PASCUAL,1,BUENOS AIRES
loc_509,509,TANDIL,1,BUENOS AIRES
loc_510,510,VELA,1,BUENOS AIRES
loc_511,511,VILLA DAZA,1,BUENOS AIRES
loc_512,512,VILLA DUFAU,1,BUENOS AIRES
loc_513,513,VILLA GALICIA,1,BUENOS AIRES
loc_514,514,VILLA ITALIA,1,BUENOS AIRES
loc_515,515,VILLA LAZA,1,BUENOS AIRES
loc_516,516,ADROGUE,1,BUENOS AIRES
loc_517,517,BURZACO,1,BUENOS AIRES
loc_518,518,CLAYPOLE,1,BUENOS AIRES
loc_519,519,GLEW,1,BUENOS AIRES
loc_520,520,JOSE MARMOL,1,BUENOS AIRES
loc_521,521,LONGCHAMPS,1,BUENOS AIRES
loc_522,522,MALVINAS ARGENTINAS,1,BUENOS AIRES
loc_523,523,MINISTRO RIVADAVIA,1,BUENOS AIRES
loc_524,524,RAFAEL CALZADA,1,BUENOS AIRES
loc_525,525,SAN FRANCISCO SOLANO,1,BUENOS AIRES
loc_526,526,SAN JOSE,1,BUENOS AIRES
loc_527,527,ALSINA,1,BUENOS AIRES
loc_528,528,BARADERO,1,BUENOS AIRES
loc_529,529,EL SILENCIO,1,BUENOS AIRES
loc_530,530,ESTACION BARADERO,1,BUENOS AIRES
loc_531,531,ESTANCIA SANTA CATALINA,1,BUENOS AIRES
loc_532,532,IRENEO PORTELA,1,BUENOS AIRES
loc_533,533,ISLA LOS LAURELES,1,BUENOS AIRES
loc_534,534,PANAME,1,BUENOS AIRES
loc_535,535,SANTA COLOMA,1,BUENOS AIRES
loc_536,536,BATHURST ESTACION,1,BUENOS AIRES
loc_537,537,CASCADA,1,BUENOS AIRES
loc_538,538,CORONEL SUAREZ,1,BUENOS AIRES
loc_539,539,CURA MALAL,1,BUENOS AIRES
loc_540,540,D ORBIGNY,1,BUENOS AIRES
loc_541,541,HUANGUELEN,1,BUENOS AIRES
loc_542,542,LA PRIMAVERA,1,BUENOS AIRES
loc_543,543,OMBU,1,BUENOS AIRES
loc_545,545,PARAJE SANTA ANA,1,BUENOS AIRES
loc_546,546,PASMAN,1,BUENOS AIRES
loc_548,548,PUEBLO SAN JOSE,1,BUENOS AIRES
loc_549,549,PUEBLO SANTA MARIA,1,BUENOS AIRES
loc_551,551,SANTA TRINIDAD,1,BUENOS AIRES
loc_552,552,SAUCE CORTO,1,BUENOS AIRES
loc_553,553,VILLA ARCADIA,1,BUENOS AIRES
loc_554,554,ZENTENA,1,BUENOS AIRES
loc_555,555,ZOILO PERALTA,1,BUENOS AIRES
loc_556,556,30 DE AGOSTO,1,BUENOS AIRES
loc_557,557,BARRIO INDIO TROMPA,1,BUENOS AIRES
loc_558,558,BERUTI,1,BUENOS AIRES
loc_559,559,CORAZZI,1,BUENOS AIRES
loc_560,560,DUHAU,1,BUENOS AIRES
loc_561,561,FRANCISCO DE VITORIA,1,BUENOS AIRES
loc_562,562,FRANCISCO MAGNANO,1,BUENOS AIRES
loc_563,563,GARRE,1,BUENOS AIRES
loc_564,564,GIRODIAS,1,BUENOS AIRES
loc_565,565,LA CARRETA,1,BUENOS AIRES
loc_566,566,LA MARGARITA,1,BUENOS AIRES
loc_568,568,LA ZANJA,1,BUENOS AIRES
loc_569,569,LAGUNA REDONDA,1,BUENOS AIRES
loc_570,570,LAS GUASQUITAS,1,BUENOS AIRES
loc_571,571,LERTORA,1,BUENOS AIRES
loc_572,572,MARI LAUQUEN,1,BUENOS AIRES
loc_573,573,MARTIN FIERRO,1,BUENOS AIRES
loc_574,574,PRIMERA JUNTA,1,BUENOS AIRES
loc_575,575,SAN RAMON,1,BUENOS AIRES
loc_576,576,SANTA INES,1,BUENOS AIRES
loc_577,577,TRENQUE LAUQUEN,1,BUENOS AIRES
loc_578,578,TRONGE,1,BUENOS AIRES
loc_579,579,VILLA BRANDA,1,BUENOS AIRES
loc_580,580,ALTAMIRANO,1,BUENOS AIRES
loc_581,581,BARRIO LA DOLLY,1,BUENOS AIRES
loc_582,582,BARRIO LAS MANDARINAS,1,BUENOS AIRES
loc_583,583,CAMINERA SAMBOROMBON,1,BUENOS AIRES
loc_584,584,CAMPO LOPE SECO,1,BUENOS AIRES
loc_585,585,CORONEL BRANDSEN,1,BUENOS AIRES
loc_586,586,DESVIO KILOMETRO 55,1,BUENOS AIRES
loc_587,587,DOYHENARD,1,BUENOS AIRES
loc_588,588,GOBERNADOR OBLIGADO,1,BUENOS AIRES
loc_589,589,GOMEZ,1,BUENOS AIRES
loc_590,590,GOMEZ  DE LA VEGA,1,BUENOS AIRES
loc_591,591,JEPPENER,1,BUENOS AIRES
loc_592,592,KILOMETRO 44,1,BUENOS AIRES
loc_593,593,KILOMETRO 58,1,BUENOS AIRES
loc_594,594,KILOMETRO 82,1,BUENOS AIRES
loc_595,595,LA POSADA,1,BUENOS AIRES
loc_596,596,OLIDEN,1,BUENOS AIRES
loc_597,597,SAMBOROMBON,1,BUENOS AIRES
loc_598,598,ALEGRE,1,BUENOS AIRES
loc_599,599,CANCHA DEL POLLO,1,BUENOS AIRES
loc_600,600,CUARTEL 2,1,BUENOS AIRES
loc_601,601,DANTAS,1,BUENOS AIRES
loc_602,602,ESPARTILLAR,1,BUENOS AIRES
loc_603,603,ESTANCIA VIEJA,1,BUENOS AIRES
loc_604,604,KILOMETRO 70,1,BUENOS AIRES
loc_605,605,LOMA VERDE,1,BUENOS AIRES
loc_606,606,LOS MERINOS,1,BUENOS AIRES
loc_607,607,RANCHOS,1,BUENOS AIRES
loc_608,608,RINCON DE VIVOT,1,BUENOS AIRES
loc_609,609,VILLANUEVA,1,BUENOS AIRES
loc_610,610,EL DURAZNO,1,BUENOS AIRES
loc_611,611,ENRIQUE FYNN,1,BUENOS AIRES
loc_612,612,GENERAL HORNOS,1,BUENOS AIRES
loc_613,613,GENERAL LAS HERAS,1,BUENOS AIRES
loc_614,614,HORNOS,1,BUENOS AIRES
loc_615,615,KILOMETRO 77,1,BUENOS AIRES
loc_616,616,KILOMETRO 79,1,BUENOS AIRES
loc_617,617,LA CHOZA,1,BUENOS AIRES
loc_618,618,LOZANO,1,BUENOS AIRES
loc_619,619,PARADA KILOMETRO 76,1,BUENOS AIRES
loc_620,620,PLOMER,1,BUENOS AIRES
loc_621,621,SPERATTI,1,BUENOS AIRES
loc_622,622,VILLARS,1,BUENOS AIRES
loc_623,623,ANEQUE GRANDE,1,BUENOS AIRES
loc_624,624,ARROYO CHICO,1,BUENOS AIRES
loc_625,625,BALNEARIO LOS ANGELES,1,BUENOS AIRES
loc_626,626,CLARAZ,1,BUENOS AIRES
loc_627,627,EL PITO,1,BUENOS AIRES
loc_628,628,ENERGIA,1,BUENOS AIRES
loc_629,629,HARAS LA LULA,1,BUENOS AIRES
loc_630,630,HOSPITAL NECOCHEA,1,BUENOS AIRES
loc_631,631,JUAN N FERNANDEZ,1,BUENOS AIRES
loc_632,632,LA DULCE,1,BUENOS AIRES
loc_633,633,LA NEGRA,1,BUENOS AIRES
loc_634,634,LA PRIMITIVA,1,BUENOS AIRES
loc_635,635,LUMB,1,BUENOS AIRES
loc_636,636,MEDANO BLANCO,1,BUENOS AIRES
loc_637,637,NECOCHEA,1,BUENOS AIRES
loc_638,638,NICANOR OLIVERA,1,BUENOS AIRES
loc_639,639,PUERTO NECOCHEA,1,BUENOS AIRES
loc_640,640,QUEQUEN,1,BUENOS AIRES
loc_641,641,RAMON SANTAMARINA,1,BUENOS AIRES
loc_642,642,SAN CALA,1,BUENOS AIRES
loc_643,643,SAN JOSE,1,BUENOS AIRES
loc_644,644,VALENZUELA ANTON,1,BUENOS AIRES
loc_645,645,VILLA DIAZ VELEZ,1,BUENOS AIRES
loc_646,646,VILLA PUERTO QUEQUEN,1,BUENOS AIRES
loc_647,647,ACEVEDO,1,BUENOS AIRES
loc_648,648,AGUAS CORRIENTES,1,BUENOS AIRES
loc_649,649,ALMACEN CASTRO,1,BUENOS AIRES
loc_650,650,ALMACEN PIATTI,1,BUENOS AIRES
loc_651,651,BARRIO TROCHA,1,BUENOS AIRES
loc_652,652,CABO SAN FERMIN,1,BUENOS AIRES
loc_654,654,CAMPO BUENA VISTA,1,BUENOS AIRES
loc_655,655,CHACRA EXPERIMENTAL INTA,1,BUENOS AIRES
loc_656,656,COLONIA LA NENA,1,BUENOS AIRES
loc_657,657,COLONIA LA VANGUARDIA,1,BUENOS AIRES
loc_658,658,COLONIA LABORDEROY,1,BUENOS AIRES
loc_659,659,COLONIA LOS TOLDOS,1,BUENOS AIRES
loc_660,660,EL CARMEN,1,BUENOS AIRES
loc_661,661,EL QUEMADO,1,BUENOS AIRES
loc_662,662,EL SOCORRO,1,BUENOS AIRES
loc_663,663,ESTANCIAS,1,BUENOS AIRES
loc_664,664,FONTEZUELA,1,BUENOS AIRES
loc_665,665,FRANCISCO AYERZA,1,BUENOS AIRES
loc_667,667,GORNATTI,1,BUENOS AIRES
loc_668,668,GUERRICO,1,BUENOS AIRES
loc_669,669,HARAS EL CENTINELA,1,BUENOS AIRES
loc_670,670,HOSPITAL SAN ANTONIO DE LA LLA,1,BUENOS AIRES
loc_671,671,JUAN G PUJOL,1,BUENOS AIRES
loc_673,673,LA CORA,1,BUENOS AIRES
loc_674,674,LA MARGARITA,1,BUENOS AIRES
loc_675,675,LA SARITA,1,BUENOS AIRES
loc_676,676,LA VANGUARDIA,1,BUENOS AIRES
loc_677,677,LA VIOLETA,1,BUENOS AIRES
loc_678,678,LIERRA ADJEMIRO,1,BUENOS AIRES
loc_679,679,LOPEZ MOLINARI,1,BUENOS AIRES
loc_680,680,MAGUIRRE,1,BUENOS AIRES
loc_681,681,MANANTIALES,1,BUENOS AIRES
loc_682,682,MANANTIALES GRANDES,1,BUENOS AIRES
loc_683,683,MANUEL OCAMPO,1,BUENOS AIRES
loc_685,685,MARIANO BENITEZ,1,BUENOS AIRES
loc_686,686,MARIANO H ALFONZO,1,BUENOS AIRES
loc_687,687,MUTTI,1,BUENOS AIRES
loc_688,688,ORTIZ BASUALDO,1,BUENOS AIRES
loc_689,689,PARAJE SANTA ROSA,1,BUENOS AIRES
loc_690,690,PERGAMINO,1,BUENOS AIRES
loc_691,691,PINZON,1,BUENOS AIRES
loc_692,692,PUEBLO OTERO,1,BUENOS AIRES
loc_693,693,PUJOL,1,BUENOS AIRES
loc_694,694,RANCAGUA,1,BUENOS AIRES
loc_695,695,SAN FEDERICO,1,BUENOS AIRES
loc_696,696,SAN JUAN,1,BUENOS AIRES
loc_697,697,SAN RAMON,1,BUENOS AIRES
loc_698,698,SANTA RITA,1,BUENOS AIRES
loc_699,699,SANTA TERESITA PERGAMINO,1,BUENOS AIRES
loc_700,700,TAMBO NUEVO,1,BUENOS AIRES
loc_701,701,URQUIZA,1,BUENOS AIRES
loc_702,702,VILLA CENTENARIO,1,BUENOS AIRES
loc_703,703,VILLA DA FONTE,1,BUENOS AIRES
loc_704,704,VILLA GODOY,1,BUENOS AIRES
loc_705,705,VILLA PROGRESO,1,BUENOS AIRES
loc_706,706,ARROYO GRANDE,1,BUENOS AIRES
loc_707,707,BALNEARIO ATLANTIDA,1,BUENOS AIRES
loc_708,708,BALNEARIO CAMET NORTE,1,BUENOS AIRES
loc_709,709,BALNEARIO FRENTE MAR,1,BUENOS AIRES
loc_710,710,BALNEARIO LA BALIZA,1,BUENOS AIRES
loc_711,711,BALNEARIO LA CALETA,1,BUENOS AIRES
loc_712,712,BALNEARIO MAR CHIQUITA,1,BUENOS AIRES
loc_713,713,BALNEARIO MAR DE COBO,1,BUENOS AIRES
loc_714,714,BALNEARIO PLAYA DORADA,1,BUENOS AIRES
loc_715,715,BALNEARIO SANTA ELENA,1,BUENOS AIRES
loc_716,716,CALFUCURA,1,BUENOS AIRES
loc_717,717,CAMPAMENTO,1,BUENOS AIRES
loc_718,718,COBO,1,BUENOS AIRES
loc_719,719,CORONEL VIDAL,1,BUENOS AIRES
loc_720,720,EL REFUGIO,1,BUENOS AIRES
loc_721,721,EL VIGILANTE,1,BUENOS AIRES
loc_722,722,ESCUELA AGRICOLA RURAL,1,BUENOS AIRES
loc_723,723,GENERAL PIRAN,1,BUENOS AIRES
loc_724,724,HARAS 1 DE MAYO,1,BUENOS AIRES
loc_725,725,LA TOBIANA,1,BUENOS AIRES
loc_726,726,LAS CHILCAS,1,BUENOS AIRES
loc_727,727,MAR CHIQUITA,1,BUENOS AIRES
loc_728,728,MAR DE COBO,1,BUENOS AIRES
loc_729,729,NAHUEL RUCA,1,BUENOS AIRES
loc_730,730,SAN JULIAN,1,BUENOS AIRES
loc_731,731,SAN VALENTIN,1,BUENOS AIRES
loc_732,732,SANTA CLARA DEL MAR,1,BUENOS AIRES
loc_733,733,SANTA ELENA,1,BUENOS AIRES
loc_734,734,SIEMPRE VERDE,1,BUENOS AIRES
loc_735,735,VIVORATA,1,BUENOS AIRES
loc_736,736,CARI LARQUEA,1,BUENOS AIRES
loc_737,737,COLONIA FERRARI,1,BUENOS AIRES
loc_738,738,HOGAR MARIANO ORTIZ BASUALDO,1,BUENOS AIRES
loc_739,739,LA AMORILLA,1,BUENOS AIRES
loc_740,740,LA COLORADA,1,BUENOS AIRES
loc_741,741,LAS ARMAS,1,BUENOS AIRES
loc_742,742,MAIPU,1,BUENOS AIRES
loc_743,743,MONSALVO,1,BUENOS AIRES
loc_744,744,SANTO DOMINGO,1,BUENOS AIRES
loc_745,745,SEGUROLA,1,BUENOS AIRES
loc_746,746,COOPER,1,BUENOS AIRES
loc_747,747,CRISTIANO MUERTO,1,BUENOS AIRES
loc_748,748,DEFERRARI,1,BUENOS AIRES
loc_749,749,EL CRISTIANO,1,BUENOS AIRES
loc_750,750,LA BALLENA,1,BUENOS AIRES
loc_751,751,LA FELICIANA,1,BUENOS AIRES
loc_752,752,LA GAVIOTA,1,BUENOS AIRES
loc_753,753,LOMA DEL INDIO,1,BUENOS AIRES
loc_754,754,LOS MOLLES,1,BUENOS AIRES
loc_755,755,OCHANDIO,1,BUENOS AIRES
loc_756,756,SAN CAYETANO,1,BUENOS AIRES
loc_757,757,SAN SEVERO,1,BUENOS AIRES
loc_758,758,SANTA CATALINA,1,BUENOS AIRES
loc_759,759,CORONEL GRANADA,1,BUENOS AIRES
loc_760,760,CUARTEL VII,1,BUENOS AIRES
loc_761,761,DOS HERMANOS,1,BUENOS AIRES
loc_762,762,DUSSAUD,1,BUENOS AIRES
loc_763,763,EL PEREGRINO,1,BUENOS AIRES
loc_764,764,GENERAL PINTO,1,BUENOS AIRES
loc_765,765,GERMANIA,1,BUENOS AIRES
loc_766,766,GUNTHER,1,BUENOS AIRES
loc_767,767,HALCEY,1,BUENOS AIRES
loc_768,768,HARAS EL CATORCE,1,BUENOS AIRES
loc_769,769,INGENIERO BALBIN,1,BUENOS AIRES
loc_770,770,IRIARTE,1,BUENOS AIRES
loc_771,771,LA SUIZA,1,BUENOS AIRES
loc_772,772,LOS CALLEJONES,1,BUENOS AIRES
loc_773,773,MAYOR JOSE ORELLANO,1,BUENOS AIRES
loc_774,774,PAZOS KANKI,1,BUENOS AIRES
loc_775,775,SOLALE,1,BUENOS AIRES
loc_776,776,VILLA FRANCIA,1,BUENOS AIRES
loc_777,777,VOLTA,1,BUENOS AIRES
loc_778,778,COLONIA LOS TRES USARIS,1,BUENOS AIRES
loc_779,779,DUGGAN,1,BUENOS AIRES
loc_780,780,FLAMENCO,1,BUENOS AIRES
loc_781,781,PUENTE CASTEX,1,BUENOS AIRES
loc_782,782,PUESTO DEL MEDIO,1,BUENOS AIRES
loc_783,783,SAN ANTONIO DE ARECO,1,BUENOS AIRES
loc_784,784,VAGUES,1,BUENOS AIRES
loc_785,785,VILLA LIA,1,BUENOS AIRES
loc_786,786,BASE NAVAL RIO SANTIAGO,1,BUENOS AIRES
loc_787,787,DESTILERIA FISCAL,1,BUENOS AIRES
loc_788,788,DOCK CENTRAL,1,BUENOS AIRES
loc_789,789,ENSENADA,1,BUENOS AIRES
loc_790,790,ESC NAV MILITAR RIO SANT,1,BUENOS AIRES
loc_791,791,FUERTE BARRAGAN,1,BUENOS AIRES
loc_792,792,GRAND DOCK,1,BUENOS AIRES
loc_793,793,ISLA SANTIAGO,1,BUENOS AIRES
loc_794,794,PUERTO LA PLATA,1,BUENOS AIRES
loc_795,795,PUNTA LARA,1,BUENOS AIRES
loc_796,796,CORONEL FALCON,1,BUENOS AIRES
loc_797,797,CORONEL PRINGLES,1,BUENOS AIRES
loc_799,799,EL CHELFORO,1,BUENOS AIRES
loc_800,800,EL DIVISORIO,1,BUENOS AIRES
loc_801,801,EL PENSAMIENTO,1,BUENOS AIRES
loc_802,802,ESTACION CORONEL PRINGLES,1,BUENOS AIRES
loc_803,803,INDIO RICO,1,BUENOS AIRES
loc_804,804,KRABBE,1,BUENOS AIRES
loc_805,805,LA RESERVA,1,BUENOS AIRES
loc_806,806,LARTIGAU,1,BUENOS AIRES
loc_807,807,LAS MOSTAZAS,1,BUENOS AIRES
loc_808,808,PARAJE FRA PAL,1,BUENOS AIRES
loc_809,809,PILLAHUINCO,1,BUENOS AIRES
loc_810,810,STEGMANN,1,BUENOS AIRES
loc_811,811,TEJO GALETA,1,BUENOS AIRES
loc_812,812,CAMPO PELAEZ,1,BUENOS AIRES
loc_813,813,COSTA BONITA BALNEARIO,1,BUENOS AIRES
loc_814,814,DOS NACIONES,1,BUENOS AIRES
loc_815,815,EL CHEIQUE,1,BUENOS AIRES
loc_816,816,EL LENGUARAZ,1,BUENOS AIRES
loc_817,817,EL MORO,1,BUENOS AIRES
loc_818,818,HARAS EL MORO,1,BUENOS AIRES
loc_819,819,HARAS NACIONAL,1,BUENOS AIRES
loc_820,820,KILOMETRO 440,1,BUENOS AIRES
loc_821,821,LA PALMA,1,BUENOS AIRES
loc_822,822,LA PLAYA,1,BUENOS AIRES
loc_823,823,LAS NUTRIAS,1,BUENOS AIRES
loc_824,824,LICENCIADO MATIENZO,1,BUENOS AIRES
loc_825,825,LOBERIA,1,BUENOS AIRES
loc_826,826,LOS CERROS,1,BUENOS AIRES
loc_827,827,MALECON GARDELLA,1,BUENOS AIRES
loc_828,828,MAORI,1,BUENOS AIRES
loc_829,829,PIERES,1,BUENOS AIRES
loc_830,830,SAN MANUEL,1,BUENOS AIRES
loc_831,831,SAN MIGUEL DEL MORO,1,BUENOS AIRES
loc_832,832,TAMANGUEYU,1,BUENOS AIRES
loc_833,833,CLAVERIE,1,BUENOS AIRES
loc_834,834,EL CHAJA,1,BUENOS AIRES
loc_836,836,FARO QUERANDI,1,BUENOS AIRES
loc_837,837,GENERAL MADARIAGA,1,BUENOS AIRES
loc_838,838,GOBOS,1,BUENOS AIRES
loc_840,840,GOROSO,1,BUENOS AIRES
loc_841,841,HINOJALES,1,BUENOS AIRES
loc_842,842,INVERNADAS,1,BUENOS AIRES
loc_843,843,ISONDU,1,BUENOS AIRES
loc_844,844,JUANCHO,1,BUENOS AIRES
loc_845,845,LA ESPERANZA GRAL MADARIAGA,1,BUENOS AIRES
loc_846,846,MACEDO,1,BUENOS AIRES
loc_847,847,MEDALAND,1,BUENOS AIRES
loc_848,848,PASOS,1,BUENOS AIRES
loc_849,849,SPERONI,1,BUENOS AIRES
loc_850,850,TIO DOMINGO,1,BUENOS AIRES
loc_851,851,ADOLFO ALSINA,1,BUENOS AIRES
loc_852,852,ARANO,1,BUENOS AIRES
loc_853,853,ARTURO VATTEONE,1,BUENOS AIRES
loc_854,854,AVESTRUZ,1,BUENOS AIRES
loc_855,855,CAMPO DEL NORTE AMERICANO,1,BUENOS AIRES
loc_856,856,CAMPO LA ZULEMA,1,BUENOS AIRES
loc_857,857,CAMPO LOS AROMOS,1,BUENOS AIRES
loc_858,858,CAMPO SAN JUAN,1,BUENOS AIRES
loc_859,859,CANONIGO GORRITI,1,BUENOS AIRES
loc_861,861,CARHUE,1,BUENOS AIRES
loc_862,862,CHAPI TALO,1,BUENOS AIRES
loc_863,863,COLONIA BARON HIRSCH,1,BUENOS AIRES
loc_864,864,COLONIA LA ESTRELLA,1,BUENOS AIRES
loc_865,865,COLONIA LAPIN,1,BUENOS AIRES
loc_866,866,COLONIA LEVEN,1,BUENOS AIRES
loc_867,867,COLONIA MURATURE,1,BUENOS AIRES
loc_868,868,COLONIA NAVIERA,1,BUENOS AIRES
loc_869,869,COLONIA PHILLIPSON N 1,1,BUENOS AIRES
loc_870,870,COLONIA SANTA MARIANA,1,BUENOS AIRES
loc_871,871,DELFIN HUERGO,1,BUENOS AIRES
loc_872,872,EL PARQUE,1,BUENOS AIRES
loc_873,873,EPUMER,1,BUENOS AIRES
loc_874,874,ESTACION LAGO EPECUEN,1,BUENOS AIRES
loc_875,875,ESTEBAN A GASCON,1,BUENOS AIRES
loc_876,876,FATRALO,1,BUENOS AIRES
loc_877,877,FRANCISCO MURATURE,1,BUENOS AIRES
loc_878,878,JUAN V CILLEY,1,BUENOS AIRES
loc_879,879,LA FLORIDA,1,BUENOS AIRES
loc_880,880,LA PALA,1,BUENOS AIRES
loc_881,881,LAGO EPECUEN,1,BUENOS AIRES
loc_882,882,LEUBUCO,1,BUENOS AIRES
loc_883,883,LOS GAUCHOS,1,BUENOS AIRES
loc_884,884,MALABIA,1,BUENOS AIRES
loc_885,885,MAZA,1,BUENOS AIRES
loc_886,886,MONTE FIORE,1,BUENOS AIRES
loc_887,887,POCITO,1,BUENOS AIRES
loc_888,888,RIVERA,1,BUENOS AIRES
loc_889,889,SAN ANTONIO,1,BUENOS AIRES
loc_890,890,SAN MIGUEL ARCANGEL,1,BUENOS AIRES
loc_891,891,THAMES,1,BUENOS AIRES
loc_892,892,TRES LAGUNAS,1,BUENOS AIRES
loc_893,893,VILLA CASTELAR EST ERIZE,1,BUENOS AIRES
loc_894,894,VILLA MARGARITA,1,BUENOS AIRES
loc_895,895,VILLA MAZA,1,BUENOS AIRES
loc_896,896,VILLA SAURI,1,BUENOS AIRES
loc_897,897,YUTUYACO,1,BUENOS AIRES
loc_898,898,BARRIO PARQUE LELOIR,1,BUENOS AIRES
loc_899,899,ITUZAINGO,1,BUENOS AIRES
loc_900,900,VILLA GOBERNADOR UDAONDO,1,BUENOS AIRES
loc_901,901,BALNEARIO CLAROMECO,1,BUENOS AIRES
loc_902,902,BALNEARIO OCEANO,1,BUENOS AIRES
loc_903,903,BALNEARIO ORENSE,1,BUENOS AIRES
loc_904,904,CLAUDIO C MOLINA,1,BUENOS AIRES
loc_905,905,COPETONAS,1,BUENOS AIRES
loc_906,906,EL BOMBERO,1,BUENOS AIRES
loc_907,907,EL CARRETERO,1,BUENOS AIRES
loc_908,908,EL TRIANGULO,1,BUENOS AIRES
loc_909,909,EST SAN FRANCISCO BELLOQ,1,BUENOS AIRES
loc_910,910,ESTACION BARROW,1,BUENOS AIRES
loc_911,911,GENERAL VALDEZ,1,BUENOS AIRES
loc_912,912,HUESO CLAVADO,1,BUENOS AIRES
loc_913,913,LA HORQUETA,1,BUENOS AIRES
loc_914,914,LA PASTORA,1,BUENOS AIRES
loc_915,915,LA SORTIJA,1,BUENOS AIRES
loc_916,916,LA TIGRA,1,BUENOS AIRES
loc_917,917,LAS VAQUERIAS,1,BUENOS AIRES
loc_918,918,LIN CALEL,1,BUENOS AIRES
loc_919,919,MICAELA CASCALLARES,1,BUENOS AIRES
loc_920,920,ORENSE,1,BUENOS AIRES
loc_921,921,PASO DEL MEDANO,1,BUENOS AIRES
loc_922,922,PIERINI,1,BUENOS AIRES
loc_923,923,RETA,1,BUENOS AIRES
loc_924,924,SAN FRANCISCO DE BELLOCQ,1,BUENOS AIRES
loc_925,925,SAN MAYOL,1,BUENOS AIRES
loc_926,926,TRES ARROYOS,1,BUENOS AIRES
loc_927,927,VILLA CARUCHA,1,BUENOS AIRES
loc_928,928,BERAZATEGUI,1,BUENOS AIRES
loc_929,929,CENTRO AGRICOLA EL PATO,1,BUENOS AIRES
loc_930,930,GUILLERMO E HUDSON,1,BUENOS AIRES
loc_931,931,JUAN MARIA GUTIERREZ,1,BUENOS AIRES
loc_932,932,PEREYRA,1,BUENOS AIRES
loc_933,933,PLATANOS,1,BUENOS AIRES
loc_934,934,RANELAGH,1,BUENOS AIRES
loc_935,935,SOURIGUES,1,BUENOS AIRES
loc_937,937,INGENIERO THOMPSON,1,BUENOS AIRES
loc_938,938,PEHUELCHES,1,BUENOS AIRES
loc_939,939,TRES LOMAS,1,BUENOS AIRES
loc_940,940,CASTELAR,1,BUENOS AIRES
loc_941,941,EL PALOMAR,1,BUENOS AIRES
loc_942,942,HAEDO,1,BUENOS AIRES
loc_943,943,MORON,1,BUENOS AIRES
loc_944,944,VILLA SARMIENTO,1,BUENOS AIRES
loc_945,945,ALTO LOS CARDALES,1,BUENOS AIRES
loc_946,946,ARROYO ALELI,1,BUENOS AIRES
loc_947,947,ARROYO CARABELITAS,1,BUENOS AIRES
loc_948,948,ARROYO EL AHOGADO,1,BUENOS AIRES
loc_949,949,ARROYO LAS CRUCES,1,BUENOS AIRES
loc_950,950,ARROYO LAS ROSAS,1,BUENOS AIRES
loc_951,951,ARROYO LOS TIGRES,1,BUENOS AIRES
loc_953,953,ARROYO PESQUERIA,1,BUENOS AIRES
loc_954,954,ARROYO TAJIBER,1,BUENOS AIRES
loc_955,955,ARROYO ZANJON,1,BUENOS AIRES
loc_956,956,BLONDEAU,1,BUENOS AIRES
loc_957,957,CAMPANA,1,BUENOS AIRES
loc_958,958,CANAL N ALEM 1A SEC,1,BUENOS AIRES
loc_959,959,CANAL N ALEM 2A SEC,1,BUENOS AIRES
loc_960,960,EL FENIX,1,BUENOS AIRES
loc_961,961,KILOMETRO 88,1,BUENOS AIRES
loc_962,962,LA HORQUETA,1,BUENOS AIRES
loc_963,963,LOMAS DEL RIO LUJAN,1,BUENOS AIRES
loc_964,964,OTAMENDI,1,BUENOS AIRES
loc_965,965,RUTA 9 KILOMETRO 72,1,BUENOS AIRES
loc_966,966,ZONA DELTA CAMPANA,1,BUENOS AIRES
loc_967,967,ALGARROBO,1,BUENOS AIRES
loc_968,968,ARGERICH,1,BUENOS AIRES
loc_969,969,BALNEARIO CHAPALCO,1,BUENOS AIRES
loc_970,970,BALNEARIO SAN ANTONIO,1,BUENOS AIRES
loc_971,971,CABEZA DE BUEY,1,BUENOS AIRES
loc_972,972,COLONIA CUARENTA Y TRES,1,BUENOS AIRES
loc_973,973,COLONIA LA MERCED,1,BUENOS AIRES
loc_974,974,COLONIA LOS ALFALFARES,1,BUENOS AIRES
loc_975,975,COLONIA MONTE LA PLATA,1,BUENOS AIRES
loc_976,976,COLONIA OCAMPO,1,BUENOS AIRES
loc_977,977,COLONIA PUEBLO RUSO,1,BUENOS AIRES
loc_978,978,COLONIA SAN ENRIQUE,1,BUENOS AIRES
loc_979,979,EL PARAISO,1,BUENOS AIRES
loc_980,980,EL RINCON,1,BUENOS AIRES
loc_981,981,ESTANCIA LAS ISLETAS,1,BUENOS AIRES
loc_982,982,FORTIN MERCEDES,1,BUENOS AIRES
loc_983,983,HILARIO ASCASUBI,1,BUENOS AIRES
loc_984,984,ISLA VERDE,1,BUENOS AIRES
loc_985,985,JUAN COUSTE,1,BUENOS AIRES
loc_986,986,KILOMETRO 697,1,BUENOS AIRES
loc_987,987,LA BLANCA,1,BUENOS AIRES
loc_988,988,LA CELIA,1,BUENOS AIRES
loc_989,989,LA GLEVA,1,BUENOS AIRES
loc_990,990,LA MASCOTA,1,BUENOS AIRES
loc_991,991,LAGUNA CHASICO,1,BUENOS AIRES
loc_992,992,LAS ESCOBAS,1,BUENOS AIRES
loc_993,993,LAS ISLETAS,1,BUENOS AIRES
loc_994,994,MAYOR BURATOVICH,1,BUENOS AIRES
loc_995,995,MEDANOS,1,BUENOS AIRES
loc_996,996,MONTES DE OCA,1,BUENOS AIRES
loc_997,997,NICOLAS LEVALLE,1,BUENOS AIRES
loc_998,998,OMBUCTA,1,BUENOS AIRES
loc_999,999,PASO CRAMER,1,BUENOS AIRES
loc_1000,1000,PEDRO LURO,1,BUENOS AIRES
loc_1001,1001,PUERTO COLOMA,1,BUENOS AIRES
loc_1002,1002,SALINAS CHICAS,1,BUENOS AIRES
loc_1003,1003,SAN ADOLFO,1,BUENOS AIRES
loc_1004,1004,TENIENTE ORIGONE,1,BUENOS AIRES
loc_1005,1005,VILLA RIO CHICO,1,BUENOS AIRES
loc_1006,1006,BARRIO OESTE,1,BUENOS AIRES
loc_1007,1007,BARRIO PARQUE BRISTOL,1,BUENOS AIRES
loc_1008,1008,COMANDANTE NICANOR OTAMENDI,1,BUENOS AIRES
loc_1009,1009,DIONISIA,1,BUENOS AIRES
loc_1010,1010,EL CENTINELA,1,BUENOS AIRES
loc_1011,1011,EL MARQUESADO,1,BUENOS AIRES
loc_1012,1012,EL PITO,1,BUENOS AIRES
loc_1013,1013,GENERAL ALVARADO,1,BUENOS AIRES
loc_1014,1014,LA BALLENERA,1,BUENOS AIRES
loc_1015,1015,LA CALETA,1,BUENOS AIRES
loc_1016,1016,LA COLMENA,1,BUENOS AIRES
loc_1017,1017,LA ELMA,1,BUENOS AIRES
loc_1018,1018,LA LUCIA,1,BUENOS AIRES
loc_1019,1019,LA MADRECITA,1,BUENOS AIRES
loc_1020,1020,LA REFORMA,1,BUENOS AIRES
loc_1021,1021,LAS LOMAS,1,BUENOS AIRES
loc_1022,1022,LAS PIEDRITAS,1,BUENOS AIRES
loc_1023,1023,LOS PATOS,1,BUENOS AIRES
loc_1024,1024,MAR DEL SUD,1,BUENOS AIRES
loc_1025,1025,MECHONGUE,1,BUENOS AIRES
loc_1026,1026,MIRAMAR,1,BUENOS AIRES
loc_1027,1027,PLA Y RAGNONI,1,BUENOS AIRES
loc_1028,1028,SAN CORNELIO,1,BUENOS AIRES
loc_1029,1029,SAN EDUARDO DEL MAR,1,BUENOS AIRES
loc_1030,1030,SAN FELIPE,1,BUENOS AIRES
loc_1031,1031,SAN JOSE DE OTAMENDI,1,BUENOS AIRES
loc_1032,1032,SANTA IRENE,1,BUENOS AIRES
loc_1033,1033,VILLA COPACABANA,1,BUENOS AIRES
loc_1034,1034,YRAIZOS,1,BUENOS AIRES
loc_1035,1035,CANAL 15 CERRO DE LA GLORIA,1,BUENOS AIRES
loc_1036,1036,CASTELLI,1,BUENOS AIRES
loc_1037,1037,CENTRO GUERRERO,1,BUENOS AIRES
loc_1038,1038,CERRO DE LA GLORIA CANAL 15,1,BUENOS AIRES
loc_1039,1039,GUERRERO,1,BUENOS AIRES
loc_1040,1040,LA CORINA,1,BUENOS AIRES
loc_1041,1041,LA CORINCO,1,BUENOS AIRES
loc_1042,1042,LA COSTA,1,BUENOS AIRES
loc_1043,1043,PARQUE TAILLADE,1,BUENOS AIRES
loc_1044,1044,SAN JOSE DE GALI,1,BUENOS AIRES
loc_1045,1045,ABRA DE HINOJO,1,BUENOS AIRES
loc_1046,1046,ALTA VISTA,1,BUENOS AIRES
loc_1047,1047,ARQUEDAS,1,BUENOS AIRES
loc_1048,1048,ARROYO AGUAS BLANCAS,1,BUENOS AIRES
loc_1049,1049,ARROYO CORTO,1,BUENOS AIRES
loc_1050,1050,COLONIA SAN MARTIN,1,BUENOS AIRES
loc_1051,1051,COLONIA SAN PEDRO,1,BUENOS AIRES
loc_1052,1052,DUCOS,1,BUENOS AIRES
loc_1053,1053,DUFAUR,1,BUENOS AIRES
loc_1054,1054,ESPARTILLAR,1,BUENOS AIRES
loc_1055,1055,GOYENA,1,BUENOS AIRES
loc_1056,1056,LA SAUDADE,1,BUENOS AIRES
loc_1057,1057,PIGUE,1,BUENOS AIRES
loc_1058,1058,SAAVEDRA,1,BUENOS AIRES
loc_1059,1059,SAN MARTIN DE TOURS,1,BUENOS AIRES
loc_1060,1060,BOSQUES,1,BUENOS AIRES
loc_1061,1061,FLORENCIO VARELA,1,BUENOS AIRES
loc_1062,1062,GOBERNADOR COSTA,1,BUENOS AIRES
loc_1063,1063,INGENIERO ALLAN,1,BUENOS AIRES
loc_1064,1064,SANTA ROSA,1,BUENOS AIRES
loc_1065,1065,VILLA BROWN,1,BUENOS AIRES
loc_1066,1066,VILLA VATTEONE,1,BUENOS AIRES
loc_1067,1067,ZEBALLOS,1,BUENOS AIRES
loc_1068,1068,ESQUINA DE CROTTO,1,BUENOS AIRES
loc_1069,1069,GENERAL CONESA,1,BUENOS AIRES
loc_1070,1070,TORDILLO,1,BUENOS AIRES
loc_1071,1071,VILLA ROCH,1,BUENOS AIRES
loc_1072,1072,DOLORES,1,BUENOS AIRES
loc_1073,1073,EL 60,1,BUENOS AIRES
loc_1074,1074,KILOMETRO 212,1,BUENOS AIRES
loc_1075,1075,LA ESTRELLA,1,BUENOS AIRES
loc_1076,1076,LA POSTA,1,BUENOS AIRES
loc_1077,1077,LA PROTECCION,1,BUENOS AIRES
loc_1078,1078,LAS VIBORAS,1,BUENOS AIRES
loc_1079,1079,LOMA DE SALOMON,1,BUENOS AIRES
loc_1080,1080,PARAJE LA VASCA,1,BUENOS AIRES
loc_1081,1081,PARRAVICHINI,1,BUENOS AIRES
loc_1082,1082,SEVIGNE,1,BUENOS AIRES
loc_1083,1083,TRES LEGUAS,1,BUENOS AIRES
loc_1084,1084,VECINO,1,BUENOS AIRES
loc_1085,1085,BARRIENTOS,1,BUENOS AIRES
loc_1086,1086,CAMPO SABATE,1,BUENOS AIRES
loc_1087,1087,CARLOS BEGUERIE,1,BUENOS AIRES
loc_1088,1088,HARAS EL SALASO,1,BUENOS AIRES
loc_1089,1089,JUAN ATUCHA,1,BUENOS AIRES
loc_1090,1090,JUAN TRONCONI,1,BUENOS AIRES
loc_1091,1091,LA PAZ,1,BUENOS AIRES
loc_1092,1092,LA PAZ CHICA,1,BUENOS AIRES
loc_1093,1093,LA REFORMA,1,BUENOS AIRES
loc_1094,1094,LA RINCONADA,1,BUENOS AIRES
loc_1095,1095,ROQUE PEREZ,1,BUENOS AIRES
loc_1096,1096,SANTIAGO LARRE,1,BUENOS AIRES
loc_1097,1097,12 DE AGOSTO,1,BUENOS AIRES
loc_1098,1098,BOCAYUBA,1,BUENOS AIRES
loc_1099,1099,DE BARY,1,BUENOS AIRES
loc_1100,1100,JOSE MARIA BLANCO,1,BUENOS AIRES
loc_1101,1101,MARIA P MORENO,1,BUENOS AIRES
loc_1102,1102,PELLEGRINI,1,BUENOS AIRES
loc_1103,1103,B LOS AROMOS SAN PATRICIO,1,BUENOS AIRES
loc_1105,1105,B SARMIENTO DON ROLANDO,1,BUENOS AIRES
loc_1106,1106,B STA CATALINA HORNERO LA LOMA,1,BUENOS AIRES
loc_1107,1107,COLONIA HOGAR R GUTIERREZ,1,BUENOS AIRES
loc_1108,1108,COLONIA NACIONAL DE MENORES,1,BUENOS AIRES
loc_1109,1109,ELIAS ROMERO,1,BUENOS AIRES
loc_1110,1110,KILOMETRO 45,1,BUENOS AIRES
loc_1111,1111,KILOMETRO 53,1,BUENOS AIRES
loc_1112,1112,MARCOS PAZ,1,BUENOS AIRES
loc_1113,1113,MARCOS PAZ B BERNASCONI,1,BUENOS AIRES
loc_1114,1114,MARCOS PAZ B EL MARTILLO,1,BUENOS AIRES
loc_1115,1115,MARCOS PAZ B EL MORO,1,BUENOS AIRES
loc_1116,1116,MARCOS PAZ B EL ZORZAL,1,BUENOS AIRES
loc_1117,1117,MARCOS PAZ B LA LONJA,1,BUENOS AIRES
loc_1118,1118,MARCOS PAZ B LA MILAGROSA,1,BUENOS AIRES
loc_1119,1119,MARCOS PAZ B MARTIN FIERRO,1,BUENOS AIRES
loc_1120,1120,MARCOS PAZ B URIOSTE,1,BUENOS AIRES
loc_1121,1121,ZAMUDIO,1,BUENOS AIRES
loc_1122,1122,ALMACEN EL DESCANSO,1,BUENOS AIRES
loc_1123,1123,ARROYO DE LUNA,1,BUENOS AIRES
loc_1124,1124,CAMPO LA ELISA,1,BUENOS AIRES
loc_1125,1125,CAPITAN SARMIENTO,1,BUENOS AIRES
loc_1126,1126,COLEGIO SAN PABLO,1,BUENOS AIRES
loc_1127,1127,LA LUISA,1,BUENOS AIRES
loc_1128,1128,JOSE CLEMENTE PAZ,1,BUENOS AIRES
loc_1129,1129,ARROYO DE LA CRUZ,1,BUENOS AIRES
loc_1130,1130,CAMPO LA NENA,1,BUENOS AIRES
loc_1132,1132,CARLOS LEMEE,1,BUENOS AIRES
loc_1133,1133,CHENAUT,1,BUENOS AIRES
loc_1134,1134,DIEGO GAYNOR,1,BUENOS AIRES
loc_1135,1135,ETCHEGOYEN,1,BUENOS AIRES
loc_1136,1136,EXALTACION DE LA CRUZ,1,BUENOS AIRES
loc_1137,1137,GOBERNADOR ANDONAEGHI,1,BUENOS AIRES
loc_1138,1138,KILOMETRO 102,1,BUENOS AIRES
loc_1139,1139,LA LATA,1,BUENOS AIRES
loc_1140,1140,LA ROSADA,1,BUENOS AIRES
loc_1141,1141,LOS CARDALES,1,BUENOS AIRES
loc_1142,1142,ORLANDO,1,BUENOS AIRES
loc_1143,1143,PARADA ROBLES,1,BUENOS AIRES
loc_1144,1144,PAVON,1,BUENOS AIRES
loc_1145,1145,VILLA PRECEPTOR M ROBLES,1,BUENOS AIRES
loc_1146,1146,VILLA PRECEPTOR MANUEL CRUZ,1,BUENOS AIRES
loc_1147,1147,ALTONA,1,BUENOS AIRES
loc_1148,1148,CAMPO ROJAS,1,BUENOS AIRES
loc_1149,1149,COVELLO,1,BUENOS AIRES
loc_1150,1150,CROTTO,1,BUENOS AIRES
loc_1151,1151,EL MIRADOR,1,BUENOS AIRES
loc_1152,1152,EL SAUCE,1,BUENOS AIRES
loc_1153,1153,LA ISABEL,1,BUENOS AIRES
loc_1155,1155,REQUENA,1,BUENOS AIRES
loc_1156,1156,SABBI,1,BUENOS AIRES
loc_1157,1157,SAN ANDRES DE TAPALQUE,1,BUENOS AIRES
loc_1158,1158,SAN BERNARDO,1,BUENOS AIRES
loc_1159,1159,SANTA ROSA,1,BUENOS AIRES
loc_1160,1160,TAPALQUE,1,BUENOS AIRES
loc_1161,1161,UBALLES,1,BUENOS AIRES
loc_1162,1162,VELLOSO,1,BUENOS AIRES
loc_1163,1163,YERBAS,1,BUENOS AIRES
loc_1164,1164,AMERICA UNIDA,1,BUENOS AIRES
loc_1165,1165,GUERNICA,1,BUENOS AIRES
loc_1166,1166,VILLA NUMANCIA,1,BUENOS AIRES
loc_1167,1167,COLON,1,BUENOS AIRES
loc_1168,1168,EL ARBOLITO,1,BUENOS AIRES
loc_1169,1169,EL PELADO,1,BUENOS AIRES
loc_1170,1170,ESTANCIA LAS GAMAS,1,BUENOS AIRES
loc_1172,1172,PEARSON,1,BUENOS AIRES
loc_1173,1173,SARASA,1,BUENOS AIRES
loc_1174,1174,ALMIRANTE SOLIER,1,BUENOS AIRES
loc_1175,1175,ARROYO PAREJA,1,BUENOS AIRES
loc_1176,1176,BAJO HONDO,1,BUENOS AIRES
loc_1177,1177,BALNEARIO PARADA,1,BUENOS AIRES
loc_1178,1178,BATERIAS,1,BUENOS AIRES
loc_1179,1179,CALDERON,1,BUENOS AIRES
loc_1180,1180,DESVIO SANDRINI,1,BUENOS AIRES
loc_1181,1181,ISLA CATARELLI,1,BUENOS AIRES
loc_1182,1182,LA MARTINA,1,BUENOS AIRES
loc_1183,1183,LA VIRGINIA,1,BUENOS AIRES
loc_1184,1184,PASO MAYOR,1,BUENOS AIRES
loc_1185,1185,PEHUEN CO,1,BUENOS AIRES
loc_1186,1186,PUERTO BELGRANO,1,BUENOS AIRES
loc_1187,1187,PUERTO ROSALES,1,BUENOS AIRES
loc_1188,1188,PUNTA ALTA,1,BUENOS AIRES
loc_1189,1189,VILLA DEL MAR,1,BUENOS AIRES
loc_1190,1190,VILLA GENERAL ARIAS,1,BUENOS AIRES
loc_1191,1191,VILLA LAURA,1,BUENOS AIRES
loc_1192,1192,VILLA MAIO,1,BUENOS AIRES
loc_1193,1193,ALVAREZ JONTE,1,BUENOS AIRES
loc_1194,1194,LAS TAHONAS,1,BUENOS AIRES
loc_1195,1195,LUIS CHICO,1,BUENOS AIRES
loc_1196,1196,MONTE VELOZ,1,BUENOS AIRES
loc_1197,1197,PANCHO DIAZ,1,BUENOS AIRES
loc_1198,1198,PIPINAS,1,BUENOS AIRES
loc_1199,1199,PUNTA INDIO,1,BUENOS AIRES
loc_1200,1200,VERONICA,1,BUENOS AIRES
loc_1201,1201,AGOTE,1,BUENOS AIRES
loc_1202,1202,ALTAMIRA,1,BUENOS AIRES
loc_1203,1203,COMAHUE OESTE,1,BUENOS AIRES
loc_1204,1204,GOLDNEY,1,BUENOS AIRES
loc_1205,1205,GOWLAND,1,BUENOS AIRES
loc_1206,1206,KILOMETRO 125,1,BUENOS AIRES
loc_1207,1207,LA VALEROSA,1,BUENOS AIRES
loc_1208,1208,LA VERDE,1,BUENOS AIRES
loc_1209,1209,MANUEL JOSE GARCIA,1,BUENOS AIRES
loc_1210,1210,MERCEDES,1,BUENOS AIRES
loc_1211,1211,SAN JACINTO,1,BUENOS AIRES
loc_1212,1212,SEMINARIO PIO XII,1,BUENOS AIRES
loc_1213,1213,TOMAS JOFRE,1,BUENOS AIRES
loc_1214,1214,9 DE ABRIL,1,BUENOS AIRES
loc_1216,1216,EL JAGUEL,1,BUENOS AIRES
loc_1217,1217,LUIS GUILLON,1,BUENOS AIRES
loc_1218,1218,MONTE GRANDE,1,BUENOS AIRES
loc_1219,1219,BERRAONDO,1,BUENOS AIRES
loc_1220,1220,CHASICO,1,BUENOS AIRES
loc_1221,1221,CHOIQUE,1,BUENOS AIRES
loc_1222,1222,EL CORTAPIE,1,BUENOS AIRES
loc_1223,1223,ESTOMBA,1,BUENOS AIRES
loc_1224,1224,FORTIN CHACO,1,BUENOS AIRES
loc_1225,1225,FUERTE ARGENTINO,1,BUENOS AIRES
loc_1226,1226,GARCIA DEL RIO,1,BUENOS AIRES
loc_1227,1227,GLORIALDO,1,BUENOS AIRES
loc_1228,1228,NUEVA ROMA,1,BUENOS AIRES
loc_1229,1229,PELICURA,1,BUENOS AIRES
loc_1230,1230,SALDUNGARAY,1,BUENOS AIRES
loc_1231,1231,SIERRA DE LA VENTANA,1,BUENOS AIRES
loc_1232,1232,TORNQUIST,1,BUENOS AIRES
loc_1233,1233,TRES PICOS,1,BUENOS AIRES
loc_1234,1234,VILLA VENTANA,1,BUENOS AIRES
loc_1235,1235,ARBUCO,1,BUENOS AIRES
loc_1236,1236,ATALAYA,1,BUENOS AIRES
loc_1238,1238,BASE AERONAVAL PUNTA INDIO,1,BUENOS AIRES
loc_1239,1239,BME BAVIO GRAL MANSILLA,1,BUENOS AIRES
loc_1240,1240,COLONIA BEETHOVEN,1,BUENOS AIRES
loc_1241,1241,CRISTINO BENAVIDEZ,1,BUENOS AIRES
loc_1242,1242,EL PINO,1,BUENOS AIRES
loc_1243,1243,EL ROSARIO,1,BUENOS AIRES
loc_1244,1244,EMPALME MAGDALENA,1,BUENOS AIRES
loc_1245,1245,GENERAL MANSILLA,1,BUENOS AIRES
loc_1246,1246,JOSE FERRARI,1,BUENOS AIRES
loc_1247,1247,JULIO ARDITI,1,BUENOS AIRES
loc_1248,1248,KILOMETRO 103,1,BUENOS AIRES
loc_1249,1249,KILOMETRO 92,1,BUENOS AIRES
loc_1250,1250,LA PRIMAVERA,1,BUENOS AIRES
loc_1251,1251,LA TALINA,1,BUENOS AIRES
loc_1252,1252,LOS SANTOS VIEJOS,1,BUENOS AIRES
loc_1253,1253,MAGDALENA,1,BUENOS AIRES
loc_1254,1254,PARAJE STARACHE,1,BUENOS AIRES
loc_1255,1255,PAYRO R,1,BUENOS AIRES
loc_1257,1257,RINCON DE NOARIO,1,BUENOS AIRES
loc_1258,1258,ROBERTO PAYRO,1,BUENOS AIRES
loc_1259,1259,RUTA 11 KILOMETRO 23,1,BUENOS AIRES
loc_1260,1260,VERGARA,1,BUENOS AIRES
loc_1261,1261,VIEYTES,1,BUENOS AIRES
loc_1262,1262,ALVARO BARROS,1,BUENOS AIRES
loc_1263,1263,BARRIO LA LUISA,1,BUENOS AIRES
loc_1264,1264,BLANCA GRANDE,1,BUENOS AIRES
loc_1265,1265,CALERA AVELLANEDA,1,BUENOS AIRES
loc_1266,1266,CANTERAS DE GREGORINI,1,BUENOS AIRES
loc_1267,1267,CERRO NEGRO,1,BUENOS AIRES
loc_1268,1268,CERRO SOTUYO,1,BUENOS AIRES
loc_1269,1269,COLONIA HINOJO,1,BUENOS AIRES
loc_1270,1270,COLONIA NIEVES,1,BUENOS AIRES
loc_1271,1271,COLONIA RUSA,1,BUENOS AIRES
loc_1272,1272,COLONIA SAN MIGUEL,1,BUENOS AIRES
loc_1274,1274,EMPALME QUERANDIES,1,BUENOS AIRES
loc_1275,1275,ESPIGAS,1,BUENOS AIRES
loc_1276,1276,FORTIN LAVALLE,1,BUENOS AIRES
loc_1277,1277,HINOJO,1,BUENOS AIRES
loc_1278,1278,ITURREGUI,1,BUENOS AIRES
loc_1279,1279,KILOMETRO 333,1,BUENOS AIRES
loc_1280,1280,LA ESTRELLA,1,BUENOS AIRES
loc_1281,1281,LA NARCISA,1,BUENOS AIRES
loc_1282,1282,LA NAVARRA,1,BUENOS AIRES
loc_1283,1283,LA PALMIRA,1,BUENOS AIRES
loc_1284,1284,LA PROTEGIDA,1,BUENOS AIRES
loc_1285,1285,LA PROVIDENCIA,1,BUENOS AIRES
loc_1286,1286,LA TOMASA,1,BUENOS AIRES
loc_1287,1287,LAS PIEDRITAS,1,BUENOS AIRES
loc_1288,1288,LOMA NEGRA,1,BUENOS AIRES
loc_1289,1289,MAPIS,1,BUENOS AIRES
loc_1291,1291,OLAVARRIA,1,BUENOS AIRES
loc_1292,1292,POURTALE,1,BUENOS AIRES
loc_1293,1293,PUEBLO NUEVO,1,BUENOS AIRES
loc_1294,1294,RECALDE,1,BUENOS AIRES
loc_1295,1295,ROCHA,1,BUENOS AIRES
loc_1296,1296,SAN JACINTO,1,BUENOS AIRES
loc_1297,1297,SAN JUAN,1,BUENOS AIRES
loc_1298,1298,SANTA LUISA,1,BUENOS AIRES
loc_1299,1299,SIERRA CHICA,1,BUENOS AIRES
loc_1300,1300,SIERRAS BAYAS,1,BUENOS AIRES
loc_1302,1302,VILLA MONICA,1,BUENOS AIRES
loc_1303,1303,AVELLANEDA,1,BUENOS AIRES
loc_1304,1304,CRUCESITA,1,BUENOS AIRES
loc_1305,1305,DOCK SUD,1,BUENOS AIRES
loc_1306,1306,GERLI,1,BUENOS AIRES
loc_1308,1308,SARANDI,1,BUENOS AIRES
loc_1309,1309,VILLA DOMINICO,1,BUENOS AIRES
loc_1310,1310,WILDE,1,BUENOS AIRES
loc_1311,1311,BLAQUIER,1,BUENOS AIRES
loc_1312,1312,EDUARDO COSTA,1,BUENOS AIRES
loc_1313,1313,FLORENTINO AMEGHINO,1,BUENOS AIRES
loc_1314,1314,NUEVA SUIZA,1,BUENOS AIRES
loc_1315,1315,PORVENIR,1,BUENOS AIRES
loc_1316,1316,CARLOS TEJEDOR,1,BUENOS AIRES
loc_1317,1317,COLONIA SERE,1,BUENOS AIRES
loc_1318,1318,CUENCA,1,BUENOS AIRES
loc_1319,1319,CURARU,1,BUENOS AIRES
loc_1320,1320,DRYSDALE,1,BUENOS AIRES
loc_1321,1321,ENCINA,1,BUENOS AIRES
loc_1322,1322,ESTEBAN DE LUCA,1,BUENOS AIRES
loc_1323,1323,HEREFORD,1,BUENOS AIRES
loc_1324,1324,HUSARES,1,BUENOS AIRES
loc_1325,1325,INGENIERO BEAUGEY,1,BUENOS AIRES
loc_1326,1326,KILOMETRO 386,1,BUENOS AIRES
loc_1327,1327,KILOMETRO 393,1,BUENOS AIRES
loc_1328,1328,LA HIGUERA,1,BUENOS AIRES
loc_1330,1330,LOS INDIOS,1,BUENOS AIRES
loc_1331,1331,MARUCHA,1,BUENOS AIRES
loc_1332,1332,NECOL ESTACION FCGM,1,BUENOS AIRES
loc_1333,1333,SAN CARLOS,1,BUENOS AIRES
loc_1334,1334,SANTA INES,1,BUENOS AIRES
loc_1335,1335,TIMOTE,1,BUENOS AIRES
loc_1336,1336,TRES ALGARROBOS,1,BUENOS AIRES
loc_1337,1337,AMBROSIO P LEZICA,1,BUENOS AIRES
loc_1338,1338,BAHIA SAN BLAS,1,BUENOS AIRES
loc_1339,1339,CANTERA VILLALONGA,1,BUENOS AIRES
loc_1340,1340,CARDENAL CAGLIERO,1,BUENOS AIRES
loc_1341,1341,CARMEN DE PATAGONES,1,BUENOS AIRES
loc_1342,1342,COLONIA BARGA,1,BUENOS AIRES
loc_1343,1343,COLONIA EL GUANACO,1,BUENOS AIRES
loc_1344,1344,COLONIA LA CELINA,1,BUENOS AIRES
loc_1345,1345,COLONIA LA GRACIELA,1,BUENOS AIRES
loc_1346,1346,COLONIA LOS ALAMOS,1,BUENOS AIRES
loc_1347,1347,COLONIA MIGUEL ESTEVERENA,1,BUENOS AIRES
loc_1348,1348,COLONIA SAN FRANCISCO,1,BUENOS AIRES
loc_1349,1349,COLONIA TAPATTA,1,BUENOS AIRES
loc_1350,1350,EL BAGUAL,1,BUENOS AIRES
loc_1351,1351,EMILIO LAMARCA,1,BUENOS AIRES
loc_1352,1352,FARO SEGUNDA BARRANCOSA,1,BUENOS AIRES
loc_1353,1353,FORTIN VIEJO,1,BUENOS AIRES
loc_1354,1354,IGARZABAL,1,BUENOS AIRES
loc_1355,1355,JARRILLA,1,BUENOS AIRES
loc_1356,1356,JOSE B CASAS,1,BUENOS AIRES
loc_1357,1357,JUAN A PRADERE,1,BUENOS AIRES
loc_1358,1358,LAS CORTADERAS,1,BUENOS AIRES
loc_1359,1359,LOS POZOS,1,BUENOS AIRES
loc_1360,1360,PASO ALSINA,1,BUENOS AIRES
loc_1361,1361,PUERTO TRES BONETES,1,BUENOS AIRES
loc_1362,1362,PUERTO WASSERMANN,1,BUENOS AIRES
loc_1363,1363,SALINA DE PIEDRA,1,BUENOS AIRES
loc_1364,1364,STROEDER,1,BUENOS AIRES
loc_1365,1365,TERMAS LOS GAUCHOS,1,BUENOS AIRES
loc_1366,1366,VILLA ELENA,1,BUENOS AIRES
loc_1367,1367,VILLALONGA,1,BUENOS AIRES
loc_1368,1368,CASTILLA,1,BUENOS AIRES
loc_1369,1369,CHACABUCO,1,BUENOS AIRES
loc_1370,1370,COLIQUEO,1,BUENOS AIRES
loc_1371,1371,CUCHA CUCHA,1,BUENOS AIRES
loc_1372,1372,GREGORIO VILLAFAÑE,1,BUENOS AIRES
loc_1373,1373,INGENIERO SILVEYRA,1,BUENOS AIRES
loc_1374,1374,LA CALIFORNIA ARGENTINA,1,BUENOS AIRES
loc_1375,1375,LOS ANGELES,1,BUENOS AIRES
loc_1376,1376,MEMBRILLAR,1,BUENOS AIRES
loc_1377,1377,O HIGGINS,1,BUENOS AIRES
loc_1378,1378,RAWSON,1,BUENOS AIRES
loc_1379,1379,SAN PATRICIO,1,BUENOS AIRES
loc_1381,1381,BENITEZ,1,BUENOS AIRES
loc_1383,1383,CHIVILCOY,1,BUENOS AIRES
loc_1384,1384,EMILIO AYERZA,1,BUENOS AIRES
loc_1385,1385,GOROSTIAGA,1,BUENOS AIRES
loc_1386,1386,HARAS EL CARMEN,1,BUENOS AIRES
loc_1387,1387,HENRY BELL,1,BUENOS AIRES
loc_1388,1388,INDACOCHEA,1,BUENOS AIRES
loc_1389,1389,LA CARLOTA,1,BUENOS AIRES
loc_1390,1390,LA DORMILONA,1,BUENOS AIRES
loc_1391,1391,LA RICA,1,BUENOS AIRES
loc_1392,1392,PALEMON HUERGO,1,BUENOS AIRES
loc_1393,1393,PUENTE BATALLA,1,BUENOS AIRES
loc_1394,1394,RAMON BIAUS,1,BUENOS AIRES
loc_1395,1395,SAN SEBASTIAN,1,BUENOS AIRES
loc_1396,1396,VILLA MOQUEHUA,1,BUENOS AIRES
loc_1397,1397,AYACUCHO,1,BUENOS AIRES
loc_1398,1398,CANGALLO,1,BUENOS AIRES
loc_1399,1399,EL BOQUERON,1,BUENOS AIRES
loc_1400,1400,FAIR,1,BUENOS AIRES
loc_1401,1401,LA CONSTANCIA,1,BUENOS AIRES
loc_1402,1402,LA POSTA,1,BUENOS AIRES
loc_1403,1403,LANGUEYU,1,BUENOS AIRES
loc_1404,1404,LAS PAJAS,1,BUENOS AIRES
loc_1405,1405,LAS SULTANAS,1,BUENOS AIRES
loc_1406,1406,SAN IGNACIO,1,BUENOS AIRES
loc_1407,1407,SAN LAUREANO,1,BUENOS AIRES
loc_1408,1408,SOLANET,1,BUENOS AIRES
loc_1409,1409,UDAQUIOLA,1,BUENOS AIRES
loc_1410,1410,AEROPUERTO EZEIZA,1,BUENOS AIRES
loc_1411,1411,CANNING,1,BUENOS AIRES
loc_1412,1412,CARLOS SPEGAZZINI,1,BUENOS AIRES
loc_1413,1413,EZEIZA,1,BUENOS AIRES
loc_1414,1414,LA UNION,1,BUENOS AIRES
loc_1415,1415,TRISTAN SUAREZ,1,BUENOS AIRES
loc_1416,1416,GENERAL SAN MARTIN,1,BUENOS AIRES
loc_1417,1417,JOSE LEON SUAREZ,1,BUENOS AIRES
loc_1418,1418,SAN ANDRES,1,BUENOS AIRES
loc_1419,1419,VILLA BALLESTER,1,BUENOS AIRES
loc_1420,1420,VILLA LYNCH,1,BUENOS AIRES
loc_1421,1421,BONNEMENT,1,BUENOS AIRES
loc_1422,1422,CHAS,1,BUENOS AIRES
loc_1423,1423,GENERAL BELGRANO,1,BUENOS AIRES
loc_1424,1424,GORCHS,1,BUENOS AIRES
loc_1425,1425,HARAS CHACABUCO,1,BUENOS AIRES
loc_1427,1427,KILOMETRO 146,1,BUENOS AIRES
loc_1428,1428,LA CHUMBEADA,1,BUENOS AIRES
loc_1429,1429,LA ESPERANZA,1,BUENOS AIRES
loc_1430,1430,LA VERDE,1,BUENOS AIRES
loc_1431,1431,NEWTON,1,BUENOS AIRES
loc_1432,1432,AGUIRREZABALA,1,BUENOS AIRES
loc_1433,1433,ALMACEN EL CRUCE,1,BUENOS AIRES
loc_1434,1434,COLONIA LA INVERNADA,1,BUENOS AIRES
loc_1435,1435,COLONIA LA NORIA,1,BUENOS AIRES
loc_1436,1436,COLONIA LA REINA,1,BUENOS AIRES
loc_1437,1437,COLONIA STEGMAN,1,BUENOS AIRES
loc_1438,1438,COSTA BRAVA,1,BUENOS AIRES
loc_1439,1439,EL JUPITER,1,BUENOS AIRES
loc_1440,1440,EL PARAISO,1,BUENOS AIRES
loc_1441,1441,HARAS EL OMBU,1,BUENOS AIRES
loc_1442,1442,LA ESPERANZA,1,BUENOS AIRES
loc_1443,1443,LA QUERENCIA,1,BUENOS AIRES
loc_1444,1444,LAS BAHAMAS,1,BUENOS AIRES
loc_1445,1445,PEREZ MILLAN,1,BUENOS AIRES
loc_1446,1446,RAMALLO,1,BUENOS AIRES
loc_1447,1447,SANTA TERESA,1,BUENOS AIRES
loc_1448,1448,VILLA GRAL SAVIO EX SANCHEZ,1,BUENOS AIRES
loc_1449,1449,VILLA RAMALLO,1,BUENOS AIRES
loc_1450,1450,VILLA RAMALLO EST FFCC,1,BUENOS AIRES
loc_1451,1451,ALAMOS,1,BUENOS AIRES
loc_1452,1452,ALFA,1,BUENOS AIRES
loc_1453,1453,ARROYO EL CHINGOLO,1,BUENOS AIRES
loc_1454,1454,ARROYO VENADO,1,BUENOS AIRES
loc_1455,1455,BONIFACIO,1,BUENOS AIRES
loc_1456,1456,BRAVO DEL DOS,1,BUENOS AIRES
loc_1457,1457,CASBAS,1,BUENOS AIRES
loc_1458,1458,CASEY,1,BUENOS AIRES
loc_1459,1459,COLONIA SAN RAMON,1,BUENOS AIRES
loc_1460,1460,EL NILO,1,BUENOS AIRES
loc_1462,1462,FORTIN PAUNERO,1,BUENOS AIRES
loc_1463,1463,GUAMINI,1,BUENOS AIRES
loc_1464,1464,LA GREGORIA,1,BUENOS AIRES
loc_1465,1465,LA HERMINIA,1,BUENOS AIRES
loc_1466,1466,LA NEVADA,1,BUENOS AIRES
loc_1467,1467,LAGUNA ALSINA,1,BUENOS AIRES
loc_1468,1468,LAGUNA DEL MONTE,1,BUENOS AIRES
loc_1469,1469,LAS CUATRO HERMANAS,1,BUENOS AIRES
loc_1470,1470,LAS MERCEDES,1,BUENOS AIRES
loc_1471,1471,LAS TRES FLORES,1,BUENOS AIRES
loc_1472,1472,PAPIN,1,BUENOS AIRES
loc_1473,1473,ROLITO ESTACION FCGB,1,BUENOS AIRES
loc_1474,1474,SAN FERMIN,1,BUENOS AIRES
loc_1475,1475,SANTA RITA PDO GUAMINI,1,BUENOS AIRES
loc_1476,1476,SATURNO,1,BUENOS AIRES
loc_1477,1477,VICTORINO DE LA PLAZA,1,BUENOS AIRES
loc_1478,1478,VUELTA DE ZAPATA,1,BUENOS AIRES
loc_1479,1479,APARICIO,1,BUENOS AIRES
loc_1480,1480,CALVO,1,BUENOS AIRES
loc_1481,1481,CAMPO LA LIMA,1,BUENOS AIRES
loc_1482,1482,CORONEL DORREGO,1,BUENOS AIRES
loc_1483,1483,EL ZORRO,1,BUENOS AIRES
loc_1484,1484,FARO,1,BUENOS AIRES
loc_1485,1485,GIL,1,BUENOS AIRES
loc_1486,1486,IRENE,1,BUENOS AIRES
loc_1487,1487,JOSE A GUISASOLA,1,BUENOS AIRES
loc_1488,1488,KILOMETRO 563,1,BUENOS AIRES
loc_1489,1489,LA AURORA,1,BUENOS AIRES
loc_1490,1490,LA LUNA,1,BUENOS AIRES
loc_1491,1491,LA SIRENA,1,BUENOS AIRES
loc_1492,1492,LA SOBERANA,1,BUENOS AIRES
loc_1493,1493,LAS OSCURAS,1,BUENOS AIRES
loc_1494,1494,NICOLAS DESCALZI,1,BUENOS AIRES
loc_1495,1495,ORIENTE,1,BUENOS AIRES
loc_1496,1496,PARAJE LA AURORA,1,BUENOS AIRES
loc_1497,1497,SAN RAMON,1,BUENOS AIRES
loc_1498,1498,SAN ROMAN,1,BUENOS AIRES
loc_1500,1500,ALEJANDRO KORN,1,BUENOS AIRES
loc_1501,1501,BARRIO SAN PABLO,1,BUENOS AIRES
loc_1502,1502,BARRIO SANTA MAGDALENA,1,BUENOS AIRES
loc_1503,1503,DOMSELAAR,1,BUENOS AIRES
loc_1504,1504,EL PAMPERO,1,BUENOS AIRES
loc_1505,1505,LA ARGENTINA,1,BUENOS AIRES
loc_1506,1506,SAN VICENTE,1,BUENOS AIRES
loc_1507,1507,CARMEN DE ARECO,1,BUENOS AIRES
loc_1508,1508,ESTRELLA NACIENTE,1,BUENOS AIRES
loc_1509,1509,GOUIN,1,BUENOS AIRES
loc_1510,1510,HARAS LOS CARDALES,1,BUENOS AIRES
loc_1511,1511,KENNY,1,BUENOS AIRES
loc_1512,1512,LA CENTRAL,1,BUENOS AIRES
loc_1513,1513,PARADA TATAY,1,BUENOS AIRES
loc_1514,1514,RETIRO SAN PABLO,1,BUENOS AIRES
loc_1515,1515,SAN ERNESTO,1,BUENOS AIRES
loc_1516,1516,TATAY,1,BUENOS AIRES
loc_1517,1517,TRES SARGENTOS,1,BUENOS AIRES
loc_1518,1518,BANDERALO,1,BUENOS AIRES
loc_1520,1520,CORONEL CHARLONE,1,BUENOS AIRES
loc_1521,1521,DRABBLE,1,BUENOS AIRES
loc_1522,1522,EL DIA,1,BUENOS AIRES
loc_1523,1523,ELORDI,1,BUENOS AIRES
loc_1524,1524,EMILIO BUNGE,1,BUENOS AIRES
loc_1525,1525,FERNANDO MARTI,1,BUENOS AIRES
loc_1526,1526,FRANCISCO CASAL,1,BUENOS AIRES
loc_1527,1527,GENERAL VILLEGAS,1,BUENOS AIRES
loc_1528,1528,GONDRA,1,BUENOS AIRES
loc_1529,1529,LOS CALDENES,1,BUENOS AIRES
loc_1530,1530,LOS LAURELES,1,BUENOS AIRES
loc_1531,1531,MOORES,1,BUENOS AIRES
loc_1532,1532,PICHINCHA,1,BUENOS AIRES
loc_1533,1533,PIEDRITAS,1,BUENOS AIRES
loc_1534,1534,PRADERE JUAN A,1,BUENOS AIRES
loc_1535,1535,SANTA ELEODORA,1,BUENOS AIRES
loc_1536,1536,SANTA REGINA,1,BUENOS AIRES
loc_1537,1537,VILLA SABOYA,1,BUENOS AIRES
loc_1538,1538,VILLA SAUCE,1,BUENOS AIRES
loc_1539,1539,ALASTUEY,1,BUENOS AIRES
loc_1540,1540,CAMINERA LUJAN,1,BUENOS AIRES
loc_1542,1542,CARLOS KEEN,1,BUENOS AIRES
loc_1543,1543,COLONIA NAC DE ALIENADOS,1,BUENOS AIRES
loc_1544,1544,CORTINES,1,BUENOS AIRES
loc_1545,1545,CUARTEL CUATRO,1,BUENOS AIRES
loc_1546,1546,DOCTOR DOMINGO CABRED,1,BUENOS AIRES
loc_1547,1547,EST JAUREGUI (VA FLANDRIA),1,BUENOS AIRES
loc_1548,1548,JAUREGUI JOSE MARIA,1,BUENOS AIRES
loc_1549,1549,LA LOMA,1,BUENOS AIRES
loc_1550,1550,LEZICA Y TORREZURI,1,BUENOS AIRES
loc_1551,1551,LUJAN,1,BUENOS AIRES
loc_1552,1552,MARISCAL SUCRE,1,BUENOS AIRES
loc_1553,1553,OLIVERA,1,BUENOS AIRES
loc_1554,1554,OPEN DOOR,1,BUENOS AIRES
loc_1555,1555,PUEBLO NUEVO,1,BUENOS AIRES
loc_1556,1556,RUTA 8 KILOMETRO 77,1,BUENOS AIRES
loc_1557,1557,SAN ELADIO,1,BUENOS AIRES
loc_1558,1558,SANTA ELENA,1,BUENOS AIRES
loc_1559,1559,SUCRE,1,BUENOS AIRES
loc_1560,1560,TORRES,1,BUENOS AIRES
loc_1561,1561,VILLA FRANCIA,1,BUENOS AIRES
loc_1562,1562,ABASTO,1,BUENOS AIRES
loc_1563,1563,ARANA,1,BUENOS AIRES
loc_1564,1564,ARTURO SEGUI,1,BUENOS AIRES
loc_1565,1565,BUCHANAN,1,BUENOS AIRES
loc_1566,1566,CAMINO CENTENARIO KM 11500,1,BUENOS AIRES
loc_1567,1567,CITY BELL,1,BUENOS AIRES
loc_1568,1568,ESTACION GOMEZ,1,BUENOS AIRES
loc_1569,1569,ESTACION MORENO,1,BUENOS AIRES
loc_1570,1570,IGNACIO CORREAS ARANA,1,BUENOS AIRES
loc_1571,1571,ISLA MARTIN GARCIA,1,BUENOS AIRES
loc_1572,1572,JOAQUIN GORINA,1,BUENOS AIRES
loc_1573,1573,JUAN VUCETICH EX DR R LEVENE,1,BUENOS AIRES
loc_1574,1574,LA PLATA,1,BUENOS AIRES
loc_1575,1575,LISANDRO OLMOS ETCHEVERRY,1,BUENOS AIRES
loc_1576,1576,LOS EUCALIPTUS CASCO URBANO,1,BUENOS AIRES
loc_1577,1577,MANUEL B GONNET,1,BUENOS AIRES
loc_1578,1578,MELCHOR ROMERO,1,BUENOS AIRES
loc_1579,1579,NUEVA HERMOSURA,1,BUENOS AIRES
loc_1580,1580,PEREYRA IRAOLA PARQUE,1,BUENOS AIRES
loc_1581,1581,POBLET,1,BUENOS AIRES
loc_1582,1582,VILLA ELISA,1,BUENOS AIRES
loc_1583,1583,CUARTEL V,1,BUENOS AIRES
loc_1584,1584,FRANCISCO ALVAREZ,1,BUENOS AIRES
loc_1585,1585,LA REJA,1,BUENOS AIRES
loc_1586,1586,MORENO,1,BUENOS AIRES
loc_1587,1587,PASO DEL REY,1,BUENOS AIRES
loc_1588,1588,TRUJUI,1,BUENOS AIRES
loc_1589,1589,ALBERDI,1,BUENOS AIRES
loc_1590,1590,COLONIA ALBERDI,1,BUENOS AIRES
loc_1591,1591,DE BRUYN,1,BUENOS AIRES
loc_1592,1592,EDMUNDO PERKINS,1,BUENOS AIRES
loc_1593,1593,EL DORADO,1,BUENOS AIRES
loc_1594,1594,FORTIN ACHA,1,BUENOS AIRES
loc_1595,1595,JUAN BAUTISTA ALBERDI,1,BUENOS AIRES
loc_1596,1596,LEANDRO N ALEM,1,BUENOS AIRES
loc_1597,1597,SAUZALES,1,BUENOS AIRES
loc_1598,1598,TRIGALES,1,BUENOS AIRES
loc_1599,1599,VEDIA,1,BUENOS AIRES
loc_1600,1600,ACASSUSO,1,BUENOS AIRES
loc_1601,1601,BECCAR,1,BUENOS AIRES
loc_1602,1602,BOULOGNE,1,BUENOS AIRES
loc_1603,1603,MARTINEZ,1,BUENOS AIRES
loc_1604,1604,SAN ISIDRO,1,BUENOS AIRES
loc_1605,1605,VILLA ADELINA,1,BUENOS AIRES
loc_1606,1606,CHAPALEUFU,1,BUENOS AIRES
loc_1607,1607,COLMAN,1,BUENOS AIRES
loc_1609,1609,EL CARMEN DE LANGUEYU,1,BUENOS AIRES
loc_1610,1610,EL CHALAR,1,BUENOS AIRES
loc_1611,1611,GALERA DE TORRES,1,BUENOS AIRES
loc_1612,1612,LOMA NEGRA,1,BUENOS AIRES
loc_1613,1613,LOMA PARTIDA,1,BUENOS AIRES
loc_1614,1614,MAGALLANES,1,BUENOS AIRES
loc_1615,1615,MIRANDA,1,BUENOS AIRES
loc_1617,1617,RAUCH,1,BUENOS AIRES
loc_1618,1618,SAN JOSE,1,BUENOS AIRES
loc_1619,1619,VILLA BURGOS,1,BUENOS AIRES
loc_1620,1620,VILLA LOMA,1,BUENOS AIRES
loc_1621,1621,VILLA SAN PEDRO,1,BUENOS AIRES
loc_1622,1622,BAIGORRITA,1,BUENOS AIRES
loc_1623,1623,CAMPO COLIQUEO,1,BUENOS AIRES
loc_1624,1624,CAMPO LA TRIBU,1,BUENOS AIRES
loc_1625,1625,CHANCAY,1,BUENOS AIRES
loc_1626,1626,COLONIA LOS BOSQUES,1,BUENOS AIRES
loc_1627,1627,COLONIA LOS HUESOS,1,BUENOS AIRES
loc_1628,1628,COLONIA SAN FRANCISCO,1,BUENOS AIRES
loc_1629,1629,EL RETIRO,1,BUENOS AIRES
loc_1630,1630,GENERAL VIAMONTE,1,BUENOS AIRES
loc_1631,1631,KILOMETRO 282,1,BUENOS AIRES
loc_1632,1632,LA DELFINA,1,BUENOS AIRES
loc_1633,1633,LA TRIBU,1,BUENOS AIRES
loc_1634,1634,LOS BOSQUES,1,BUENOS AIRES
loc_1635,1635,LOS HUESOS,1,BUENOS AIRES
loc_1636,1636,LOS TOLDOS,1,BUENOS AIRES
loc_1637,1637,QUIRNO COSTA,1,BUENOS AIRES
loc_1638,1638,SAN EMILIO,1,BUENOS AIRES
loc_1639,1639,SAN ROQUE,1,BUENOS AIRES
loc_1640,1640,VILLA DELFINA,1,BUENOS AIRES
loc_1641,1641,ZAVALIA,1,BUENOS AIRES
loc_1642,1642,ARROYO DULCE,1,BUENOS AIRES
loc_1643,1643,BERDIER,1,BUENOS AIRES
loc_1645,1645,EL RETIRO,1,BUENOS AIRES
loc_1646,1646,GAHAN,1,BUENOS AIRES
loc_1647,1647,INES INDART,1,BUENOS AIRES
loc_1648,1648,KILOMETRO 187,1,BUENOS AIRES
loc_1649,1649,LA INVENCIBLE,1,BUENOS AIRES
loc_1650,1650,LAS CUATRO PUERTAS,1,BUENOS AIRES
loc_1651,1651,MARCELINO UGARTE,1,BUENOS AIRES
loc_1652,1652,MONROE,1,BUENOS AIRES
loc_1653,1653,SALTO,1,BUENOS AIRES
loc_1654,1654,TACUARI,1,BUENOS AIRES
loc_1655,1655,VILLA SAN JOSE,1,BUENOS AIRES
loc_1656,1656,ARENALES,1,BUENOS AIRES
loc_1658,1658,ASCENCION,1,BUENOS AIRES
loc_1659,1659,COLONIA LOS HORNOS,1,BUENOS AIRES
loc_1660,1660,DELGADO,1,BUENOS AIRES
loc_1661,1661,DESVIO EL CHINGOLO,1,BUENOS AIRES
loc_1662,1662,DESVIO KILOMETRO 95,1,BUENOS AIRES
loc_1663,1663,ESCUELA AGRICOLA SALESIANA,1,BUENOS AIRES
loc_1664,1664,ESTACION ASCENSION,1,BUENOS AIRES
loc_1665,1665,ESTACION GENERAL ARENALES,1,BUENOS AIRES
loc_1666,1666,FERRE,1,BUENOS AIRES
loc_1667,1667,GENERAL ARENALES,1,BUENOS AIRES
loc_1668,1668,HAM,1,BUENOS AIRES
loc_1669,1669,KILOMETRO 95,1,BUENOS AIRES
loc_1670,1670,LA ANGELITA,1,BUENOS AIRES
loc_1671,1671,LA HUAYQUERIA,1,BUENOS AIRES
loc_1672,1672,LA PINTA,1,BUENOS AIRES
loc_1673,1673,LA TRINIDAD,1,BUENOS AIRES
loc_1674,1674,CAPDEPONT,1,BUENOS AIRES
loc_1675,1675,GENERAL RIVAS,1,BUENOS AIRES
loc_1676,1676,HARAS LA ELVIRA,1,BUENOS AIRES
loc_1677,1677,LA SARA,1,BUENOS AIRES
loc_1678,1678,ROMAN BAEZ,1,BUENOS AIRES
loc_1679,1679,SUIPACHA,1,BUENOS AIRES
loc_1680,1680,ADELA CORTI,1,BUENOS AIRES
loc_1681,1681,AGUARA,1,BUENOS AIRES
loc_1682,1682,ALFEREZ SAN MARTIN,1,BUENOS AIRES
loc_1683,1683,BAHIA BLANCA,1,BUENOS AIRES
loc_1684,1684,BASE AERONAVAL CMTE ESPORA,1,BUENOS AIRES
loc_1685,1685,CABILDO,1,BUENOS AIRES
loc_1686,1686,COCHRANE,1,BUENOS AIRES
loc_1687,1687,COLONIA BELLA VISTA,1,BUENOS AIRES
loc_1688,1688,CORTI,1,BUENOS AIRES
loc_1689,1689,ESPORA,1,BUENOS AIRES
loc_1690,1690,GARRO,1,BUENOS AIRES
loc_1691,1691,GRAL DANIEL CERRI,1,BUENOS AIRES
loc_1692,1692,GRUMBEIN,1,BUENOS AIRES
loc_1693,1693,INGENIERO WHITE,1,BUENOS AIRES
loc_1694,1694,KILOMETRO 11,1,BUENOS AIRES
loc_1695,1695,KILOMETRO 652,1,BUENOS AIRES
loc_1696,1696,KILOMETRO 666,1,BUENOS AIRES
loc_1697,1697,KILOMETRO 9 SUD,1,BUENOS AIRES
loc_1698,1698,LA VITICOLA,1,BUENOS AIRES
loc_1699,1699,PUERTO GALVAN,1,BUENOS AIRES
loc_1700,1700,SAUCE CHICO,1,BUENOS AIRES
loc_1701,1701,SPURR,1,BUENOS AIRES
loc_1702,1702,VENANCIO,1,BUENOS AIRES
loc_1703,1703,VILLA BUENOS AIRES,1,BUENOS AIRES
loc_1704,1704,VILLA CERRITO,1,BUENOS AIRES
loc_1705,1705,VILLA DOMINGO PRONSATO,1,BUENOS AIRES
loc_1706,1706,VILLA FLORESTA,1,BUENOS AIRES
loc_1707,1707,VILLA HARDING GREEN,1,BUENOS AIRES
loc_1708,1708,VILLA HERMINIA,1,BUENOS AIRES
loc_1709,1709,VILLA ITALIA,1,BUENOS AIRES
loc_1710,1710,VILLA LIBRE,1,BUENOS AIRES
loc_1711,1711,VILLA LORETO,1,BUENOS AIRES
loc_1712,1712,VILLA MITRE,1,BUENOS AIRES
loc_1713,1713,VILLA NOCITO,1,BUENOS AIRES
loc_1714,1714,VILLA OBRERA,1,BUENOS AIRES
loc_1715,1715,VILLA OLGA GRUMBEIN,1,BUENOS AIRES
loc_1716,1716,VILLA ROSAS,1,BUENOS AIRES
loc_1717,1717,VILLA SANCHEZ ELIA,1,BUENOS AIRES
loc_1718,1718,VILLA SERRA,1,BUENOS AIRES
loc_1719,1719,ZONA CANGREJALES,1,BUENOS AIRES
loc_1720,1720,ALTO VERDE,1,BUENOS AIRES
loc_1721,1721,ARROYO AGUILA NEGRA,1,BUENOS AIRES
loc_1722,1722,ARROYO BOTIJA FALSA,1,BUENOS AIRES
loc_1723,1723,ARROYO NEGRO,1,BUENOS AIRES
loc_1725,1725,ATUCHA,1,BUENOS AIRES
loc_1726,1726,BARRIO SAN JACINTO,1,BUENOS AIRES
loc_1727,1727,CANAL MARTIN IRIGOYEN,1,BUENOS AIRES
loc_1728,1728,EL TATU,1,BUENOS AIRES
loc_1729,1729,ESCALADA,1,BUENOS AIRES
loc_1730,1730,FRIGORIFICO LAS PALMAS,1,BUENOS AIRES
loc_1731,1731,LA PESQUERIA,1,BUENOS AIRES
loc_1732,1732,LAS PALMAS,1,BUENOS AIRES
loc_1733,1733,LIMA,1,BUENOS AIRES
loc_1734,1734,VILLA ANGUS,1,BUENOS AIRES
loc_1735,1735,VILLA CAPDEPONT,1,BUENOS AIRES
loc_1736,1736,VILLA FLORIDA,1,BUENOS AIRES
loc_1737,1737,VILLA FOX,1,BUENOS AIRES
loc_1738,1738,VILLA MASSONI,1,BUENOS AIRES
loc_1739,1739,VILLA MOSCONI,1,BUENOS AIRES
loc_1740,1740,ZARATE,1,BUENOS AIRES
loc_1741,1741,ZONA DELTA ZARATE,1,BUENOS AIRES
loc_1742,1742,MAR AZUL,1,BUENOS AIRES
loc_1743,1743,MAR DE LAS PAMPAS,1,BUENOS AIRES
loc_1744,1744,VILLA GESELL,1,BUENOS AIRES
loc_1745,1745,LAPRIDA,1,BUENOS AIRES
loc_1746,1746,LAS HERMANAS,1,BUENOS AIRES
loc_1747,1747,LOS PINOS,1,BUENOS AIRES
loc_1749,1749,SAN JORGE,1,BUENOS AIRES
loc_1750,1750,SANTA ELENA,1,BUENOS AIRES
loc_1751,1751,VILLA PUEBLO NUEVO,1,BUENOS AIRES
loc_1752,1752,VOLUNTAD,1,BUENOS AIRES
loc_1753,1753,BERNAL ESTE,1,BUENOS AIRES
loc_1754,1754,BERNAL OESTE,1,BUENOS AIRES
loc_1755,1755,DON BOSCO,1,BUENOS AIRES
loc_1756,1756,EZPELETA ESTE,1,BUENOS AIRES
loc_1757,1757,EZPELETA OESTE,1,BUENOS AIRES
loc_1758,1758,QUILMES,1,BUENOS AIRES
loc_1759,1759,QUILMES OESTE,1,BUENOS AIRES
loc_1760,1760,SAN FRANCISCO SOLANO,1,BUENOS AIRES
loc_1761,1761,VILLA LA FLORIDA,1,BUENOS AIRES
loc_1762,1762,ANASAGASTI,1,BUENOS AIRES
loc_1764,1764,ESTEBAN DIAZ,1,BUENOS AIRES
loc_1765,1765,GONZALEZ RISOS,1,BUENOS AIRES
loc_1766,1766,INGENIERO WILLIAMS,1,BUENOS AIRES
loc_1767,1767,JUAN JOSE ALMEYRA,1,BUENOS AIRES
loc_1768,1768,KILOMETRO 116,1,BUENOS AIRES
loc_1769,1769,KILOMETRO 117,1,BUENOS AIRES
loc_1770,1770,KILOMETRO 83,1,BUENOS AIRES
loc_1771,1771,KILOMETRO 90,1,BUENOS AIRES
loc_1772,1772,LA BLANQUEADA,1,BUENOS AIRES
loc_1773,1773,LA VICTORIA DESVIO,1,BUENOS AIRES
loc_1774,1774,LAS MARIANAS,1,BUENOS AIRES
loc_1775,1775,MOLL,1,BUENOS AIRES
loc_1776,1776,NAVARRO,1,BUENOS AIRES
loc_1777,1777,RINCON NORTE,1,BUENOS AIRES
loc_1778,1778,SOL DE MAYO,1,BUENOS AIRES
loc_1779,1779,ALDECON,1,BUENOS AIRES
loc_1780,1780,CHALA QUILCA,1,BUENOS AIRES
loc_1781,1781,FORTIN NECOCHEA,1,BUENOS AIRES
loc_1782,1782,GENERAL LAMADRID,1,BUENOS AIRES
loc_1783,1783,LA COLINA,1,BUENOS AIRES
loc_1784,1784,LAS BANDURRIAS,1,BUENOS AIRES
loc_1785,1785,LAS MARTINETAS,1,BUENOS AIRES
loc_1786,1786,LASTRA,1,BUENOS AIRES
loc_1787,1787,LIBANO,1,BUENOS AIRES
loc_1788,1788,PONTAUT,1,BUENOS AIRES
loc_1789,1789,QUILCO,1,BUENOS AIRES
loc_1790,1790,RAULET,1,BUENOS AIRES
loc_1791,1791,SAN QUILCO,1,BUENOS AIRES
loc_1792,1792,SANTA CLEMENTINA,1,BUENOS AIRES
loc_1793,1793,ADELA,1,BUENOS AIRES
loc_1794,1794,CHASCOMUS,1,BUENOS AIRES
loc_1795,1795,COLONIA ESCUELA ARGENTINA,1,BUENOS AIRES
loc_1796,1796,COMANDANTE GIRIBONE,1,BUENOS AIRES
loc_1797,1797,CUARTEL 6,1,BUENOS AIRES
loc_1798,1798,CUARTEL 8,1,BUENOS AIRES
loc_1799,1799,DON CIPRIANO,1,BUENOS AIRES
loc_1800,1800,EL CARBON,1,BUENOS AIRES
loc_1801,1801,EL DESTINO,1,BUENOS AIRES
loc_1802,1802,EL EUCALIPTUS,1,BUENOS AIRES
loc_1803,1803,EL RINCON,1,BUENOS AIRES
loc_1804,1804,ESCRIBANO P NICOLAS,1,BUENOS AIRES
loc_1805,1805,ESPARTILLAR,1,BUENOS AIRES
loc_1806,1806,ESTANCIA SAN RAFAEL,1,BUENOS AIRES
loc_1807,1807,GANDARA,1,BUENOS AIRES
loc_1808,1808,HARAS SAN IGNACIO,1,BUENOS AIRES
loc_1809,1809,LA ALAMEDA,1,BUENOS AIRES
loc_1810,1810,LA AMALIA,1,BUENOS AIRES
loc_1811,1811,LA AMISTAD,1,BUENOS AIRES
loc_1812,1812,LA AZOTEA GRANDE,1,BUENOS AIRES
loc_1813,1813,LA HORQUETA,1,BUENOS AIRES
loc_1814,1814,LA REFORMA,1,BUENOS AIRES
loc_1815,1815,LAS BRUSCAS,1,BUENOS AIRES
loc_1816,1816,LAS MULAS,1,BUENOS AIRES
loc_1817,1817,LEGARISTI,1,BUENOS AIRES
loc_1818,1818,LEZAMA,1,BUENOS AIRES
loc_1819,1819,LIBRES DEL SUD,1,BUENOS AIRES
loc_1820,1820,MONASTERIO,1,BUENOS AIRES
loc_1821,1821,PEDRO NICOLAS ESCRIBANO,1,BUENOS AIRES
loc_1822,1822,PESSAGNO,1,BUENOS AIRES
loc_1823,1823,SAN RAFAEL,1,BUENOS AIRES
loc_1824,1824,VISTA ALEGRE,1,BUENOS AIRES
loc_1825,1825,VITEL,1,BUENOS AIRES
loc_1826,1826,EL CHUMBIAO,1,BUENOS AIRES
loc_1827,1827,EL PARCHE,1,BUENOS AIRES
loc_1828,1828,EMMA,1,BUENOS AIRES
loc_1829,1829,GENERAL ALVEAR,1,BUENOS AIRES
loc_1830,1830,HARAS R DE LA PARVA,1,BUENOS AIRES
loc_1831,1831,JOSE M MICHEO,1,BUENOS AIRES
loc_1832,1832,LA PAMPA,1,BUENOS AIRES
loc_1833,1833,LOS CHUCAROS,1,BUENOS AIRES
loc_1834,1834,LOS CUATRO CAMINOS,1,BUENOS AIRES
loc_1835,1835,SANTA ISABEL,1,BUENOS AIRES
loc_1836,1836,CAMARON CHICO,1,BUENOS AIRES
loc_1837,1837,CASALINS,1,BUENOS AIRES
loc_1838,1838,CUARTEL IV,1,BUENOS AIRES
loc_1839,1839,DON VICENTE,1,BUENOS AIRES
loc_1840,1840,EL ALBA,1,BUENOS AIRES
loc_1841,1841,EL VENCE,1,BUENOS AIRES
loc_1842,1842,LA ALCIRA,1,BUENOS AIRES
loc_1843,1843,LA DESPIERTA,1,BUENOS AIRES
loc_1844,1844,LA FLORIDA,1,BUENOS AIRES
loc_1845,1845,LA LARGA NUEVA,1,BUENOS AIRES
loc_1846,1846,LA LUZ,1,BUENOS AIRES
loc_1847,1847,LA MASCOTA,1,BUENOS AIRES
loc_1848,1848,LA PIEDRA,1,BUENOS AIRES
loc_1849,1849,LA REFORMA,1,BUENOS AIRES
loc_1850,1850,LA VICTORIA,1,BUENOS AIRES
loc_1851,1851,LAS ACHIRAS,1,BUENOS AIRES
loc_1852,1852,LAS CHILCAS,1,BUENOS AIRES
loc_1853,1853,LAS TORTUGAS,1,BUENOS AIRES
loc_1854,1854,PILA,1,BUENOS AIRES
loc_1855,1855,PUENTE EL OCHENTA,1,BUENOS AIRES
loc_1856,1856,REAL AUDIENCIA,1,BUENOS AIRES
loc_1857,1857,SAN ANTONIO,1,BUENOS AIRES
loc_1858,1858,SAN DANIEL,1,BUENOS AIRES
loc_1859,1859,SAN ENRIQUE,1,BUENOS AIRES
loc_1860,1860,EREZCANO,1,BUENOS AIRES
loc_1861,1861,GENERAL CONESA,1,BUENOS AIRES
loc_1862,1862,GENERAL ROJO,1,BUENOS AIRES
loc_1863,1863,SAN NICOLAS DE LOS ARROYOS,1,BUENOS AIRES
loc_1864,1864,GENERAL GUIDO,1,BUENOS AIRES
loc_1865,1865,LA UNION,1,BUENOS AIRES
loc_1866,1866,LABARDEN,1,BUENOS AIRES
loc_1867,1867,SAN JUSTO,1,BUENOS AIRES
loc_1868,1868,GRAND BOURG,1,BUENOS AIRES
loc_1869,1869,INGENIERO ADOLFO SOURDEAUX,1,BUENOS AIRES
loc_1870,1870,LOS POLVORINES,1,BUENOS AIRES
loc_1871,1871,PABLO NOGUES,1,BUENOS AIRES
loc_1872,1872,TORTUGUITAS,1,BUENOS AIRES
loc_1873,1873,VILLA DE MAYO,1,BUENOS AIRES
loc_1874,1874,ALEJANDRO PETION,1,BUENOS AIRES
loc_1875,1875,BARRIO 1 DE MAYO,1,BUENOS AIRES
loc_1876,1876,CAÑUELAS,1,BUENOS AIRES
loc_1877,1877,COLONIA SANTA ROSA,1,BUENOS AIRES
loc_1878,1878,ESCUELA AGRICOLA DON BOSCO,1,BUENOS AIRES
loc_1879,1879,FRANCISCO CASAL,1,BUENOS AIRES
loc_1880,1880,GOBERNADOR UDAONDO,1,BUENOS AIRES
loc_1881,1881,INDIA MUERTA,1,BUENOS AIRES
loc_1882,1882,KILOMETRO 59,1,BUENOS AIRES
loc_1883,1883,KILOMETRO 88,1,BUENOS AIRES
loc_1884,1884,LA COSTA,1,BUENOS AIRES
loc_1885,1885,LA GARITA,1,BUENOS AIRES
loc_1886,1886,LA LEONOR,1,BUENOS AIRES
loc_1887,1887,LA NORIA,1,BUENOS AIRES
loc_1888,1888,LOS AROMOS,1,BUENOS AIRES
loc_1889,1889,MAXIMO PAZ,1,BUENOS AIRES
loc_1890,1890,PALMITAS,1,BUENOS AIRES
loc_1891,1891,RUTA 205 KILOMETRO 57,1,BUENOS AIRES
loc_1892,1892,RUTA 3 KILOMETRO 75 700,1,BUENOS AIRES
loc_1893,1893,SANTA ROSA,1,BUENOS AIRES
loc_1894,1894,URIBELARREA,1,BUENOS AIRES
loc_1895,1895,VICENTE CASARES,1,BUENOS AIRES
loc_1896,1896,VILLA ADRIANA,1,BUENOS AIRES
loc_1897,1897,BARRIO PEDRO ROCCO,1,BUENOS AIRES
loc_1898,1898,FARO SAN ANTONIO,1,BUENOS AIRES
loc_1899,1899,GENERAL LAVALLE,1,BUENOS AIRES
loc_1900,1900,LA MASCOTA,1,BUENOS AIRES
loc_1901,1901,LA TABLADA,1,BUENOS AIRES
loc_1902,1902,LA VICTORIA,1,BUENOS AIRES
loc_1903,1903,SALADA CHICA,1,BUENOS AIRES
loc_1904,1904,SALADA GRANDE,1,BUENOS AIRES
loc_1905,1905,SAN JOSE DE LOS QUINTEROS,1,BUENOS AIRES
loc_1906,1906,SANTA TERESA,1,BUENOS AIRES
loc_1907,1907,VILLA CLELIA,1,BUENOS AIRES
loc_1908,1908,BALNEARIO ORIENTE,1,BUENOS AIRES
loc_1909,1909,BALNEARIO SAUCE GRANDE,1,BUENOS AIRES
loc_1910,1910,MONTE HERMOSO,1,BUENOS AIRES
loc_1911,1911,SAUCE GRANDE,1,BUENOS AIRES
loc_1912,1912,ZUBIAURRE,1,BUENOS AIRES
loc_1913,1913,CORONEL BOERR,1,BUENOS AIRES
loc_1914,1914,DOCTOR DOMINGO HAROSTEGUY,1,BUENOS AIRES
loc_1915,1915,EL GUALICHO,1,BUENOS AIRES
loc_1916,1916,EL TRIGO,1,BUENOS AIRES
loc_1917,1917,ESTRUGAMOU,1,BUENOS AIRES
loc_1918,1918,LA ESPERANZA ROSAS LAS FLORES,1,BUENOS AIRES
loc_1920,1920,LAS FLORES,1,BUENOS AIRES
loc_1921,1921,PARDO,1,BUENOS AIRES
loc_1922,1922,PLAZA MONTERO,1,BUENOS AIRES
loc_1923,1923,ROSAS,1,BUENOS AIRES
loc_1924,1924,SANTA ROSA DE MINELLONO,1,BUENOS AIRES
loc_1925,1925,VILELA,1,BUENOS AIRES
loc_1926,1926,CAILOMUTA,1,BUENOS AIRES
loc_1927,1927,ESTACION CAIOMUTA,1,BUENOS AIRES
loc_1928,1928,GRACIARENA,1,BUENOS AIRES
loc_1929,1929,QUENUMA,1,BUENOS AIRES
loc_1930,1930,SALLIQUELO,1,BUENOS AIRES
loc_1931,1931,ARROYO CANELON,1,BUENOS AIRES
loc_1932,1932,ARROYO LAS ROSAS,1,BUENOS AIRES
loc_1933,1933,BARRIO EL CAZADOR,1,BUENOS AIRES
loc_1934,1934,BARRIO GARIN NORTE,1,BUENOS AIRES
loc_1935,1935,BARRIO PARQUE LAMBARE,1,BUENOS AIRES
loc_1936,1936,BELEN DE ESCOBAR,1,BUENOS AIRES
loc_1938,1938,GARIN,1,BUENOS AIRES
loc_1939,1939,INGENIERO MASCHWITZ,1,BUENOS AIRES
loc_1940,1940,LA GRACIELITA,1,BUENOS AIRES
loc_1941,1941,LOMA VERDE,1,BUENOS AIRES
loc_1942,1942,MAQUINISTA F SAVIO,1,BUENOS AIRES
loc_1943,1943,MATHEU,1,BUENOS AIRES
loc_1944,1944,PUERTO DE ESCOBAR,1,BUENOS AIRES
loc_1945,1945,PUNTA DE CANAL,1,BUENOS AIRES
loc_1946,1946,VILLA LA CHECHELA,1,BUENOS AIRES
loc_1947,1947,VILLA VALLIER,1,BUENOS AIRES
loc_1948,1948,AGUAS VERDES,1,BUENOS AIRES
loc_1949,1949,COSTA AZUL,1,BUENOS AIRES
loc_1950,1950,COSTA DEL ESTE,1,BUENOS AIRES
loc_1951,1951,LA LUCILA DEL MAR,1,BUENOS AIRES
loc_1952,1952,LAS TONINAS,1,BUENOS AIRES
loc_1953,1953,MAR DE AJO,1,BUENOS AIRES
loc_1954,1954,MAR DEL TUYU,1,BUENOS AIRES
loc_1955,1955,NUEVA ATLANTIS,1,BUENOS AIRES
loc_1956,1956,PLAYA LAS MARGARITAS,1,BUENOS AIRES
loc_1957,1957,PUNTA MEDANOS,1,BUENOS AIRES
loc_1958,1958,SAN BERNARDO DEL TUYU,1,BUENOS AIRES
loc_1959,1959,SAN CLEMENTE DEL TUYU,1,BUENOS AIRES
loc_1960,1960,SANTA TERESITA,1,BUENOS AIRES
loc_1961,1961,ALFALAD,1,BUENOS AIRES
loc_1962,1962,ANDANT,1,BUENOS AIRES
loc_1963,1963,ARBOLEDA,1,BUENOS AIRES
loc_1964,1964,ATAHUALPA,1,BUENOS AIRES
loc_1965,1965,CORONEL MARCELINO FREYRE,1,BUENOS AIRES
loc_1966,1966,DAIREAUX,1,BUENOS AIRES
loc_1967,1967,ENRIQUE LAVALLE,1,BUENOS AIRES
loc_1968,1968,LA ARMONIA,1,BUENOS AIRES
loc_1969,1969,LA COPETA,1,BUENOS AIRES
loc_1970,1970,LA LARGA,1,BUENOS AIRES
loc_1971,1971,LA MANUELA,1,BUENOS AIRES
loc_1972,1972,LOS COLONIALES,1,BUENOS AIRES
loc_1973,1973,LOUGE,1,BUENOS AIRES
loc_1974,1974,LURO,1,BUENOS AIRES
loc_1975,1975,MASUREL,1,BUENOS AIRES
loc_1976,1976,MAURAS,1,BUENOS AIRES
loc_1977,1977,MOURAS,1,BUENOS AIRES
loc_1978,1978,SALAZAR,1,BUENOS AIRES
loc_1979,1979,VILLA ALDEANITA,1,BUENOS AIRES
loc_1980,1980,VILLA CAROLA,1,BUENOS AIRES
loc_1981,1981,16 DE JULIO,1,BUENOS AIRES
loc_1982,1982,ANTONIO DE LOS HEROS,1,BUENOS AIRES
loc_1983,1983,ARIEL,1,BUENOS AIRES
loc_1984,1984,ARROYO LOS HUESOS,1,BUENOS AIRES
loc_1985,1985,AZUL,1,BUENOS AIRES
loc_1986,1986,BASE NAVAL AZOPARDO,1,BUENOS AIRES
loc_1987,1987,BERNARDO VERA Y PINTADO,1,BUENOS AIRES
loc_1988,1988,CACHARI,1,BUENOS AIRES
loc_1989,1989,CAMINERA AZUL,1,BUENOS AIRES
loc_1990,1990,CAMPODONICO,1,BUENOS AIRES
loc_1991,1991,CERRO AGUILA,1,BUENOS AIRES
loc_1992,1992,CHILLAR,1,BUENOS AIRES
loc_1993,1993,CUARTEL II,1,BUENOS AIRES
loc_1994,1994,ESTACION LAZZARINO,1,BUENOS AIRES
loc_1995,1995,FORTIN IRENE,1,BUENOS AIRES
loc_1996,1996,FRANCISCO J MEEKS,1,BUENOS AIRES
loc_1997,1997,KILOMETRO 433,1,BUENOS AIRES
loc_1998,1998,LA CHUMBEADA,1,BUENOS AIRES
loc_1999,1999,LA COLORADA,1,BUENOS AIRES
loc_2000,2000,LA MANTEQUERIA,1,BUENOS AIRES
loc_2001,2001,LA PROTEGIDA,1,BUENOS AIRES
loc_2002,2002,LA VERDE,1,BUENOS AIRES
loc_2003,2003,LAGUNA MEDINA,1,BUENOS AIRES
loc_2004,2004,LAS CORTADERAS,1,BUENOS AIRES
loc_2005,2005,LAS NIEVES,1,BUENOS AIRES
loc_2006,2006,LAZZARINO,1,BUENOS AIRES
loc_2007,2007,MARTIN FIERRO,1,BUENOS AIRES
loc_2008,2008,MIRAMONTE,1,BUENOS AIRES
loc_2009,2009,NIEVES,1,BUENOS AIRES
loc_2010,2010,PABLO ACOSTA,1,BUENOS AIRES
loc_2011,2011,PARISH,1,BUENOS AIRES
loc_2012,2012,SAN GERVACIO,1,BUENOS AIRES
loc_2013,2013,SAN RAMON DE ANCHORENA,1,BUENOS AIRES
loc_2014,2014,SHAW,1,BUENOS AIRES
loc_2016,2016,VICENTE PEREDA,1,BUENOS AIRES
loc_2017,2017,BENAVIDEZ,1,BUENOS AIRES
loc_2018,2018,DIQUE LUJAN,1,BUENOS AIRES
loc_2019,2019,DON TORCUATO,1,BUENOS AIRES
loc_2020,2020,EL TALAR,1,BUENOS AIRES
loc_2021,2021,GENERAL PACHECO,1,BUENOS AIRES
loc_2022,2022,NORDELTA,1,BUENOS AIRES
loc_2023,2023,RICARDO ROJAS,1,BUENOS AIRES
loc_2024,2024,RINCON DE MILBERG,1,BUENOS AIRES
loc_2025,2025,TIGRE,1,BUENOS AIRES
loc_2026,2026,TRONCOS DEL TALAR,1,BUENOS AIRES
loc_2027,2027,ZONA DELTA TIGRE,1,BUENOS AIRES
loc_2028,2028,LIBERTAD,1,BUENOS AIRES
loc_2029,2029,MARIANO ACOSTA,1,BUENOS AIRES
loc_2030,2030,MERLO,1,BUENOS AIRES
loc_2031,2031,PARQUE SAN MARTIN,1,BUENOS AIRES
loc_2032,2032,PONTEVEDRA,1,BUENOS AIRES
loc_2033,2033,SAN ANTONIO DE PADUA,1,BUENOS AIRES
loc_2034,2034,BARKER,1,BUENOS AIRES
loc_2035,2035,BENITO JUAREZ,1,BUENOS AIRES
loc_2036,2036,CAMINERA JUAREZ,1,BUENOS AIRES
loc_2037,2037,CHAPAR,1,BUENOS AIRES
loc_2038,2038,CORONEL RODOLFO BUNGE,1,BUENOS AIRES
loc_2039,2039,EL LUCHADOR,1,BUENOS AIRES
loc_2040,2040,ESTANCIA CHAPAR,1,BUENOS AIRES
loc_2041,2041,HARAS EL CISNE,1,BUENOS AIRES
loc_2042,2042,KILOMETRO 404,1,BUENOS AIRES
loc_2043,2043,LA CALERA,1,BUENOS AIRES
loc_2044,2044,LA NUTRIA,1,BUENOS AIRES
loc_2045,2045,LOPEZ,1,BUENOS AIRES
loc_2046,2046,MARIANO ROLDAN,1,BUENOS AIRES
loc_2047,2047,MOLINO GALILEO,1,BUENOS AIRES
loc_2048,2048,MONTE CRESPO,1,BUENOS AIRES
loc_2049,2049,PACHAN,1,BUENOS AIRES
loc_2052,2052,TEDIN URIBURU,1,BUENOS AIRES
loc_2053,2053,VILLA CACIQUE,1,BUENOS AIRES
loc_2054,2054,VILLA JUAREZ,1,BUENOS AIRES
loc_2055,2055,ALGARROBO,1,BUENOS AIRES
loc_2056,2056,BELLOCQ,1,BUENOS AIRES
loc_2057,2057,CADRET,1,BUENOS AIRES
loc_2058,2058,CARLOS CASARES,1,BUENOS AIRES
loc_2059,2059,CENTENARIO,1,BUENOS AIRES
loc_2060,2060,COLONIA LA ESPERANZA,1,BUENOS AIRES
loc_2061,2061,COLONIA MAURICIO,1,BUENOS AIRES
loc_2062,2062,COLONIA SANTA MARIA,1,BUENOS AIRES
loc_2063,2063,EL CAMOATI,1,BUENOS AIRES
loc_2064,2064,EL CARPINCHO,1,BUENOS AIRES
loc_2065,2065,ESTANCIA SAN CLAUDIO,1,BUENOS AIRES
loc_2066,2066,GOBERNADOR ARIAS,1,BUENOS AIRES
loc_2067,2067,HORTENSIA,1,BUENOS AIRES
loc_2068,2068,LA DORITA,1,BUENOS AIRES
loc_2069,2069,LA SOFIA,1,BUENOS AIRES
loc_2070,2070,MAURICIO HIRSCH,1,BUENOS AIRES
loc_2071,2071,MOCTEZUMA,1,BUENOS AIRES
loc_2072,2072,ODORQUI,1,BUENOS AIRES
loc_2073,2073,SAN JUAN DE NELSON,1,BUENOS AIRES
loc_2074,2074,SANTA MARIA BELLOQ,1,BUENOS AIRES
loc_2075,2075,SANTO TOMAS,1,BUENOS AIRES
loc_2076,2076,SANTO TOMAS CHICO,1,BUENOS AIRES
loc_2077,2077,SMITH,1,BUENOS AIRES
loc_2078,2078,BALCARCE,1,BUENOS AIRES
loc_2079,2079,BOSCH,1,BUENOS AIRES
loc_2080,2080,CAMINERA NAPALEOFU,1,BUENOS AIRES
loc_2081,2081,CAMPO LA PLATA,1,BUENOS AIRES
loc_2082,2082,CAMPO LEITE,1,BUENOS AIRES
loc_2083,2083,EL CRUCE,1,BUENOS AIRES
loc_2084,2084,EL HERVIDERO,1,BUENOS AIRES
loc_2085,2085,EL JUNCO,1,BUENOS AIRES
loc_2086,2086,EL VERANO,1,BUENOS AIRES
loc_2087,2087,EL VOLANTE,1,BUENOS AIRES
loc_2088,2088,HARAS OJO DEL AGUA,1,BUENOS AIRES
loc_2089,2089,LA BRAVA,1,BUENOS AIRES
loc_2090,2090,LA ESPERANZA,1,BUENOS AIRES
loc_2091,2091,LA PARA,1,BUENOS AIRES
loc_2092,2092,LA SARA,1,BUENOS AIRES
loc_2093,2093,LAGUNA BRAVA,1,BUENOS AIRES
loc_2094,2094,LAS SUIZAS,1,BUENOS AIRES
loc_2095,2095,LOS CARDOS,1,BUENOS AIRES
loc_2096,2096,LOS PINOS,1,BUENOS AIRES
loc_2097,2097,NAPALEOFU,1,BUENOS AIRES
loc_2098,2098,RAMOS OTERO,1,BUENOS AIRES
loc_2099,2099,RINCON DE BAUDRIX,1,BUENOS AIRES
loc_2100,2100,SAN AGUSTIN,1,BUENOS AIRES
loc_2101,2101,SAN ALBERTO,1,BUENOS AIRES
loc_2102,2102,SAN SIMON,1,BUENOS AIRES
loc_2103,2103,11 DE SEPTIEMBRE,1,BUENOS AIRES
loc_2104,2104,CASEROS,1,BUENOS AIRES
loc_2105,2105,CHURRUCA,1,BUENOS AIRES
loc_2106,2106,CIUDAD JARDIN DEL PALOMAR,1,BUENOS AIRES
loc_2107,2107,CIUDADELA,1,BUENOS AIRES
loc_2108,2108,EL LIBERTADOR,1,BUENOS AIRES
loc_2109,2109,JOSE INGENIEROS,1,BUENOS AIRES
loc_2110,2110,LOMA HERMOSA,1,BUENOS AIRES
loc_2111,2111,MARTIN CORONADO,1,BUENOS AIRES
loc_2112,2112,PABLO PODESTA,1,BUENOS AIRES
loc_2113,2113,REMEDIOS DE ESCALADA,1,BUENOS AIRES
loc_2114,2114,SANTOS LUGARES,1,BUENOS AIRES
loc_2115,2115,VILLA BOSCH,1,BUENOS AIRES
loc_2116,2116,VILLA RAFFO,1,BUENOS AIRES
loc_2118,2118,CORACEROS,1,BUENOS AIRES
loc_2119,2119,EL TRIO,1,BUENOS AIRES
loc_2120,2120,HENDERSON,1,BUENOS AIRES
loc_2121,2121,HERRERA VEGAS,1,BUENOS AIRES
loc_2122,2122,MARIA LUCILA,1,BUENOS AIRES
loc_2123,2123,C.A.B.A.,2,CAPITAL FEDERAL
loc_2124,2124,AGUA DE TALA,6,CORDOBA
loc_2125,2125,ALTO CASTRO,6,CORDOBA
loc_2126,2126,ALTO DE SAN PEDRO,6,CORDOBA
loc_2127,2127,ANGOSTURA,6,CORDOBA
loc_2128,2128,BATAN,6,CORDOBA
loc_2129,2129,BIALET MASSE,6,CORDOBA
loc_2130,2130,BOSQUE ALEGRE,6,CORDOBA
loc_2131,2131,BUEN RETIRO,6,CORDOBA
loc_2132,2132,CABALANGO,6,CORDOBA
loc_2133,2133,CAJON DEL RIO,6,CORDOBA
loc_2134,2134,CALABALUMBA,6,CORDOBA
loc_2136,2136,CAPILLA DEL MONTE,6,CORDOBA
loc_2137,2137,CASA GRANDE,6,CORDOBA
loc_2138,2138,CASA NUEVA,6,CORDOBA
loc_2139,2139,CASA SERRANA HUERTA GRANDE,6,CORDOBA
loc_2140,2140,CASCADAS,6,CORDOBA
loc_2141,2141,CASSAFFOUSTH ESTACION FCGB,6,CORDOBA
loc_2142,2142,CHACHA DEL REY,6,CORDOBA
loc_2143,2143,CHARBONIER,6,CORDOBA
loc_2144,2144,COLONIA BANCO PCIA BS AS,6,CORDOBA
loc_2145,2145,COPINA,6,CORDOBA
loc_2146,2146,COSQUIN,6,CORDOBA
loc_2147,2147,CRUZ CHICA,6,CORDOBA
loc_2148,2148,CUCHILLA NEVADA,6,CORDOBA
loc_2149,2149,CUESTA BLANCA,6,CORDOBA
loc_2150,2150,DIQUE LAS VAQUERIAS,6,CORDOBA
loc_2151,2151,DIQUE SAN ROQUE,6,CORDOBA
loc_2152,2152,DOLORES SAN ESTEBAN,6,CORDOBA
loc_2153,2153,DOMINGO FUNES,6,CORDOBA
loc_2154,2154,DOS RIOS,6,CORDOBA
loc_2155,2155,EL AGUILA BLANCA,6,CORDOBA
loc_2156,2156,EL BALDECITO,6,CORDOBA
loc_2157,2157,EL CARRIZAL,6,CORDOBA
loc_2158,2158,EL CUADRADO,6,CORDOBA
loc_2159,2159,EL DURAZNO,6,CORDOBA
loc_2160,2160,EL PERCHEL,6,CORDOBA
loc_2161,2161,EL PERUEL,6,CORDOBA
loc_2162,2162,EL PILCADO,6,CORDOBA
loc_2163,2163,EL PINGO,6,CORDOBA
loc_2164,2164,EL POTRERO,6,CORDOBA
loc_2165,2165,EL PUENTE,6,CORDOBA
loc_2166,2166,EL SALTO,6,CORDOBA
loc_2167,2167,EL VADO,6,CORDOBA
loc_2168,2168,EL VERGEL,6,CORDOBA
loc_2169,2169,EL ZAPATO,6,CORDOBA
loc_2170,2170,ESCOBAS,6,CORDOBA
loc_2171,2171,ESTANCIA DOS RIOS,6,CORDOBA
loc_2172,2172,ESTANCIA VIEJA,6,CORDOBA
loc_2173,2173,GRUTA DE SAN ANTONIO,6,CORDOBA
loc_2174,2174,GUASTA,6,CORDOBA
loc_2175,2175,HOSPITAL FLIA DOMINGO FUNES,6,CORDOBA
loc_2176,2176,HUERTA GRANDE,6,CORDOBA
loc_2177,2177,IRIGOYEN,6,CORDOBA
loc_2178,2178,KILOMETRO 579,6,CORDOBA
loc_2179,2179,KILOMETRO 592,6,CORDOBA
loc_2180,2180,KILOMETRO 608,6,CORDOBA
loc_2181,2181,LA CANTERA,6,CORDOBA
loc_2183,2183,LA COSTA,6,CORDOBA
loc_2184,2184,LA CUMBRE,6,CORDOBA
loc_2185,2185,LA FALDA,6,CORDOBA
loc_2186,2186,LA PIEDRA MOVEDIZA,6,CORDOBA
loc_2187,2187,LA QUEBRADA,6,CORDOBA
loc_2188,2188,LA USINA,6,CORDOBA
loc_2189,2189,LAS CASITAS,6,CORDOBA
loc_2190,2190,LAS GEMELAS,6,CORDOBA
loc_2191,2191,LAS PAMPILLAS,6,CORDOBA
loc_2192,2192,LAS PLAYAS,6,CORDOBA
loc_2193,2193,LAS VAQUERIAS,6,CORDOBA
loc_2194,2194,LOS COCOS,6,CORDOBA
loc_2195,2195,LOS GIGANTES,6,CORDOBA
loc_2196,2196,LOS GUEVARA,6,CORDOBA
loc_2197,2197,LOS HELECHOS,6,CORDOBA
loc_2198,2198,LOS MOGOTES,6,CORDOBA
loc_2199,2199,LOS PAREDONES,6,CORDOBA
loc_2200,2200,LOS PUENTES,6,CORDOBA
loc_2201,2201,LOS TERRONES,6,CORDOBA
loc_2202,2202,MALLIN,6,CORDOBA
loc_2203,2203,MAYU SUMAJ,6,CORDOBA
loc_2204,2204,MOLINARI,6,CORDOBA
loc_2205,2205,PAMPA DE OLAEN,6,CORDOBA
loc_2206,2206,PARQUE SIQUIMAN,6,CORDOBA
loc_2207,2207,PIEDRA GRANDE,6,CORDOBA
loc_2208,2208,PIEDRA MOVEDIZA,6,CORDOBA
loc_2209,2209,PIEDRAS BLANCAS,6,CORDOBA
loc_2210,2210,PIEDRAS GRANDES,6,CORDOBA
loc_2211,2211,PUNILLA,6,CORDOBA
loc_2212,2212,QUEBRADA DE LUNA,6,CORDOBA
loc_2213,2213,RIO GRANDE,6,CORDOBA
loc_2214,2214,SAN ANTONIO DE ARREDONDO,6,CORDOBA
loc_2215,2215,SAN BUENAVENTURA,6,CORDOBA
loc_2216,2216,SAN ESTEBAN,6,CORDOBA
loc_2217,2217,SAN IGNACIO,6,CORDOBA
loc_2218,2218,SAN JOSE,6,CORDOBA
loc_2219,2219,SAN ROQUE,6,CORDOBA
loc_2220,2220,SAN SALVADOR,6,CORDOBA
loc_2221,2221,SANTA ISABEL,6,CORDOBA
loc_2222,2222,SANTA MARIA DE PUNILLA,6,CORDOBA
loc_2223,2223,SANTA ROSA,6,CORDOBA
loc_2224,2224,SANTA ROSA HUERTA GRANDE,6,CORDOBA
loc_2225,2225,SAUCE ARRIBA,6,CORDOBA
loc_2226,2226,SOLARES DE YCHO CRUZ,6,CORDOBA
loc_2227,2227,SUNCHO HUICO,6,CORDOBA
loc_2228,2228,TALA HUASI,6,CORDOBA
loc_2229,2229,TANTI,6,CORDOBA
loc_2230,2230,TANTI LOMAS,6,CORDOBA
loc_2231,2231,TANTI NUEVO,6,CORDOBA
loc_2232,2232,URITORCO,6,CORDOBA
loc_2233,2233,VALLE HERMOSO,6,CORDOBA
loc_2234,2234,VILLA AHORA,6,CORDOBA
loc_2235,2235,VILLA BUSTOS,6,CORDOBA
loc_2236,2236,VILLA CAEIRO,6,CORDOBA
loc_2237,2237,VILLA CARLOS PAZ,6,CORDOBA
loc_2238,2238,VILLA COSTA AZUL,6,CORDOBA
loc_2239,2239,VILLA CUESTA BLANCA,6,CORDOBA
loc_2240,2240,VILLA FLOR SERRANA,6,CORDOBA
loc_2241,2241,VILLA GIARDINO,6,CORDOBA
loc_2242,2242,VILLA GRACIA,6,CORDOBA
loc_2243,2243,VILLA INDEPENDENCIA,6,CORDOBA
loc_2244,2244,VILLA PARQUE SIQUIMAN,6,CORDOBA
loc_2245,2245,VILLA RIO YCHO CRUZ,6,CORDOBA
loc_2246,2246,VILLA SANTA CRUZ DEL LAGO,6,CORDOBA
loc_2247,2247,VILLA SUIZA ARGENTINA,6,CORDOBA
loc_2248,2248,YCHO CRUZ SIERRAS,6,CORDOBA
loc_2249,2249,ACHIRAS,6,CORDOBA
loc_2250,2250,ADELIA MARIA,6,CORDOBA
loc_2251,2251,ALCIRA ESTACION GIGENA,6,CORDOBA
loc_2252,2252,ALPA CORRAL,6,CORDOBA
loc_2253,2253,ALPAPUCA,6,CORDOBA
loc_2254,2254,ARROYO SANTA CATALINA,6,CORDOBA
loc_2255,2255,ARSENAL JOSE MARIA ROJAS,6,CORDOBA
loc_2256,2256,BAJADA NUEVA,6,CORDOBA
loc_2257,2257,BERROTARAN,6,CORDOBA
loc_2258,2258,BULNES,6,CORDOBA
loc_2259,2259,CAMPO DE LA TORRE,6,CORDOBA
loc_2260,2260,CAPILLA DE TEGUA,6,CORDOBA
loc_2261,2261,CHAJAN,6,CORDOBA
loc_2263,2263,CHUCUL,6,CORDOBA
loc_2264,2264,COLONIA DEAN FUNES,6,CORDOBA
loc_2265,2265,COLONIA EL CARMEN PARAJE,6,CORDOBA
loc_2266,2266,COLONIA LA ARGENTINA,6,CORDOBA
loc_2267,2267,COLONIA LA CARMENSITA,6,CORDOBA
loc_2268,2268,COLONIA LA CELESTINA,6,CORDOBA
loc_2269,2269,COLONIA LA PIEDRA,6,CORDOBA
loc_2270,2270,COLONIA ORCOVI,6,CORDOBA
loc_2271,2271,COLONIA PASO CARRIL,6,CORDOBA
loc_2272,2272,CORONEL BAIGORRIA,6,CORDOBA
loc_2273,2273,CORONEL MOLDES,6,CORDOBA
loc_2274,2274,COSTA DEL TAMBO,6,CORDOBA
loc_2275,2275,CUATRO VIENTOS,6,CORDOBA
loc_2276,2276,DOS LAGUNAS,6,CORDOBA
loc_2278,2278,EL BARREAL,6,CORDOBA
loc_2279,2279,EL CANO,6,CORDOBA
loc_2280,2280,EL CHIQUILLAN,6,CORDOBA
loc_2281,2281,EL DURAZNITO,6,CORDOBA
loc_2282,2282,EL ESPINILLAL,6,CORDOBA
loc_2283,2283,EL POTOSI,6,CORDOBA
loc_2284,2284,EL TAMBO,6,CORDOBA
loc_2285,2285,ELENA,6,CORDOBA
loc_2286,2286,ESPINILLO,6,CORDOBA
loc_2287,2287,ESTACION ACHIRAS,6,CORDOBA
loc_2288,2288,ESTACION PUNTA DE AGUA,6,CORDOBA
loc_2289,2289,FRAGUEYRO,6,CORDOBA
loc_2290,2290,GENERAL PUEYRREDON,6,CORDOBA
loc_2291,2291,GENERAL SOLER,6,CORDOBA
loc_2292,2292,GLORIALDO FERNANDEZ,6,CORDOBA
loc_2293,2293,GUINDAS,6,CORDOBA
loc_2294,2294,HOLMBERG,6,CORDOBA
loc_2295,2295,KILOMETRO 545,6,CORDOBA
loc_2296,2296,LA AGUADA,6,CORDOBA
loc_2297,2297,LA BARRANQUITA,6,CORDOBA
loc_2298,2298,LA BRIANZA,6,CORDOBA
loc_2299,2299,LA CALERA,6,CORDOBA
loc_2300,2300,LA CAROLINA,6,CORDOBA
loc_2301,2301,LA CAUTIVA,6,CORDOBA
loc_2302,2302,LA COLORADA,6,CORDOBA
loc_2303,2303,LA CUMBRE,6,CORDOBA
loc_2304,2304,LA DORMIDA,6,CORDOBA
loc_2305,2305,LA ESQUINA,6,CORDOBA
loc_2306,2306,LA GILDA,6,CORDOBA
loc_2307,2307,LA INVERNADA,6,CORDOBA
loc_2308,2308,LA LAGUNILLA,6,CORDOBA
loc_2309,2309,LA MERCANTIL,6,CORDOBA
loc_2310,2310,LA MESADA,6,CORDOBA
loc_2311,2311,LA RAMONCITA,6,CORDOBA
loc_2312,2312,LA SIERRITA,6,CORDOBA
loc_2313,2313,LA VERONICA,6,CORDOBA
loc_2314,2314,LAGUNA CLARA,6,CORDOBA
loc_2315,2315,LAGUNA OSCURA,6,CORDOBA
loc_2316,2316,LAGUNA SECA,6,CORDOBA
loc_2317,2317,LAS ABAHACAS,6,CORDOBA
loc_2318,2318,LAS ACEQUIAS,6,CORDOBA
loc_2319,2319,LAS ALBAHACAS,6,CORDOBA
loc_2320,2320,LAS CALECITAS,6,CORDOBA
loc_2322,2322,LAS CINCO CUADRAS,6,CORDOBA
loc_2323,2323,LAS ENSENADAS,6,CORDOBA
loc_2324,2324,LAS GAMAS,6,CORDOBA
loc_2325,2325,LAS GUINDAS,6,CORDOBA
loc_2326,2326,LAS HIGUERAS,6,CORDOBA
loc_2327,2327,LAS MORAS,6,CORDOBA
loc_2330,2330,LAS TAPIAS,6,CORDOBA
loc_2331,2331,LAS VERTIENTES,6,CORDOBA
loc_2332,2332,LOS JAGUELES,6,CORDOBA
loc_2333,2333,LOS MEDANOS,6,CORDOBA
loc_2334,2334,LOS TRES POZOS,6,CORDOBA
loc_2335,2335,MALENA,6,CORDOBA
loc_2336,2336,MONTE DE LOS GAUCHOS,6,CORDOBA
loc_2337,2337,MONTE LA INVERNADA,6,CORDOBA
loc_2338,2338,PASO CABRAL,6,CORDOBA
loc_2339,2339,PAUNERO,6,CORDOBA
loc_2340,2340,PERMANENTES,6,CORDOBA
loc_2341,2341,PIEDRA BLANCA,6,CORDOBA
loc_2342,2342,PRETOT FREYRE,6,CORDOBA
loc_2343,2343,PUEBLO ALBERDI,6,CORDOBA
loc_2344,2344,PUENTE LOS MOLLES,6,CORDOBA
loc_2345,2345,PUERTA COLORADA,6,CORDOBA
loc_2346,2346,PUNTA DEL AGUA,6,CORDOBA
loc_2347,2347,RIO CUARTO,6,CORDOBA
loc_2348,2348,RIO SECO,6,CORDOBA
loc_2349,2349,RODEO VIEJO,6,CORDOBA
loc_2350,2350,SAMPACHO,6,CORDOBA
loc_2351,2351,SAN AMBROSIO,6,CORDOBA
loc_2352,2352,SAN BARTOLOME,6,CORDOBA
loc_2353,2353,SAN BASILIO,6,CORDOBA
loc_2354,2354,SAN BERNARDO,6,CORDOBA
loc_2355,2355,SAN LUCAS NORTE,6,CORDOBA
loc_2356,2356,SANTA CATALINA,6,CORDOBA
loc_2357,2357,SORIA,6,CORDOBA
loc_2358,2358,SUCO,6,CORDOBA
loc_2359,2359,TEGUA,6,CORDOBA
loc_2360,2360,TOSQUITA,6,CORDOBA
loc_2362,2362,VILLA EL CHACAY,6,CORDOBA
loc_2363,2363,VILLA SANTA RITA,6,CORDOBA
loc_2364,2364,WASHINGTON,6,CORDOBA
loc_2365,2365,YATAY,6,CORDOBA
loc_2366,2366,ZAPOLOCO,6,CORDOBA
loc_2367,2367,AGUADA DEL MONTE,6,CORDOBA
loc_2368,2368,AGUADITA,6,CORDOBA
loc_2369,2369,BORDO DE LOS ESPINOSA,6,CORDOBA
loc_2370,2370,CACHI YACO,6,CORDOBA
loc_2371,2371,CALASUYA,6,CORDOBA
loc_2372,2372,CAMINIAGA,6,CORDOBA
loc_2373,2373,CAMPO ALEGRE,6,CORDOBA
loc_2375,2375,CASPICHUMA,6,CORDOBA
loc_2376,2376,CASPICUCHANA,6,CORDOBA
loc_2377,2377,CHACRAS DEL SAUCE,6,CORDOBA
loc_2380,2380,EL PANTANO,6,CORDOBA
loc_2381,2381,EL PERTIGO,6,CORDOBA
loc_2382,2382,EL RODEITO,6,CORDOBA
loc_2383,2383,GRACIELA,6,CORDOBA
loc_2384,2384,INVERNADA,6,CORDOBA
loc_2385,2385,JARILLAS,6,CORDOBA
loc_2386,2386,JUME,6,CORDOBA
loc_2387,2387,LA ESPERANZA,6,CORDOBA
loc_2388,2388,LA PLAZA,6,CORDOBA
loc_2390,2390,LA QUINTA,6,CORDOBA
loc_2391,2391,LA TOTORILLA,6,CORDOBA
loc_2392,2392,LA ZANJA,6,CORDOBA
loc_2393,2393,LAS AGUADITAS,6,CORDOBA
loc_2394,2394,LAS JARILLAS,6,CORDOBA
loc_2395,2395,LOMA BLANCA,6,CORDOBA
loc_2396,2396,LOMITAS,6,CORDOBA
loc_2397,2397,LOS BORDOS,6,CORDOBA
loc_2398,2398,LOS CERRILLOS,6,CORDOBA
loc_2399,2399,MAJADILLA,6,CORDOBA
loc_2400,2400,MANANTIALES,6,CORDOBA
loc_2401,2401,MOVADO,6,CORDOBA
loc_2402,2402,NAVARRO,6,CORDOBA
loc_2403,2403,POZO DEL TIGRE,6,CORDOBA
loc_2404,2404,POZO NUEVO,6,CORDOBA
loc_2405,2405,PUESTO NUEVO,6,CORDOBA
loc_2406,2406,RODEITO,6,CORDOBA
loc_2408,2408,SAN LUIS,6,CORDOBA
loc_2409,2409,SAN PABLO,6,CORDOBA
loc_2410,2410,SANTA ANA,6,CORDOBA
loc_2411,2411,SANTA MARIA DE SOBREMONTE,6,CORDOBA
loc_2412,2412,SANTO DOMINGO,6,CORDOBA
loc_2413,2413,SOCORRO,6,CORDOBA
loc_2414,2414,TOTRILLA,6,CORDOBA
loc_2415,2415,COLONIA LA MAGDALENA DE ORO,6,CORDOBA
loc_2416,2416,COLONIA LA PROVIDENCIA,6,CORDOBA
loc_2417,2417,COLONIA SANTA ANA,6,CORDOBA
loc_2418,2418,CURAPALIGUE,6,CORDOBA
loc_2419,2419,FRAY CAYETANO RODRIGUEZ,6,CORDOBA
loc_2420,2420,GAVILAN,6,CORDOBA
loc_2421,2421,GENERAL LEVALLE,6,CORDOBA
loc_2422,2422,GUARDIA VIEJA,6,CORDOBA
loc_2423,2423,JULIO ARGENTINO ROCA,6,CORDOBA
loc_2424,2424,LA CESIRA,6,CORDOBA
loc_2425,2425,LA RAMADA,6,CORDOBA
loc_2426,2426,LABOULAYE,6,CORDOBA
loc_2427,2427,LEGUIZAMON,6,CORDOBA
loc_2428,2428,MELO,6,CORDOBA
loc_2429,2429,MIGUEL SALAS,6,CORDOBA
loc_2430,2430,RIO BAMBA,6,CORDOBA
loc_2431,2431,ROSALES,6,CORDOBA
loc_2432,2432,RUIZ DIAZ DE GUZMAN,6,CORDOBA
loc_2433,2433,SALGUERO,6,CORDOBA
loc_2434,2434,SAN JOAQUIN,6,CORDOBA
loc_2435,2435,SANTA CLARA,6,CORDOBA
loc_2436,2436,SANTA CRISTINA,6,CORDOBA
loc_2437,2437,SERRANO,6,CORDOBA
loc_2438,2438,TACUREL,6,CORDOBA
loc_2439,2439,VILLA ROSSI,6,CORDOBA
loc_2440,2440,VIVERO,6,CORDOBA
loc_2441,2441,ALMAFUERTE,6,CORDOBA
loc_2442,2442,BARRIO DEL LIBERTADOR,6,CORDOBA
loc_2443,2443,CAMPO ROSSIANO,6,CORDOBA
loc_2444,2444,COLONIA ALMADA,6,CORDOBA
loc_2445,2445,COLONIA GARZON,6,CORDOBA
loc_2446,2446,COLONIA HAMBURGO,6,CORDOBA
loc_2447,2447,COLONIA LA PRIMAVERA,6,CORDOBA
loc_2448,2448,COLONIA LUQUE,6,CORDOBA
loc_2449,2449,COLONIA SANTA MARGARITA,6,CORDOBA
loc_2450,2450,CORRALITO,6,CORDOBA
loc_2451,2451,DALMACIO VELEZ SARSFIELD,6,CORDOBA
loc_2453,2453,EL SALTO NORTE,6,CORDOBA
loc_2454,2454,FABRICA MILITAR RIO TERCERO,6,CORDOBA
loc_2455,2455,GENERAL FOTHERINGHAM,6,CORDOBA
loc_2456,2456,HERNANDO,6,CORDOBA
loc_2457,2457,JAMES CRAIK,6,CORDOBA
loc_2458,2458,LAS ISLETILLAS,6,CORDOBA
loc_2459,2459,LAS PERDICES,6,CORDOBA
loc_2460,2460,LOS POTREROS,6,CORDOBA
loc_2461,2461,LOS ZORROS,6,CORDOBA
loc_2462,2462,MONTE DEL FRAYLE,6,CORDOBA
loc_2463,2463,OLIVA,6,CORDOBA
loc_2464,2464,PAMPAYASTA NORTE,6,CORDOBA
loc_2465,2465,PAMPAYASTA SUR,6,CORDOBA
loc_2466,2466,PUNTA DEL AGUA,6,CORDOBA
loc_2467,2467,RIO TERCERO,6,CORDOBA
loc_2468,2468,TANCACHA,6,CORDOBA
loc_2469,2469,VILLA ASCASUBI,6,CORDOBA
loc_2470,2470,AGUA DE LAS PIEDRAS,6,CORDOBA
loc_2471,2471,CABEZA DE BUEY,6,CORDOBA
loc_2472,2472,CABINDO,6,CORDOBA
loc_2473,2473,CAMPO ALEGRE,6,CORDOBA
loc_2474,2474,CAMPO ALVAREZ,6,CORDOBA
loc_2475,2475,CAMPO DE LAS PIEDRAS,6,CORDOBA
loc_2476,2476,CAMPO LA PIEDRA,6,CORDOBA
loc_2477,2477,CANDELARIA SUD,6,CORDOBA
loc_2478,2478,CANTERAS LOS MORALES,6,CORDOBA
loc_2481,2481,CAPILLA DE SITON,6,CORDOBA
loc_2482,2482,CASAS VIEJAS,6,CORDOBA
loc_2483,2483,CHACRAS VIEJAS,6,CORDOBA
loc_2484,2484,CORRAL DE BARRANCA,6,CORDOBA
loc_2485,2485,CRUZ DEL QUEMADO,6,CORDOBA
loc_2487,2487,EL BOSQUE,6,CORDOBA
loc_2488,2488,EL CRESTON DE PIEDRA,6,CORDOBA
loc_2489,2489,EL PEDACITO,6,CORDOBA
loc_2490,2490,EL RINCON,6,CORDOBA
loc_2491,2491,EL TALITA VILLA GRAL MITRE,6,CORDOBA
loc_2492,2492,ESPINILLO,6,CORDOBA
loc_2493,2493,ESTANCIA BOTTARO,6,CORDOBA
loc_2494,2494,ESTANCIA EL TACO,6,CORDOBA
loc_2495,2495,ESTANCIA LAS MERCEDES,6,CORDOBA
loc_2496,2496,ESTANCIA LAS ROSAS,6,CORDOBA
loc_2497,2497,HARAS SAN ANTONIO,6,CORDOBA
loc_2498,2498,KILOMETRO 364,6,CORDOBA
loc_2499,2499,KILOMETRO 394,6,CORDOBA
loc_2500,2500,LA AGUADA,6,CORDOBA
loc_2501,2501,LA DORA,6,CORDOBA
loc_2502,2502,LA PAMPA,6,CORDOBA
loc_2503,2503,LA PAZ,6,CORDOBA
loc_2505,2505,LAS BANDURRIAS,6,CORDOBA
loc_2507,2507,LOS COMETIERRA,6,CORDOBA
loc_2508,2508,LOS MISTOLES,6,CORDOBA
loc_2509,2509,MACHA,6,CORDOBA
loc_2510,2510,POZO CONCA,6,CORDOBA
loc_2511,2511,POZO CORREA,6,CORDOBA
loc_2512,2512,PUESTO DEL ROSARIO,6,CORDOBA
loc_2513,2513,PUESTO SAN JOSE,6,CORDOBA
loc_2514,2514,QUISCASACATE,6,CORDOBA
loc_2515,2515,RIO DE LOS SAUCES,6,CORDOBA
loc_2516,2516,SAN ANTONIO DE BELLA VISTA,6,CORDOBA
loc_2517,2517,SAN JORGE,6,CORDOBA
loc_2518,2518,SAN JOSE,6,CORDOBA
loc_2519,2519,SAN LORENZO,6,CORDOBA
loc_2520,2520,SAN MIGUEL,6,CORDOBA
loc_2521,2521,SAN PELLEGRINO,6,CORDOBA
loc_2522,2522,SANTA CATALINA,6,CORDOBA
loc_2523,2523,SANTA LUCIA,6,CORDOBA
loc_2524,2524,SANTA MARIA,6,CORDOBA
loc_2525,2525,SANTA SABINA,6,CORDOBA
loc_2526,2526,SARMIENTO,6,CORDOBA
loc_2527,2527,SIMBOLAR,6,CORDOBA
loc_2528,2528,SINSACATE,6,CORDOBA
loc_2529,2529,TINTIZACO,6,CORDOBA
loc_2530,2530,VILLA DEL TOTORAL,6,CORDOBA
loc_2531,2531,VILLA GENERAL MITRE,6,CORDOBA
loc_2532,2532,ALTA GRACIA,6,CORDOBA
loc_2533,2533,ALTO ALEGRE,6,CORDOBA
loc_2534,2534,ALTO DE FIERRO,6,CORDOBA
loc_2535,2535,ALTO DEL DURAZNO,6,CORDOBA
loc_2536,2536,ANISACATE,6,CORDOBA
loc_2537,2537,BAJO CHICO,6,CORDOBA
loc_2538,2538,BAJO GRANDE,6,CORDOBA
loc_2539,2539,BARRIO DEAN FUNES,6,CORDOBA
loc_2540,2540,BOUWER,6,CORDOBA
loc_2541,2541,BUENA VISTA,6,CORDOBA
loc_2542,2542,CAMINO A PUNTA DEL AGUA,6,CORDOBA
loc_2543,2543,CANTERAS ALTA GRACIA,6,CORDOBA
loc_2544,2544,CAPILLA DE COSME,6,CORDOBA
loc_2545,2545,CNIA HOGAR VELEZ SARSFIELD,6,CORDOBA
loc_2546,2546,COLONIA COSME SUD,6,CORDOBA
loc_2547,2547,COLONIA SAN ISIDRO,6,CORDOBA
loc_2548,2548,COLONIA SANTA CATALINA,6,CORDOBA
loc_2550,2550,DIQUE CHICO,6,CORDOBA
loc_2551,2551,DIQUE LOS MOLINOS,6,CORDOBA
loc_2552,2552,DUARTE QUIROS,6,CORDOBA
loc_2553,2553,ESTANCIA LA PUNTA DEL AGUA,6,CORDOBA
loc_2554,2554,FALDA DEL CARMEN,6,CORDOBA
loc_2555,2555,GOLPE DE AGUA,6,CORDOBA
loc_2556,2556,JOSE DE LA QUINTANA,6,CORDOBA
loc_2557,2557,LA BETANIA,6,CORDOBA
loc_2558,2558,LA COCHA,6,CORDOBA
loc_2559,2559,LA CUMBRECITA,6,CORDOBA
loc_2560,2560,LA GRANADILLA,6,CORDOBA
loc_2561,2561,LA ISLA,6,CORDOBA
loc_2562,2562,LA ISOLINA,6,CORDOBA
loc_2563,2563,LA LAGUNILLA,6,CORDOBA
loc_2564,2564,LA PAISANITA,6,CORDOBA
loc_2565,2565,LA PORFIA,6,CORDOBA
loc_2566,2566,LA SERRANITA,6,CORDOBA
loc_2567,2567,LAGUNILLA,6,CORDOBA
loc_2568,2568,LAS HIGUERITAS,6,CORDOBA
loc_2569,2569,LAS PLAYAS LOZADA,6,CORDOBA
loc_2570,2570,LOS ALGARROBOS,6,CORDOBA
loc_2571,2571,LOS CEDROS,6,CORDOBA
loc_2572,2572,LOS CERRILLOS,6,CORDOBA
loc_2573,2573,LOS OLIVARES,6,CORDOBA
loc_2574,2574,LOS PARAISOS,6,CORDOBA
loc_2575,2575,LOZADA,6,CORDOBA
loc_2577,2577,MI VALLE,6,CORDOBA
loc_2578,2578,MONTE GRANDE RAFAEL GARCIA,6,CORDOBA
loc_2579,2579,MONTE RALO,6,CORDOBA
loc_2580,2580,OBREGON,6,CORDOBA
loc_2581,2581,POTRERO DE FUNES,6,CORDOBA
loc_2582,2582,POTRERO DE GARAY,6,CORDOBA
loc_2583,2583,POTRERO DE TUTZER,6,CORDOBA
loc_2584,2584,RAFAEL GARCIA,6,CORDOBA
loc_2585,2585,RIO LOS MOLINOS,6,CORDOBA
loc_2586,2586,SAN ANTONIO,6,CORDOBA
loc_2587,2587,SAN ANTONIO NORTE,6,CORDOBA
loc_2588,2588,SAN CLEMENTE,6,CORDOBA
loc_2589,2589,SAN NICOLAS,6,CORDOBA
loc_2590,2590,SANTA RITA,6,CORDOBA
loc_2591,2591,TOLEDO,6,CORDOBA
loc_2592,2592,VILLA ANISACATE,6,CORDOBA
loc_2593,2593,VILLA CARLOS PELLEGRINI,6,CORDOBA
loc_2594,2594,VILLA CIUDAD DE AMERICA,6,CORDOBA
loc_2595,2595,VILLA DEL PRADO,6,CORDOBA
loc_2596,2596,VILLA EL DESCANSO,6,CORDOBA
loc_2597,2597,VILLA LA BOLSA,6,CORDOBA
loc_2598,2598,VILLA LA RANCHERITA,6,CORDOBA
loc_2599,2599,VILLA LOS AROMOS,6,CORDOBA
loc_2600,2600,VILLA PARQUE SANTA ANA,6,CORDOBA
loc_2601,2601,VILLA SANTA MARIA,6,CORDOBA
loc_2602,2602,VILLA SATYTA,6,CORDOBA
loc_2603,2603,YOCSINA,6,CORDOBA
loc_2604,2604,AGUA DE ORO,6,CORDOBA
loc_2605,2605,AROMITO,6,CORDOBA
loc_2606,2606,BAJO HONDO,6,CORDOBA
loc_2607,2607,BALBUENA,6,CORDOBA
loc_2608,2608,BAÑADO DEL FUERTE,6,CORDOBA
loc_2609,2609,BARRETO,6,CORDOBA
loc_2610,2610,BUENA VISTA,6,CORDOBA
loc_2611,2611,CAMOATI,6,CORDOBA
loc_2612,2612,CAMPO GRANDE,6,CORDOBA
loc_2613,2613,CAÑA CRUZ,6,CORDOBA
loc_2615,2615,CARNERO YACO,6,CORDOBA
loc_2616,2616,CASAS VEJAS,6,CORDOBA
loc_2617,2617,CERRO COLORADO,6,CORDOBA
loc_2619,2619,CHILE CORRAL AL AGUADA,6,CORDOBA
loc_2620,2620,CHILLI CORRAL,6,CORDOBA
loc_2621,2621,CORRAL DEL REY,6,CORDOBA
loc_2622,2622,CORRAL VIEJO,6,CORDOBA
loc_2623,2623,EL ALGARROBAL,6,CORDOBA
loc_2625,2625,EL CORO,6,CORDOBA
loc_2626,2626,EL DURAZNO,6,CORDOBA
loc_2627,2627,EL GABINO,6,CORDOBA
loc_2628,2628,EL GALLEGO,6,CORDOBA
loc_2629,2629,EL GUANACO,6,CORDOBA
loc_2630,2630,EL JORDAN,6,CORDOBA
loc_2631,2631,EL LAUREL,6,CORDOBA
loc_2632,2632,EL MANGRULLO,6,CORDOBA
loc_2633,2633,EL PANTANILLO,6,CORDOBA
loc_2634,2634,EL POZO,6,CORDOBA
loc_2635,2635,EL PRADO,6,CORDOBA
loc_2636,2636,EL PROGRESO,6,CORDOBA
loc_2637,2637,EL PUESTO,6,CORDOBA
loc_2638,2638,EL QUEBRACHO,6,CORDOBA
loc_2639,2639,EL RODEO,6,CORDOBA
loc_2640,2640,EL SILVERIO,6,CORDOBA
loc_2641,2641,EL SIMBOL,6,CORDOBA
loc_2642,2642,EL TULE,6,CORDOBA
loc_2643,2643,EL VISMAL,6,CORDOBA
loc_2644,2644,EL ZAPALLAR,6,CORDOBA
loc_2645,2645,ENCRUCIJADA,6,CORDOBA
loc_2646,2646,EST CANDELARIA NORTE,6,CORDOBA
loc_2648,2648,EUFRASIO LOZA,6,CORDOBA
loc_2649,2649,GUTEMBERG,6,CORDOBA
loc_2650,2650,LA BANDA,6,CORDOBA
loc_2651,2651,LA BARRANCA,6,CORDOBA
loc_2653,2653,LA CHICHARRA,6,CORDOBA
loc_2654,2654,LA COSTA,6,CORDOBA
loc_2655,2655,LA CRUZ,6,CORDOBA
loc_2656,2656,LA ESTANCIA,6,CORDOBA
loc_2657,2657,LA MAZA,6,CORDOBA
loc_2658,2658,LA OSCURIDAD,6,CORDOBA
loc_2659,2659,LA PALMA,6,CORDOBA
loc_2660,2660,LA PENCA,6,CORDOBA
loc_2661,2661,LA PIEDRA BLANCA,6,CORDOBA
loc_2662,2662,LA PINTADA,6,CORDOBA
loc_2663,2663,LA QUINTANA,6,CORDOBA
loc_2664,2664,LA RINCONADA,6,CORDOBA
loc_2665,2665,LA RINCONADA CANDELARIA,6,CORDOBA
loc_2666,2666,LA SOLEDAD,6,CORDOBA
loc_2667,2667,LA VICTORIA,6,CORDOBA
loc_2669,2669,LAS CARDAS,6,CORDOBA
loc_2670,2670,LAS CHACRAS,6,CORDOBA
loc_2671,2671,LAS CORTADERAS,6,CORDOBA
loc_2672,2672,LAS FLORES,6,CORDOBA
loc_2673,2673,LAS GRAMILLAS,6,CORDOBA
loc_2674,2674,LAS MERCEDES,6,CORDOBA
loc_2675,2675,LAS TRANCAS,6,CORDOBA
loc_2676,2676,LO MACHADO,6,CORDOBA
loc_2677,2677,LOS CAJONES,6,CORDOBA
loc_2678,2678,LOS CERRILLOS,6,CORDOBA
loc_2679,2679,LOS COCOS,6,CORDOBA
loc_2680,2680,LOS HOYOS,6,CORDOBA
loc_2681,2681,LOS JUSTES,6,CORDOBA
loc_2682,2682,LOS POCITOS,6,CORDOBA
loc_2683,2683,LOS POZOS,6,CORDOBA
loc_2684,2684,LOS QUEBRACHOS,6,CORDOBA
loc_2685,2685,LOS TAJAMARES,6,CORDOBA
loc_2686,2686,LOS TRONCOS,6,CORDOBA
loc_2687,2687,PASO DEL SILVERIO,6,CORDOBA
loc_2688,2688,PEDANIA CANDELARIA SUD,6,CORDOBA
loc_2689,2689,POCITO DEL CAMPO,6,CORDOBA
loc_2690,2690,POZO DE JUANCHO,6,CORDOBA
loc_2691,2691,POZO DE LAS OLLAS,6,CORDOBA
loc_2692,2692,POZO DE LOS ARBOLES,6,CORDOBA
loc_2693,2693,POZO DE MOLINA,6,CORDOBA
loc_2694,2694,POZO DEL SIMBOL,6,CORDOBA
loc_2695,2695,PUESTO DE CASTRO,6,CORDOBA
loc_2696,2696,PUESTO DE LOS ALAMOS,6,CORDOBA
loc_2697,2697,PUESTO DE LUNA,6,CORDOBA
loc_2698,2698,PUNTA DEL MONTE,6,CORDOBA
loc_2699,2699,RACEDO,6,CORDOBA
loc_2700,2700,RAYO CORTADO,6,CORDOBA
loc_2701,2701,RIO DULCE,6,CORDOBA
loc_2702,2702,RIO PEDRO,6,CORDOBA
loc_2703,2703,RIO SAN MIGUEL,6,CORDOBA
loc_2704,2704,RIO VIEJO,6,CORDOBA
loc_2705,2705,SAN BARTOLO,6,CORDOBA
loc_2706,2706,SAN IGNACIO,6,CORDOBA
loc_2707,2707,SAN JUANCITO,6,CORDOBA
loc_2708,2708,SAN MARTIN,6,CORDOBA
loc_2709,2709,SAN PEDRO,6,CORDOBA
loc_2710,2710,SAN RAMON,6,CORDOBA
loc_2711,2711,SANTA CATALINA,6,CORDOBA
loc_2712,2712,SANTA ELENA,6,CORDOBA
loc_2713,2713,SANTA ISABEL,6,CORDOBA
loc_2714,2714,SANTANILLA,6,CORDOBA
loc_2715,2715,SEBASTIAN ELCANO,6,CORDOBA
loc_2716,2716,TACO POZO,6,CORDOBA
loc_2717,2717,TAJAMARES,6,CORDOBA
loc_2718,2718,VANGUARDIA,6,CORDOBA
loc_2719,2719,VILLA CANDELARIA NORTE,6,CORDOBA
loc_2720,2720,VILLA DE MARIA,6,CORDOBA
loc_2721,2721,YANACATO,6,CORDOBA
loc_2722,2722,ATAHONA,6,CORDOBA
loc_2723,2723,BAJO DE FERNANDEZ,6,CORDOBA
loc_2724,2724,BALNEARIO GUGLIERI,6,CORDOBA
loc_2725,2725,BLAS DE ROSALES,6,CORDOBA
loc_2726,2726,BUEY MUERTO,6,CORDOBA
loc_2727,2727,CAMPO RAMALLO,6,CORDOBA
loc_2732,2732,CAPILLA DE DOLORES,6,CORDOBA
loc_2733,2733,CAPILLA DE LOS REMEDIOS,6,CORDOBA
loc_2734,2734,CAPILLA LA ESPERANZA,6,CORDOBA
loc_2735,2735,CASTELLANOS,6,CORDOBA
loc_2736,2736,CHALACEA,6,CORDOBA
loc_2737,2737,CHARCAS NORTE,6,CORDOBA
loc_2739,2739,COLONIA EL FORTIN,6,CORDOBA
loc_2740,2740,COLONIA LA ARGENTINA,6,CORDOBA
loc_2741,2741,COLONIA LAS CUATRO ESQUINAS,6,CORDOBA
loc_2742,2742,COLONIA SAGRADA FAMILIA,6,CORDOBA
loc_2743,2743,COLONIA SAN IGNACIO,6,CORDOBA
loc_2744,2744,COLONIA YARETA,6,CORDOBA
loc_2745,2745,COMECHINGONES,6,CORDOBA
loc_2746,2746,CONSTITUCION,6,CORDOBA
loc_2747,2747,CORRAL DE GOMEZ,6,CORDOBA
loc_2749,2749,DESVIO CHALACEA,6,CORDOBA
loc_2750,2750,DIEGO DE ROJAS,6,CORDOBA
loc_2751,2751,EL ALCALDE,6,CORDOBA
loc_2752,2752,EL BAGUAL,6,CORDOBA
loc_2753,2753,EL CARRIZAL,6,CORDOBA
loc_2754,2754,EL CRISPIN,6,CORDOBA
loc_2755,2755,EL ESPINAL,6,CORDOBA
loc_2756,2756,EL QUEBRACHO,6,CORDOBA
loc_2757,2757,EL TOSTADO,6,CORDOBA
loc_2758,2758,ESCUELA DE ARTILLERIA,6,CORDOBA
loc_2759,2759,ESPERANZA,6,CORDOBA
loc_2760,2760,ESPINILLO,6,CORDOBA
loc_2761,2761,ESQUINA,6,CORDOBA
loc_2762,2762,GENERAL LAS HERAS,6,CORDOBA
loc_2763,2763,HIGUERILLAS,6,CORDOBA
loc_2764,2764,ISLA DEL CERRO,6,CORDOBA
loc_2765,2765,ISLA LARGA,6,CORDOBA
loc_2766,2766,ISLA VERDE,6,CORDOBA
loc_2767,2767,KILOMETRO 271,6,CORDOBA
loc_2768,2768,KILOMETRO 294,6,CORDOBA
loc_2769,2769,KILOMETRO 316,6,CORDOBA
loc_2770,2770,KILOMETRO 658,6,CORDOBA
loc_2771,2771,KILOMETRO 691,6,CORDOBA
loc_2772,2772,LA BUENA PARADA,6,CORDOBA
loc_2774,2774,LA CELINA,6,CORDOBA
loc_2775,2775,LA CIENAGA,6,CORDOBA
loc_2776,2776,LA ESTRELLA,6,CORDOBA
loc_2777,2777,LA MOSTAZA,6,CORDOBA
loc_2778,2778,LA PARA,6,CORDOBA
loc_2779,2779,LA POSTA,6,CORDOBA
loc_2780,2780,LA PUERTA,6,CORDOBA
loc_2781,2781,LA QUINTA,6,CORDOBA
loc_2782,2782,LAS ACACIAS,6,CORDOBA
loc_2783,2783,LAS AVERIAS,6,CORDOBA
loc_2784,2784,LAS BANDURRIAS NORTE,6,CORDOBA
loc_2785,2785,LAS CABRAS,6,CORDOBA
loc_2786,2786,LAS GRAMILLAS,6,CORDOBA
loc_2787,2787,LAS HERAS,6,CORDOBA
loc_2788,2788,LAS HIGUERILLAS,6,CORDOBA
loc_2789,2789,LAS HILERAS,6,CORDOBA
loc_2790,2790,LAS PALMITAS,6,CORDOBA
loc_2791,2791,LAS PIGUAS,6,CORDOBA
loc_2792,2792,LAS SALADAS,6,CORDOBA
loc_2793,2793,LOMAS DEL TROZO,6,CORDOBA
loc_2794,2794,LOS ALGARROBITOS,6,CORDOBA
loc_2795,2795,LOS ALVAREZ,6,CORDOBA
loc_2796,2796,LOS AVILES,6,CORDOBA
loc_2798,2798,LOS CERROS,6,CORDOBA
loc_2800,2800,LOS GUINDOS,6,CORDOBA
loc_2801,2801,LOS MANSILLAS,6,CORDOBA
loc_2802,2802,LOS MIGUELITOS,6,CORDOBA
loc_2803,2803,LOS POZOS,6,CORDOBA
loc_2804,2804,MAQUINISTA GALLINI,6,CORDOBA
loc_2805,2805,MIGUELITO,6,CORDOBA
loc_2806,2806,MONTE CRISTO,6,CORDOBA
loc_2807,2807,MONTE DE TORO PUJIO,6,CORDOBA
loc_2808,2808,MONTE DEL ROSARIO,6,CORDOBA
loc_2809,2809,NUEVA ANDALUCIA,6,CORDOBA
loc_2810,2810,OBISPO TREJO,6,CORDOBA
loc_2811,2811,PASO DEL SAUCE,6,CORDOBA
loc_2812,2812,PEDRO E VIVAS,6,CORDOBA
loc_2813,2813,PIQUILLIN,6,CORDOBA
loc_2814,2814,PLAZA DE MERCEDES,6,CORDOBA
loc_2815,2815,POZO DE LA ESQUINA,6,CORDOBA
loc_2816,2816,POZO DE LA LOMA,6,CORDOBA
loc_2817,2817,POZO DE LOS TRONCOS,6,CORDOBA
loc_2818,2818,POZO DEL MORO,6,CORDOBA
loc_2819,2819,POZO LA PIEDRA,6,CORDOBA
loc_2820,2820,PUEBLO PIANELLI,6,CORDOBA
loc_2821,2821,PUESTO DE AFUERA,6,CORDOBA
loc_2822,2822,PUESTO DE FIERRO,6,CORDOBA
loc_2823,2823,PUESTO DE PUCHETA,6,CORDOBA
loc_2824,2824,PUNTA DEL AGUA,6,CORDOBA
loc_2825,2825,QUEBRACHOS,6,CORDOBA
loc_2826,2826,RAMALLO,6,CORDOBA
loc_2827,2827,RANGEL,6,CORDOBA
loc_2828,2828,RIO PRIMERO,6,CORDOBA
loc_2829,2829,SAN RAMON,6,CORDOBA
loc_2830,2830,SAN SALVADOR,6,CORDOBA
loc_2831,2831,SANTA ROSA DE RIO PRIMERO,6,CORDOBA
loc_2832,2832,SOLEDAD,6,CORDOBA
loc_2833,2833,TALA NORTE,6,CORDOBA
loc_2834,2834,TALA SUD,6,CORDOBA
loc_2835,2835,TORDILLA NORTE,6,CORDOBA
loc_2836,2836,TOTORAL,6,CORDOBA
loc_2837,2837,VILLA FONTANA,6,CORDOBA
loc_2838,2838,VILLA MAR CHIQUITA,6,CORDOBA
loc_2839,2839,VILLA SANTA ROSA,6,CORDOBA
loc_2840,2840,ABBURRA,6,CORDOBA
loc_2841,2841,AGUA DE ORO,6,CORDOBA
loc_2842,2842,AGUASACHA,6,CORDOBA
loc_2843,2843,ALTO DE CASTILLO,6,CORDOBA
loc_2844,2844,ANIMI,6,CORDOBA
loc_2845,2845,ASCOCHINGA,6,CORDOBA
loc_2846,2846,AUGUSTO VANDERSANDE,6,CORDOBA
loc_2847,2847,BAJO CHICO BAJO GRANDE,6,CORDOBA
loc_2848,2848,BARRIO LOZA,6,CORDOBA
loc_2849,2849,BELEN,6,CORDOBA
loc_2850,2850,CABANA,6,CORDOBA
loc_2851,2851,CALERA CENTRAL,6,CORDOBA
loc_2852,2852,CAMPAMENTO MINNETTI,6,CORDOBA
loc_2853,2853,CAMPO BOURDICHON,6,CORDOBA
loc_2854,2854,CANDONGA,6,CORDOBA
loc_2855,2855,CANTERAS EL MANZANO,6,CORDOBA
loc_2856,2856,CANTERAS EL SAUCE,6,CORDOBA
loc_2857,2857,CANTERAS LA CALERA,6,CORDOBA
loc_2859,2859,CAROYA,6,CORDOBA
loc_2860,2860,CASA BAMBA,6,CORDOBA
loc_2861,2861,COLONIA CAROYA,6,CORDOBA
loc_2862,2862,COLONIA HOLANDESA,6,CORDOBA
loc_2863,2863,COLONIA TIROLESA,6,CORDOBA
loc_2864,2864,COLONIA VICENTE AGUERO,6,CORDOBA
loc_2865,2865,COLUMBO,6,CORDOBA
loc_2867,2867,DUMESNIL,6,CORDOBA
loc_2868,2868,EL ALGODONAL,6,CORDOBA
loc_2869,2869,EL DIQUECITO,6,CORDOBA
loc_2870,2870,EL ESPINILLO,6,CORDOBA
loc_2871,2871,EL GATEADO,6,CORDOBA
loc_2872,2872,EL MANZANO,6,CORDOBA
loc_2873,2873,EL MOLINO,6,CORDOBA
loc_2874,2874,EL PASTOR,6,CORDOBA
loc_2875,2875,EL PAYADOR,6,CORDOBA
loc_2876,2876,EL PUEBLITO,6,CORDOBA
loc_2877,2877,EL QUEBRACHITO,6,CORDOBA
loc_2878,2878,EL REYMUNDO,6,CORDOBA
loc_2879,2879,EL TALAR,6,CORDOBA
loc_2880,2880,EL TOMILLO,6,CORDOBA
loc_2881,2881,EL ZAINO,6,CORDOBA
loc_2883,2883,EST JUAREZ CELMAN,6,CORDOBA
loc_2884,2884,ESTACION CAROYA,6,CORDOBA
loc_2885,2885,ESTACION COLONIA TIROLESA,6,CORDOBA
loc_2886,2886,ESTANCIA EL CARMEN,6,CORDOBA
loc_2888,2888,GENERAL ORTIZ DE OCAMPO,6,CORDOBA
loc_2889,2889,GENERAL PAZ,6,CORDOBA
loc_2890,2890,HIGUERIAS,6,CORDOBA
loc_2891,2891,JESUS MARIA,6,CORDOBA
loc_2892,2892,JUAREZ CELMAN,6,CORDOBA
loc_2893,2893,KILOMETRO 25,6,CORDOBA
loc_2894,2894,KILOMETRO 711,6,CORDOBA
loc_2895,2895,KILOMETRO 745,6,CORDOBA
loc_2896,2896,LA CALERA,6,CORDOBA
loc_2897,2897,LA COTITA,6,CORDOBA
loc_2898,2898,LA ESTANCITA,6,CORDOBA
loc_2899,2899,LA GRANJA,6,CORDOBA
loc_2900,2900,LA PUERTA,6,CORDOBA
loc_2901,2901,LA QUEBRADA,6,CORDOBA
loc_2902,2902,LA REDENCION,6,CORDOBA
loc_2903,2903,LA REDUCCION,6,CORDOBA
loc_2904,2904,LA TUNA TINOCO,6,CORDOBA
loc_2905,2905,LA VIRGINIA,6,CORDOBA
loc_2906,2906,LAS ASTILLAS,6,CORDOBA
loc_2908,2908,LAS CHACRAS RUTA 111 KILOMETRO,6,CORDOBA
loc_2909,2909,LAS CUSENADAS,6,CORDOBA
loc_2910,2910,LAS ENCADENADAS,6,CORDOBA
loc_2911,2911,LAS VERTIENTES DE LA GRANJA,6,CORDOBA
loc_2912,2912,LOS CALLEJONES,6,CORDOBA
loc_2914,2914,LOS CIGARRALES,6,CORDOBA
loc_2915,2915,LOS DOS RIOS,6,CORDOBA
loc_2916,2916,LOS DURAZNOS,6,CORDOBA
loc_2917,2917,LOS POCITOS,6,CORDOBA
loc_2918,2918,LOS QUEBRACHITOS,6,CORDOBA
loc_2919,2919,LOS VAZQUEZ,6,CORDOBA
loc_2920,2920,MALVINAS ARGENTINAS,6,CORDOBA
loc_2921,2921,MEDIA LUNA,6,CORDOBA
loc_2922,2922,MENDIOLAZA,6,CORDOBA
loc_2923,2923,MI GRANJA,6,CORDOBA
loc_2924,2924,MULA MUERTA,6,CORDOBA
loc_2925,2925,NINTES,6,CORDOBA
loc_2928,2928,OJO DE AGUA,6,CORDOBA
loc_2929,2929,PAJAS BLANCAS,6,CORDOBA
loc_2930,2930,PASO CASTELLANOS,6,CORDOBA
loc_2931,2931,POZO DEL TIGRE,6,CORDOBA
loc_2932,2932,PUESTO DE LA OVEJA,6,CORDOBA
loc_2933,2933,RIO CEBALLOS,6,CORDOBA
loc_2934,2934,RIO CHICO,6,CORDOBA
loc_2935,2935,RUTA 111 KILOMETRO 14,6,CORDOBA
loc_2936,2936,RUTA 19 KILOMETRO 317,6,CORDOBA
loc_2937,2937,SALDAN,6,CORDOBA
loc_2938,2938,SALSIPUEDES,6,CORDOBA
loc_2939,2939,SAN CRISTOBAL,6,CORDOBA
loc_2940,2940,SAN ISIDRO,6,CORDOBA
loc_2941,2941,SAN PABLO,6,CORDOBA
loc_2942,2942,SANTA ELENA,6,CORDOBA
loc_2943,2943,SANTA TERESA,6,CORDOBA
loc_2944,2944,SANTO TOMAS,6,CORDOBA
loc_2945,2945,TEJEDA,6,CORDOBA
loc_2946,2946,TERCER CUERPO DEL EJERCITO,6,CORDOBA
loc_2947,2947,TINOCO,6,CORDOBA
loc_2948,2948,TRISTAN NARVAJA,6,CORDOBA
loc_2949,2949,TRONCO POZO,6,CORDOBA
loc_2950,2950,UNQUILLO,6,CORDOBA
loc_2951,2951,VALLE DEL SOL,6,CORDOBA
loc_2952,2952,VALLE VERDE,6,CORDOBA
loc_2953,2953,VILLA ALLENDE,6,CORDOBA
loc_2954,2954,VILLA CERRO AZUL,6,CORDOBA
loc_2955,2955,VILLA CORAZON DE MARIA,6,CORDOBA
loc_2956,2956,VILLA DEL LAGO,6,CORDOBA
loc_2957,2957,VILLA DIAZ,6,CORDOBA
loc_2958,2958,VILLA LAS MERCEDES,6,CORDOBA
loc_2959,2959,VILLA LEONOR,6,CORDOBA
loc_2960,2960,VILLA LOS ALTOS,6,CORDOBA
loc_2961,2961,VILLA MARIA,6,CORDOBA
loc_2962,2962,VILLA SAN MIGUEL,6,CORDOBA
loc_2963,2963,VILLA TORTOSA,6,CORDOBA
loc_2964,2964,ACHIRAS,6,CORDOBA
loc_2965,2965,ALTO DE LAS MULAS,6,CORDOBA
loc_2966,2966,ALTO RESBALOSO,6,CORDOBA
loc_2967,2967,ARBOLES BLANCOS,6,CORDOBA
loc_2968,2968,BANDA DE VARELA,6,CORDOBA
loc_2969,2969,BARRIO LA FERIA,6,CORDOBA
loc_2970,2970,BOCA DEL RIO,6,CORDOBA
loc_2972,2972,CAPILLA DE ROMERO,6,CORDOBA
loc_2973,2973,CARTABEROL,6,CORDOBA
loc_2974,2974,CHAQUINCHUNA,6,CORDOBA
loc_2975,2975,CHUCHIRAS,6,CORDOBA
loc_2976,2976,COLONIA MONTES NEGROS,6,CORDOBA
loc_2977,2977,COME TIERRA,6,CORDOBA
loc_2978,2978,CONLARA,6,CORDOBA
loc_2979,2979,CORRAL DE CABALLOS,6,CORDOBA
loc_2980,2980,CORRALITO SAN JAVIER,6,CORDOBA
loc_2982,2982,DIEZ RIOS,6,CORDOBA
loc_2984,2984,EL ALTO,6,CORDOBA
loc_2985,2985,EL BALDECITO,6,CORDOBA
loc_2986,2986,EL CERRO,6,CORDOBA
loc_2987,2987,EL MANANTIAL,6,CORDOBA
loc_2988,2988,EL PUEBLITO,6,CORDOBA
loc_2989,2989,GUANACO BOLEADO,6,CORDOBA
loc_2990,2990,HORNILLOS,6,CORDOBA
loc_2991,2991,HUASTA,6,CORDOBA
loc_2993,2993,LA FUENTE,6,CORDOBA
loc_2994,2994,LA PAZ,6,CORDOBA
loc_2995,2995,LA POBLACION,6,CORDOBA
loc_2996,2996,LA RAMADA,6,CORDOBA
loc_2997,2997,LA SIENA,6,CORDOBA
loc_2998,2998,LA TRAVESIA,6,CORDOBA
loc_2999,2999,LA VENTANA,6,CORDOBA
loc_3001,3001,LAS CHACRAS,6,CORDOBA
loc_3002,3002,LAS ENCRUCIJADAS,6,CORDOBA
loc_3003,3003,LAS PALOMAS,6,CORDOBA
loc_3004,3004,LAS TAPIAS,6,CORDOBA
loc_3005,3005,LAS TRES PIEDRAS,6,CORDOBA
loc_3006,3006,LOMA BOLA,6,CORDOBA
loc_3007,3007,LOMITAS,6,CORDOBA
loc_3008,3008,LOS CERRILLOS,6,CORDOBA
loc_3011,3011,LOS HORNILLOS,6,CORDOBA
loc_3012,3012,LOS MANGUITOS,6,CORDOBA
loc_3013,3013,LOS MOLLES,6,CORDOBA
loc_3014,3014,LOS POZOS,6,CORDOBA
loc_3015,3015,LUYABA,6,CORDOBA
loc_3016,3016,MANGUITAS,6,CORDOBA
loc_3017,3017,NICHO,6,CORDOBA
loc_3018,3018,PIEDRA PINTADA,6,CORDOBA
loc_3020,3020,POZO DEL MOLLE,6,CORDOBA
loc_3021,3021,QUEBRACHO LADEADO,6,CORDOBA
loc_3022,3022,QUEBRADA DE LOS POZOS,6,CORDOBA
loc_3023,3023,RIO DE JAIME,6,CORDOBA
loc_3024,3024,RIO HONDO,6,CORDOBA
loc_3025,3025,RODEO DE PIEDRA,6,CORDOBA
loc_3026,3026,SAGRADA FAMILIA,6,CORDOBA
loc_3027,3027,SALTO,6,CORDOBA
loc_3028,3028,SAN ANTONIO,6,CORDOBA
loc_3029,3029,SAN ISIDRO,6,CORDOBA
loc_3030,3030,SAN JAVIER,6,CORDOBA
loc_3031,3031,SAN JOSE,6,CORDOBA
loc_3032,3032,SAN MIGUEL SAN VICENTE,6,CORDOBA
loc_3033,3033,SAN NICOLAS,6,CORDOBA
loc_3034,3034,SAN ROQUE,6,CORDOBA
loc_3035,3035,TABANILLO,6,CORDOBA
loc_3036,3036,TILQUICHO,6,CORDOBA
loc_3037,3037,VILLA DE LAS ROSAS,6,CORDOBA
loc_3038,3038,VILLA DOLORES,6,CORDOBA
loc_3039,3039,YACANTO,6,CORDOBA
loc_3040,3040,ZAPATA,6,CORDOBA
loc_3041,3041,ALTO ALEGRE,6,CORDOBA
loc_3042,3042,ANA ZUMARAN,6,CORDOBA
loc_3043,3043,BALLESTEROS,6,CORDOBA
loc_3044,3044,BALLESTEROS SUD,6,CORDOBA
loc_3045,3045,BARRIO BELGRANO,6,CORDOBA
loc_3046,3046,BELL VILLE,6,CORDOBA
loc_3047,3047,BENJAMIN GOULD,6,CORDOBA
loc_3048,3048,CAMPO GENERAL PAZ,6,CORDOBA
loc_3049,3049,CAMPO SOL DE MAYO,6,CORDOBA
loc_3050,3050,CANALS,6,CORDOBA
loc_3051,3051,CAPILLA DE SAN ANTONIO,6,CORDOBA
loc_3052,3052,CHILIBROSTE,6,CORDOBA
loc_3053,3053,CINTRA,6,CORDOBA
loc_3054,3054,COLONIA BISMARCK,6,CORDOBA
loc_3055,3055,COLONIA BREMEN,6,CORDOBA
loc_3056,3056,COLONIA LA LEONCITA,6,CORDOBA
loc_3057,3057,COLONIA LA LOLA,6,CORDOBA
loc_3058,3058,COLONIA MASCHI,6,CORDOBA
loc_3059,3059,CORRAL DEL BAJO,6,CORDOBA
loc_3060,3060,CUATRO CAMINOS,6,CORDOBA
loc_3061,3061,EL CARMEN,6,CORDOBA
loc_3062,3062,EL DORADO,6,CORDOBA
loc_3063,3063,EL FLORENTINO,6,CORDOBA
loc_3064,3064,EL OVERO,6,CORDOBA
loc_3065,3065,EL PARAISO,6,CORDOBA
loc_3066,3066,EL PORVENIR,6,CORDOBA
loc_3067,3067,EL TRIANGULO,6,CORDOBA
loc_3068,3068,ESTACION BELL VILLE,6,CORDOBA
loc_3069,3069,GENERAL VIAMONTE,6,CORDOBA
loc_3070,3070,IDIAZABAL,6,CORDOBA
loc_3071,3071,ISLETA NEGRA,6,CORDOBA
loc_3072,3072,JUSTINIANO POSSE,6,CORDOBA
loc_3073,3073,LA CAJUELA,6,CORDOBA
loc_3074,3074,LA ITALIANA,6,CORDOBA
loc_3075,3075,LA ROSARINA,6,CORDOBA
loc_3076,3076,LA TIGRA,6,CORDOBA
loc_3077,3077,LABORDE,6,CORDOBA
loc_3078,3078,LAS LAGUNITAS,6,CORDOBA
loc_3079,3079,LAS MERCEDITAS,6,CORDOBA
loc_3080,3080,LAS OVERIAS,6,CORDOBA
loc_3081,3081,LAS PALMERAS,6,CORDOBA
loc_3082,3082,LOS MOLLES,6,CORDOBA
loc_3083,3083,LOS TASIS,6,CORDOBA
loc_3084,3084,LOS UCLES,6,CORDOBA
loc_3085,3085,MATACOS,6,CORDOBA
loc_3086,3086,MONTE CASTILLO,6,CORDOBA
loc_3088,3088,MONTE MAIZ,6,CORDOBA
loc_3089,3089,MORRISON,6,CORDOBA
loc_3090,3090,NOETINGER,6,CORDOBA
loc_3092,3092,OVERA NEGRA,6,CORDOBA
loc_3093,3093,PASCANAS,6,CORDOBA
loc_3094,3094,PUEBLO ITALIANO,6,CORDOBA
loc_3095,3095,PUEBLO VIEJO,6,CORDOBA
loc_3096,3096,RAMON J CARCANO,6,CORDOBA
loc_3097,3097,SAN ANTONIO DE LITIN,6,CORDOBA
loc_3098,3098,SAN CARLOS,6,CORDOBA
loc_3099,3099,SAN EUSEBIO,6,CORDOBA
loc_3100,3100,SAN JOSE,6,CORDOBA
loc_3101,3101,SAN MARCOS SUD,6,CORDOBA
loc_3102,3102,SAN MELITON,6,CORDOBA
loc_3103,3103,SAN PEDRO,6,CORDOBA
loc_3104,3104,SAN VICENTE,6,CORDOBA
loc_3105,3105,SANTA CECILIA,6,CORDOBA
loc_3106,3106,SANTA MARIA,6,CORDOBA
loc_3107,3107,SANTA ROSA,6,CORDOBA
loc_3108,3108,VIAMONTE,6,CORDOBA
loc_3109,3109,VILLA LOS PATOS,6,CORDOBA
loc_3110,3110,WENCESLAO ESCALANTE,6,CORDOBA
loc_3111,3111,ALEJANDRO ROCA,6,CORDOBA
loc_3112,3112,ASSUNTA,6,CORDOBA
loc_3113,3113,BARRETO,6,CORDOBA
loc_3114,3114,BENGOLEA,6,CORDOBA
loc_3115,3115,CARNERILLO,6,CORDOBA
loc_3116,3116,CHARRAS,6,CORDOBA
loc_3117,3117,COLONIA DOLORES,6,CORDOBA
loc_3118,3118,COLONIA MAIPU,6,CORDOBA
loc_3119,3119,COLONIA SANTA PAULA,6,CORDOBA
loc_3120,3120,COLONIA VALLE GRANDE,6,CORDOBA
loc_3121,3121,DEMARCHI,6,CORDOBA
loc_3122,3122,EL RASTREADOR,6,CORDOBA
loc_3123,3123,ESTANCIA LAS MARGARITAS,6,CORDOBA
loc_3124,3124,GENERAL CABRERA,6,CORDOBA
loc_3125,3125,GENERAL DEHEZA,6,CORDOBA
loc_3126,3126,HUANCHILLA,6,CORDOBA
loc_3127,3127,HUANCHILLA SUD,6,CORDOBA
loc_3128,3128,KILOMETRO 55,6,CORDOBA
loc_3130,3130,LA CARLOTA,6,CORDOBA
loc_3131,3131,LAGUNILLAS,6,CORDOBA
loc_3132,3132,LOS CISNES,6,CORDOBA
loc_3133,3133,MANANTIALES,6,CORDOBA
loc_3134,3134,OLAETA,6,CORDOBA
loc_3135,3135,OLMOS,6,CORDOBA
loc_3136,3136,PACHECO DE MELO,6,CORDOBA
loc_3137,3137,PASO DEL DURAZNO,6,CORDOBA
loc_3138,3138,PASTOS ALTOS,6,CORDOBA
loc_3139,3139,PAVIN,6,CORDOBA
loc_3140,3140,PEDRO E FUNES,6,CORDOBA
loc_3141,3141,REDUCCION,6,CORDOBA
loc_3142,3142,SANTA EUFEMIA,6,CORDOBA
loc_3143,3143,UCACHA,6,CORDOBA
loc_3144,3144,AGUA PINTADA,6,CORDOBA
loc_3145,3145,ALGARROBO,6,CORDOBA
loc_3146,3146,AVELLANEDA,6,CORDOBA
loc_3147,3147,BAJO DE OLMOS,6,CORDOBA
loc_3148,3148,BARRANCA YACO,6,CORDOBA
loc_3149,3149,CANTERA LOS VIERAS,6,CORDOBA
loc_3150,3150,CANTERAS KILOMETRO 428,6,CORDOBA
loc_3152,3152,CAÑADA DE MAYO,6,CORDOBA
loc_3156,3156,CERRO DE LA CRUZ,6,CORDOBA
loc_3157,3157,CERRO NEGRO,6,CORDOBA
loc_3159,3159,COPACABANA,6,CORDOBA
loc_3160,3160,CORIMAYO,6,CORDOBA
loc_3161,3161,CORITO,6,CORDOBA
loc_3162,3162,CRUZ MOJADA,6,CORDOBA
loc_3163,3163,DEAN FUNES,6,CORDOBA
loc_3164,3164,EL ALGARROBO,6,CORDOBA
loc_3166,3166,EL CHANCHITO,6,CORDOBA
loc_3167,3167,EL CORO,6,CORDOBA
loc_3168,3168,EL DIVISADERO,6,CORDOBA
loc_3169,3169,EL ESTANQUE,6,CORDOBA
loc_3170,3170,EL IALITA,6,CORDOBA
loc_3171,3171,EL JUME,6,CORDOBA
loc_3172,3172,EL MOJONCITO,6,CORDOBA
loc_3173,3173,EL MOLINO,6,CORDOBA
loc_3174,3174,EL PARAISO,6,CORDOBA
loc_3175,3175,EL PORTILLO,6,CORDOBA
loc_3176,3176,EL PUESTO LOS CABRERA,6,CORDOBA
loc_3177,3177,EL QUEBRACHO,6,CORDOBA
loc_3178,3178,EL RANCHITO,6,CORDOBA
loc_3179,3179,EL TALA,6,CORDOBA
loc_3180,3180,EL TALITA,6,CORDOBA
loc_3181,3181,EL TAMBERO,6,CORDOBA
loc_3182,3182,EL VEINTICINCO,6,CORDOBA
loc_3183,3183,ESTANCIA GOROSITO,6,CORDOBA
loc_3184,3184,HUASCHA,6,CORDOBA
loc_3185,3185,INGENIERO BERTINI,6,CORDOBA
loc_3186,3186,ISCHILIN,6,CORDOBA
loc_3187,3187,JAIME PETER,6,CORDOBA
loc_3188,3188,JUAN GARCIA,6,CORDOBA
loc_3189,3189,KILOMETRO 430,6,CORDOBA
loc_3190,3190,KILOMETRO 450,6,CORDOBA
loc_3191,3191,KILOMETRO 784,6,CORDOBA
loc_3192,3192,KILOMETRO 807,6,CORDOBA
loc_3193,3193,KILOMETRO 827,6,CORDOBA
loc_3194,3194,KILOMETRO 832,6,CORDOBA
loc_3195,3195,KILOMETRO 859,6,CORDOBA
loc_3196,3196,KILOMETRO 865,6,CORDOBA
loc_3197,3197,KILOMETRO 881,6,CORDOBA
loc_3198,3198,LA AGUADA,6,CORDOBA
loc_3199,3199,LA AURA,6,CORDOBA
loc_3200,3200,LA BARRANCA,6,CORDOBA
loc_3201,3201,LA BATALLA,6,CORDOBA
loc_3202,3202,LA BOTIJA,6,CORDOBA
loc_3203,3203,LA CALERA,6,CORDOBA
loc_3205,3205,LA CHACRA,6,CORDOBA
loc_3206,3206,LA COLONIA,6,CORDOBA
loc_3207,3207,LA ESTACADA,6,CORDOBA
loc_3208,3208,LA FLORIDA,6,CORDOBA
loc_3209,3209,LA HIGUERITA,6,CORDOBA
loc_3210,3210,LA ISABELA,6,CORDOBA
loc_3211,3211,LA MAJADA,6,CORDOBA
loc_3212,3212,LA MESADA,6,CORDOBA
loc_3213,3213,LA RUDA,6,CORDOBA
loc_3214,3214,LA SELVA,6,CORDOBA
loc_3215,3215,LA TUNA,6,CORDOBA
loc_3216,3216,LAS CANTERAS,6,CORDOBA
loc_3218,3218,LAS CHACRAS,6,CORDOBA
loc_3219,3219,LAS CRUCECITAS,6,CORDOBA
loc_3220,3220,LAS DELICIAS,6,CORDOBA
loc_3221,3221,LAS LOMITAS,6,CORDOBA
loc_3222,3222,LAS MANZANAS,6,CORDOBA
loc_3223,3223,LAS PALMAS,6,CORDOBA
loc_3224,3224,LAS PALMITAS,6,CORDOBA
loc_3225,3225,LAS PALOMITAS,6,CORDOBA
loc_3226,3226,LAS PENCAS,6,CORDOBA
loc_3227,3227,LAS PIEDRAS ANCHAS,6,CORDOBA
loc_3228,3228,LAS SIERRAS,6,CORDOBA
loc_3229,3229,LAS TOSCAS,6,CORDOBA
loc_3230,3230,LAS TUSCAS,6,CORDOBA
loc_3231,3231,LOBERA,6,CORDOBA
loc_3232,3232,LOS BRINZES,6,CORDOBA
loc_3233,3233,LOS CADILLOS,6,CORDOBA
loc_3234,3234,LOS CEJAS,6,CORDOBA
loc_3236,3236,LOS COQUITOS,6,CORDOBA
loc_3237,3237,LOS MIQUILES,6,CORDOBA
loc_3238,3238,LOS MORTEROS,6,CORDOBA
loc_3239,3239,LOS PEDERNALES,6,CORDOBA
loc_3240,3240,LOS POZOS,6,CORDOBA
loc_3241,3241,LOS PUESTITOS,6,CORDOBA
loc_3242,3242,LOS RUICES,6,CORDOBA
loc_3243,3243,LOS SOCABONES,6,CORDOBA
loc_3244,3244,LOS TARTAGOS,6,CORDOBA
loc_3245,3245,MIQUILOS,6,CORDOBA
loc_3246,3246,MOLINOS,6,CORDOBA
loc_3247,3247,OLIVARES SAN NICOLAS,6,CORDOBA
loc_3248,3248,ONGAMIRA,6,CORDOBA
loc_3249,3249,ORCOSUNI,6,CORDOBA
loc_3250,3250,PUESTO DE ARRIBA,6,CORDOBA
loc_3251,3251,PUESTO DE BATALLA,6,CORDOBA
loc_3252,3252,PUESTO DE CERRO,6,CORDOBA
loc_3253,3253,PUESTO DE LOS RODRIGUEZ,6,CORDOBA
loc_3254,3254,PUESTO DEL MEDIO,6,CORDOBA
loc_3255,3255,QUEBRADA DE NONA,6,CORDOBA
loc_3256,3256,QUILINO,6,CORDOBA
loc_3257,3257,RIO DE LAS MANZANAS,6,CORDOBA
loc_3258,3258,RIO DE LOS TALAS,6,CORDOBA
loc_3259,3259,RIO PINTO,6,CORDOBA
loc_3260,3260,SAJON,6,CORDOBA
loc_3261,3261,SAN BERNARDO,6,CORDOBA
loc_3262,3262,SAN CARLOS,6,CORDOBA
loc_3263,3263,SAN MIGUEL,6,CORDOBA
loc_3264,3264,SAN NICOLAS,6,CORDOBA
loc_3265,3265,SAN PEDRO DE TOYOS,6,CORDOBA
loc_3266,3266,SAN VICENTE,6,CORDOBA
loc_3267,3267,SANTA RITA,6,CORDOBA
loc_3268,3268,SAUCE CHIQUITO,6,CORDOBA
loc_3269,3269,SAUCE PUNCO,6,CORDOBA
loc_3270,3270,TODOS LOS SANTOS,6,CORDOBA
loc_3271,3271,TORO MUERTO,6,CORDOBA
loc_3272,3272,VILLA ALBERTINA,6,CORDOBA
loc_3273,3273,VILLA CERRO NEGRO,6,CORDOBA
loc_3274,3274,VILLA COLIMBA,6,CORDOBA
loc_3275,3275,VILLA GUTIERREZ,6,CORDOBA
loc_3276,3276,VILLA QUILINO,6,CORDOBA
loc_3277,3277,YERBA BUENA,6,CORDOBA
loc_3278,3278,ALICIA,6,CORDOBA
loc_3279,3279,ALTOS DE CHIPION,6,CORDOBA
loc_3280,3280,ARBOL CHATO,6,CORDOBA
loc_3281,3281,ARROYITO,6,CORDOBA
loc_3282,3282,ARROYO DE ALVAREZ,6,CORDOBA
loc_3283,3283,BALNEARIA,6,CORDOBA
loc_3284,3284,BARRIO MULLER,6,CORDOBA
loc_3285,3285,BRINKMANN,6,CORDOBA
loc_3286,3286,CAMPO BANDILLO,6,CORDOBA
loc_3287,3287,CAMPO BEIRO,6,CORDOBA
loc_3288,3288,CAMPO BOERO,6,CORDOBA
loc_3289,3289,CAMPO CALVO,6,CORDOBA
loc_3290,3290,CAMPO COYUNDA,6,CORDOBA
loc_3291,3291,CAMPO LA LUISA,6,CORDOBA
loc_3292,3292,CAPILLA SAN ANTONIO,6,CORDOBA
loc_3293,3293,CAPILLA SANTA ROSA,6,CORDOBA
loc_3294,3294,COLONIA 10 DE JULIO,6,CORDOBA
loc_3295,3295,COLONIA ANGELITA,6,CORDOBA
loc_3296,3296,COLONIA ANITA,6,CORDOBA
loc_3297,3297,COLONIA ARROYO DE ALVAREZ,6,CORDOBA
loc_3298,3298,COLONIA BEIRO,6,CORDOBA
loc_3299,3299,COLONIA BOTTURI,6,CORDOBA
loc_3300,3300,COLONIA CEFERINA,6,CORDOBA
loc_3301,3301,COLONIA CORTADERA,6,CORDOBA
loc_3302,3302,COLONIA COYUNDA,6,CORDOBA
loc_3303,3303,COLONIA CRISTINA,6,CORDOBA
loc_3304,3304,COLONIA DEL BANCO NACION,6,CORDOBA
loc_3305,3305,COLONIA DOS HERMANOS,6,CORDOBA
loc_3306,3306,COLONIA EL MILAGRO,6,CORDOBA
loc_3307,3307,COLONIA EL TRABAJO,6,CORDOBA
loc_3308,3308,COLONIA EUGENIA,6,CORDOBA
loc_3309,3309,COLONIA GENERAL DEHEZA,6,CORDOBA
loc_3310,3310,COLONIA GORCHS,6,CORDOBA
loc_3311,3311,COLONIA ITURRASPE,6,CORDOBA
loc_3312,3312,COLONIA LA MOROCHA,6,CORDOBA
loc_3313,3313,COLONIA LA TORDILLA,6,CORDOBA
loc_3314,3314,COLONIA LA TRINCHERA,6,CORDOBA
loc_3315,3315,COLONIA LAS PICHANAS,6,CORDOBA
loc_3316,3316,COLONIA LAVARELLO,6,CORDOBA
loc_3317,3317,COLONIA MARINA,6,CORDOBA
loc_3318,3318,COLONIA MAUNIER,6,CORDOBA
loc_3319,3319,COLONIA MILESSI,6,CORDOBA
loc_3320,3320,COLONIA NUEVO PIAMONTE,6,CORDOBA
loc_3321,3321,COLONIA PALO LABRADO,6,CORDOBA
loc_3322,3322,COLONIA PRODAMONTE,6,CORDOBA
loc_3323,3323,COLONIA PROSPERIDAD,6,CORDOBA
loc_3324,3324,COLONIA SAN BARTOLOME,6,CORDOBA
loc_3325,3325,COLONIA SAN PEDRO,6,CORDOBA
loc_3326,3326,COLONIA SAN RAFAEL,6,CORDOBA
loc_3327,3327,COLONIA SANTA MARIA,6,CORDOBA
loc_3328,3328,COLONIA SANTA RITA,6,CORDOBA
loc_3329,3329,COLONIA TACURALES,6,CORDOBA
loc_3330,3330,COLONIA TORO PUJIO,6,CORDOBA
loc_3331,3331,COLONIA UDINE,6,CORDOBA
loc_3332,3332,COLONIA VALTELINA,6,CORDOBA
loc_3333,3333,COLONIA VIGNAUD,6,CORDOBA
loc_3334,3334,COLONIAS,6,CORDOBA
loc_3335,3335,CORRAL DE GOMEZ,6,CORDOBA
loc_3336,3336,CORRAL DE GUARDIA,6,CORDOBA
loc_3337,3337,CORRAL DE MULAS,6,CORDOBA
loc_3338,3338,COTAGAITA,6,CORDOBA
loc_3339,3339,CRISTINA,6,CORDOBA
loc_3340,3340,DEVOTO,6,CORDOBA
loc_3341,3341,DOS ROSAS,6,CORDOBA
loc_3343,3343,EL DESCANSO,6,CORDOBA
loc_3344,3344,EL FLORIDA,6,CORDOBA
loc_3345,3345,EL FORTIN,6,CORDOBA
loc_3346,3346,EL FUERTECITO,6,CORDOBA
loc_3347,3347,EL JUMIAL,6,CORDOBA
loc_3348,3348,EL TIO,6,CORDOBA
loc_3349,3349,EL TRABAJO,6,CORDOBA
loc_3351,3351,ESTANCIA LA CHIQUITA,6,CORDOBA
loc_3352,3352,ESTANCIA LA MOROCHA,6,CORDOBA
loc_3353,3353,FREYRE,6,CORDOBA
loc_3354,3354,INDIA MUERTA,6,CORDOBA
loc_3355,3355,JEANMAIRE,6,CORDOBA
loc_3356,3356,JERONIMO CORTES,6,CORDOBA
loc_3357,3357,KILOMETRO 531,6,CORDOBA
loc_3358,3358,KILOMETRO 581,6,CORDOBA
loc_3359,3359,LA CORTADERA,6,CORDOBA
loc_3360,3360,LA CURVA,6,CORDOBA
loc_3361,3361,LA FRANCIA,6,CORDOBA
loc_3362,3362,LA FRONTERA,6,CORDOBA
loc_3363,3363,LA MILKA,6,CORDOBA
loc_3364,3364,LA PAQUITA,6,CORDOBA
loc_3365,3365,LA POBLADORA,6,CORDOBA
loc_3366,3366,LA REPRESA,6,CORDOBA
loc_3367,3367,LA TORDILLA NORTE,6,CORDOBA
loc_3368,3368,LA TRINCHERA,6,CORDOBA
loc_3369,3369,LA UDINE,6,CORDOBA
loc_3370,3370,LA VICENTA,6,CORDOBA
loc_3372,3372,LAS DELICIAS,6,CORDOBA
loc_3373,3373,LAS VARAS,6,CORDOBA
loc_3374,3374,LAS VARILLAS,6,CORDOBA
loc_3375,3375,LOS ALGARROBITOS,6,CORDOBA
loc_3376,3376,LOS DESAGUES,6,CORDOBA
loc_3377,3377,LUIS SAUZE,6,CORDOBA
loc_3378,3378,LUXARDO,6,CORDOBA
loc_3379,3379,MARULL,6,CORDOBA
loc_3380,3380,MAUNIER,6,CORDOBA
loc_3381,3381,MIRAMAR,6,CORDOBA
loc_3382,3382,MONTE GRANDE,6,CORDOBA
loc_3383,3383,MONTE REDONDO,6,CORDOBA
loc_3384,3384,MORTEROS,6,CORDOBA
loc_3385,3385,PASO DE LOS GALLEGOS,6,CORDOBA
loc_3386,3386,PLAYA GRANDE,6,CORDOBA
loc_3387,3387,PLAZA BRUNO,6,CORDOBA
loc_3388,3388,PLAZA SAN FRANCISCO,6,CORDOBA
loc_3389,3389,PLUJUNTA,6,CORDOBA
loc_3391,3391,POZO DEL AVESTRUZ,6,CORDOBA
loc_3392,3392,POZO DEL CHAJA,6,CORDOBA
loc_3394,3394,PRIMAVERA,6,CORDOBA
loc_3395,3395,PUENTE RIO PLUJUNTA,6,CORDOBA
loc_3396,3396,QUEBRACHITOS,6,CORDOBA
loc_3397,3397,QUEBRACHO HERRADO,6,CORDOBA
loc_3398,3398,SACANTA,6,CORDOBA
loc_3399,3399,SAN FRANCISCO,6,CORDOBA
loc_3400,3400,SAN RAFAEL,6,CORDOBA
loc_3401,3401,SANTA RITA,6,CORDOBA
loc_3402,3402,SATURNINO M LASPIUR,6,CORDOBA
loc_3403,3403,SEEBER,6,CORDOBA
loc_3404,3404,TORO PUJIO,6,CORDOBA
loc_3405,3405,TRANSITO,6,CORDOBA
loc_3406,3406,TRINCHERA,6,CORDOBA
loc_3407,3407,VACAS BLANCAS,6,CORDOBA
loc_3408,3408,VILLA CONCEPCION DEL TIO,6,CORDOBA
loc_3409,3409,VILLA SAN ESTEBAN,6,CORDOBA
loc_3410,3410,VILLA VAUDAGNA,6,CORDOBA
loc_3411,3411,VILLA VIEJA,6,CORDOBA
loc_3412,3412,ALGARROBAL,6,CORDOBA
loc_3413,3413,ALTAUTINA,6,CORDOBA
loc_3414,3414,ALTO GRANDE,6,CORDOBA
loc_3415,3415,AMBUL,6,CORDOBA
loc_3416,3416,ARCOYO,6,CORDOBA
loc_3417,3417,ARROYO,6,CORDOBA
loc_3418,3418,ARROYO LA HIGUERA,6,CORDOBA
loc_3419,3419,ARROYO LOS PATOS,6,CORDOBA
loc_3420,3420,BAJO EL MOLINO,6,CORDOBA
loc_3421,3421,BALDE DE LA MORA,6,CORDOBA
loc_3422,3422,BALDE LINDO,6,CORDOBA
loc_3424,3424,BUENA VISTA,6,CORDOBA
loc_3428,3428,CARRIZAL,6,CORDOBA
loc_3429,3429,CASA DE PIEDRA,6,CORDOBA
loc_3430,3430,CERRO NEGRO,6,CORDOBA
loc_3431,3431,CHUA,6,CORDOBA
loc_3432,3432,CIENAGA DE ALLENDE,6,CORDOBA
loc_3433,3433,COMECHINGONES,6,CORDOBA
loc_3434,3434,CONCEPCION,6,CORDOBA
loc_3435,3435,CONDOR HUASI,6,CORDOBA
loc_3436,3436,DESVIO EL VOLCAN,6,CORDOBA
loc_3437,3437,DOS RIOS,6,CORDOBA
loc_3438,3438,EL ALGADOBAL,6,CORDOBA
loc_3439,3439,EL ALTO,6,CORDOBA
loc_3440,3440,EL BAJO,6,CORDOBA
loc_3441,3441,EL BORDO,6,CORDOBA
loc_3442,3442,EL CORTE,6,CORDOBA
loc_3443,3443,EL MIRADOR,6,CORDOBA
loc_3444,3444,EL PANTANILLO,6,CORDOBA
loc_3445,3445,EL PASO DE LA PAMPA,6,CORDOBA
loc_3446,3446,EL PERCHEL,6,CORDOBA
loc_3447,3447,EL SAUZAL,6,CORDOBA
loc_3448,3448,EL TAJAMAR,6,CORDOBA
loc_3449,3449,HUCLE,6,CORDOBA
loc_3450,3450,ISLA VERDE,6,CORDOBA
loc_3451,3451,JUAN BAUTISTA ALBERDI,6,CORDOBA
loc_3452,3452,LA AGUADITA,6,CORDOBA
loc_3453,3453,LA COCHA,6,CORDOBA
loc_3454,3454,LA COMPASION,6,CORDOBA
loc_3455,3455,LA CONCEPCION,6,CORDOBA
loc_3456,3456,LA CORTADERA,6,CORDOBA
loc_3457,3457,LA COSTA,6,CORDOBA
loc_3458,3458,LA GUARDIA,6,CORDOBA
loc_3459,3459,LA LINEA,6,CORDOBA
loc_3460,3460,LA MAJADA,6,CORDOBA
loc_3461,3461,LA QUEBRADA,6,CORDOBA
loc_3462,3462,LA QUINTA,6,CORDOBA
loc_3463,3463,LA TRAMPA,6,CORDOBA
loc_3464,3464,LAS CALLES,6,CORDOBA
loc_3465,3465,LAS CEBOLLAS,6,CORDOBA
loc_3466,3466,LAS CONANITAS,6,CORDOBA
loc_3467,3467,LAS ENSENADAS,6,CORDOBA
loc_3468,3468,LAS PALMITAS,6,CORDOBA
loc_3469,3469,LAS RABONAS,6,CORDOBA
loc_3470,3470,LAS TOSCAS,6,CORDOBA
loc_3471,3471,LOS ALGARROBOS,6,CORDOBA
loc_3472,3472,LOS CALLEJONES,6,CORDOBA
loc_3473,3473,LOS HUESOS,6,CORDOBA
loc_3474,3474,LOS MOLLES,6,CORDOBA
loc_3475,3475,MESILLAS,6,CORDOBA
loc_3476,3476,MINA ARAUJO,6,CORDOBA
loc_3477,3477,MINA CLAVERO,6,CORDOBA
loc_3478,3478,MONTE REDONDO,6,CORDOBA
loc_3479,3479,MUSSI,6,CORDOBA
loc_3480,3480,NIDO DEL AGUILA,6,CORDOBA
loc_3482,3482,NONO,6,CORDOBA
loc_3483,3483,OJO DE AGUA,6,CORDOBA
loc_3484,3484,PACHANGO,6,CORDOBA
loc_3485,3485,PAMPA DE ACHALA,6,CORDOBA
loc_3486,3486,PANAHOLMA,6,CORDOBA
loc_3487,3487,PASO LAS TROPAS,6,CORDOBA
loc_3488,3488,PIEDRA BLANCA,6,CORDOBA
loc_3489,3489,POZO DE LA PAMPA,6,CORDOBA
loc_3490,3490,PUERTA DE LA QUEBRADA,6,CORDOBA
loc_3491,3491,PUESTO GUZMAN,6,CORDOBA
loc_3492,3492,QUEBRACHO SOLO,6,CORDOBA
loc_3493,3493,QUEBRADA DEL HORNO,6,CORDOBA
loc_3494,3494,RIO ARRIBA,6,CORDOBA
loc_3495,3495,SAN LORENZO,6,CORDOBA
loc_3496,3496,SAN PEDRO,6,CORDOBA
loc_3497,3497,SAN PEDRO DE SAN ALBERTO,6,CORDOBA
loc_3498,3498,SAN RAFAEL,6,CORDOBA
loc_3499,3499,SAN SEBASTIAN,6,CORDOBA
loc_3500,3500,SAN VICENTE,6,CORDOBA
loc_3501,3501,SANTA MARIA,6,CORDOBA
loc_3502,3502,SANTA RITA,6,CORDOBA
loc_3503,3503,SANTO DOMINGO,6,CORDOBA
loc_3504,3504,SAUCE ARRIBA,6,CORDOBA
loc_3505,3505,TARUCA PAMPA,6,CORDOBA
loc_3506,3506,TASMA,6,CORDOBA
loc_3507,3507,VILLA ANGELICA,6,CORDOBA
loc_3508,3508,VILLA CLODOMIRA,6,CORDOBA
loc_3509,3509,VILLA CURA BROCHERO,6,CORDOBA
loc_3510,3510,VILLA RAFAEL BENEGAS,6,CORDOBA
loc_3511,3511,VILLA SARMIENTO,6,CORDOBA
loc_3512,3512,ALEJO LEDESMA,6,CORDOBA
loc_3513,3513,ARIAS,6,CORDOBA
loc_3514,3514,BAJO DEL BURRO,6,CORDOBA
loc_3515,3515,BARRIO LA FORTUNA,6,CORDOBA
loc_3516,3516,CAMILO ALDAO,6,CORDOBA
loc_3517,3517,CAP GRAL BERNARDO O HIGGINS,6,CORDOBA
loc_3518,3518,CAVANAGH,6,CORDOBA
loc_3519,3519,COLONIA 25 LOS SURGENTES,6,CORDOBA
loc_3520,3520,COLONIA BALLESTEROS,6,CORDOBA
loc_3521,3521,COLONIA BARGE,6,CORDOBA
loc_3522,3522,COLONIA CALCHAQUI,6,CORDOBA
loc_3523,3523,COLONIA EL CHAJA,6,CORDOBA
loc_3524,3524,COLONIA ITALIANA,6,CORDOBA
loc_3525,3525,COLONIA LA MURIUCHA,6,CORDOBA
loc_3526,3526,COLONIA LA PALESTINA,6,CORDOBA
loc_3527,3527,COLONIA LEDESMA,6,CORDOBA
loc_3528,3528,COLONIA LOS VASCOS,6,CORDOBA
loc_3529,3529,COLONIA PROGRESO,6,CORDOBA
loc_3530,3530,COLONIA VEINTICINCO,6,CORDOBA
loc_3531,3531,CORRAL DE BUSTOS,6,CORDOBA
loc_3532,3532,CORTADERAS,6,CORDOBA
loc_3533,3533,CRUZ ALTA,6,CORDOBA
loc_3534,3534,DESVIO KILOMETRO 57,6,CORDOBA
loc_3535,3535,EL PANAL,6,CORDOBA
loc_3536,3536,ENFERMERA KELLY,6,CORDOBA
loc_3537,3537,FLORA,6,CORDOBA
loc_3538,3538,GENERAL BALDISSERA,6,CORDOBA
loc_3539,3539,GENERAL ROCA,6,CORDOBA
loc_3540,3540,GUATIMOZIN,6,CORDOBA
loc_3541,3541,INRIVILLE,6,CORDOBA
loc_3542,3542,ISLA VERDE,6,CORDOBA
loc_3543,3543,KILEGRUMAN,6,CORDOBA
loc_3544,3544,KILOMETRO 57,6,CORDOBA
loc_3545,3545,LA REDUCCION,6,CORDOBA
loc_3546,3546,LATAN HALL,6,CORDOBA
loc_3547,3547,LEONES,6,CORDOBA
loc_3548,3548,LOS SURGENTES,6,CORDOBA
loc_3549,3549,MARCOS JUAREZ,6,CORDOBA
loc_3550,3550,MONTE BUEY,6,CORDOBA
loc_3551,3551,PIEDRAS ANCHAS,6,CORDOBA
loc_3552,3552,PUEBLO ARGENTINO,6,CORDOBA
loc_3553,3553,PUEBLO CARLOS SAUVERAN,6,CORDOBA
loc_3554,3554,PUEBLO GAMBANDE,6,CORDOBA
loc_3555,3555,PUEBLO RIO TERCERO,6,CORDOBA
loc_3556,3556,SAIRA,6,CORDOBA
loc_3557,3557,SALADILLO,6,CORDOBA
loc_3559,3559,VILLA ELISA,6,CORDOBA
loc_3560,3560,AGUA DE CRESPIN,6,CORDOBA
loc_3561,3561,ALTO DE LOS QUEBRACHOS,6,CORDOBA
loc_3562,3562,BAJO LINDO,6,CORDOBA
loc_3564,3564,BARRIAL,6,CORDOBA
loc_3565,3565,BARRIALITOS,6,CORDOBA
loc_3566,3566,BELLA VISTA,6,CORDOBA
loc_3567,3567,CACHIYULLO,6,CORDOBA
loc_3568,3568,CANDELARIA,6,CORDOBA
loc_3569,3569,CANTERAS IGUAZU,6,CORDOBA
loc_3570,3570,CANTERAS QUILPO,6,CORDOBA
loc_3572,3572,CARRIZAL,6,CORDOBA
loc_3573,3573,CASAS VIEJAS,6,CORDOBA
loc_3574,3574,CHACRAS,6,CORDOBA
loc_3575,3575,CHACRAS DEL POTRERO,6,CORDOBA
loc_3576,3576,CHARACATO,6,CORDOBA
loc_3577,3577,CIENAGA DE BRITOS,6,CORDOBA
loc_3579,3579,CRUZ DEL EJE,6,CORDOBA
loc_3580,3580,DESAGUADERO,6,CORDOBA
loc_3581,3581,EL BARRIAL,6,CORDOBA
loc_3582,3582,EL BRETE,6,CORDOBA
loc_3583,3583,EL CALLEJON,6,CORDOBA
loc_3584,3584,EL CARACOL,6,CORDOBA
loc_3585,3585,EL FRANCES,6,CORDOBA
loc_3586,3586,EL GUAICO,6,CORDOBA
loc_3587,3587,EL PUESTO,6,CORDOBA
loc_3588,3588,EL QUICHO,6,CORDOBA
loc_3589,3589,EL RINCON,6,CORDOBA
loc_3590,3590,EL SIMBOLAR,6,CORDOBA
loc_3591,3591,EL VALLECITO,6,CORDOBA
loc_3592,3592,ESQUINA DEL ALAMBRE,6,CORDOBA
loc_3593,3593,ESTACION SOTO,6,CORDOBA
loc_3594,3594,GUANACO MUERTO,6,CORDOBA
loc_3595,3595,IGLESIA VIEJA,6,CORDOBA
loc_3596,3596,KILOMETRO 505,6,CORDOBA
loc_3597,3597,KILOMETRO 541,6,CORDOBA
loc_3598,3598,LA ABRA,6,CORDOBA
loc_3599,3599,LA AGUADA,6,CORDOBA
loc_3600,3600,LA BATEA,6,CORDOBA
loc_3601,3601,LA CARBONERA,6,CORDOBA
loc_3602,3602,LA CONCEPCION,6,CORDOBA
loc_3603,3603,LA FLORIDA,6,CORDOBA
loc_3604,3604,LA FRONDA,6,CORDOBA
loc_3605,3605,LA GRAMILLA,6,CORDOBA
loc_3606,3606,LA HIGUERA,6,CORDOBA
loc_3607,3607,LA LAGUNA,6,CORDOBA
loc_3608,3608,LA LILIA,6,CORDOBA
loc_3609,3609,LA MESILLA,6,CORDOBA
loc_3610,3610,LA PRIMAVERA,6,CORDOBA
loc_3611,3611,LA PUERTA,6,CORDOBA
loc_3612,3612,LA PUERTA VILLA DE SOTO,6,CORDOBA
loc_3613,3613,LA TOMA,6,CORDOBA
loc_3614,3614,LA VIRGINIA,6,CORDOBA
loc_3615,3615,LAS ABRAS,6,CORDOBA
loc_3616,3616,LAS ALERAS,6,CORDOBA
loc_3618,3618,LAS LOMAS,6,CORDOBA
loc_3619,3619,LAS PIEDRITAS,6,CORDOBA
loc_3620,3620,LAS PLAYAS,6,CORDOBA
loc_3621,3621,LAS TAPIAS,6,CORDOBA
loc_3622,3622,LAS TINAJERAS,6,CORDOBA
loc_3623,3623,LAS TOTORITAS,6,CORDOBA
loc_3624,3624,LOS ALGARROBITOS,6,CORDOBA
loc_3626,3626,LOS ESLABONES,6,CORDOBA
loc_3627,3627,LOS HORMIGUEROS,6,CORDOBA
loc_3628,3628,LOS MISTOLES,6,CORDOBA
loc_3629,3629,LOS PANTALLES,6,CORDOBA
loc_3630,3630,LOS PIQUILLINES,6,CORDOBA
loc_3631,3631,LOS SAUCES,6,CORDOBA
loc_3632,3632,LOS VALDES,6,CORDOBA
loc_3633,3633,MAJADA DE SANTIAGO,6,CORDOBA
loc_3634,3634,MANDALA,6,CORDOBA
loc_3635,3635,MEDIA NARANJA,6,CORDOBA
loc_3636,3636,MESA DE MARIANO,6,CORDOBA
loc_3637,3637,NEGRO HUASI,6,CORDOBA
loc_3638,3638,NUEVA ESPERANZA,6,CORDOBA
loc_3639,3639,ORO GRUESO,6,CORDOBA
loc_3640,3640,PALO CORTADO,6,CORDOBA
loc_3641,3641,PALO LABRADO,6,CORDOBA
loc_3642,3642,PALO PARADO,6,CORDOBA
loc_3643,3643,PALO QUEMADO,6,CORDOBA
loc_3644,3644,PALOMA POZO,6,CORDOBA
loc_3645,3645,PASO DE MONTOYA,6,CORDOBA
loc_3646,3646,PASO VIEJO,6,CORDOBA
loc_3647,3647,PICHANAS,6,CORDOBA
loc_3648,3648,PIEDRA BLANCA,6,CORDOBA
loc_3649,3649,PIEDRAS AMONTONADAS,6,CORDOBA
loc_3650,3650,PIEDRAS ANCHAS,6,CORDOBA
loc_3651,3651,POZO DEL SIMBOL,6,CORDOBA
loc_3652,3652,PUESTO DEL GALLO,6,CORDOBA
loc_3653,3653,PUESTO EL ABRA,6,CORDOBA
loc_3654,3654,QUILMES,6,CORDOBA
loc_3655,3655,RAMBLON,6,CORDOBA
loc_3656,3656,REPRESA DE MORALES,6,CORDOBA
loc_3657,3657,RIO DE LA POBLACION,6,CORDOBA
loc_3658,3658,RIO SECO,6,CORDOBA
loc_3659,3659,SAN ANTONIO,6,CORDOBA
loc_3660,3660,SAN ISIDRO,6,CORDOBA
loc_3661,3661,SAN JOSE,6,CORDOBA
loc_3662,3662,SAN MARCOS SIERRAS,6,CORDOBA
loc_3663,3663,SANTA ANA,6,CORDOBA
loc_3664,3664,SENDAS GRANDES,6,CORDOBA
loc_3665,3665,SERREZUELA,6,CORDOBA
loc_3666,3666,SIMBOLAR,6,CORDOBA
loc_3667,3667,TABAQUILLO,6,CORDOBA
loc_3668,3668,TALA DEL RIO SECO,6,CORDOBA
loc_3669,3669,TRES ARBOLES,6,CORDOBA
loc_3670,3670,TUCLAME,6,CORDOBA
loc_3671,3671,VILLA DE SOTO,6,CORDOBA
loc_3672,3672,VILLA LOS LEONES,6,CORDOBA
loc_3673,3673,ACOLLARADO,6,CORDOBA
loc_3674,3674,AGUA DEL TALA,6,CORDOBA
loc_3675,3675,AGUA HEDIONDA,6,CORDOBA
loc_3676,3676,ALTO DE FLORES,6,CORDOBA
loc_3677,3677,ALTO VERDE,6,CORDOBA
loc_3678,3678,ARBOL BLANCO,6,CORDOBA
loc_3679,3679,BEUCE,6,CORDOBA
loc_3680,3680,CAMARONES,6,CORDOBA
loc_3681,3681,CHIPITIN,6,CORDOBA
loc_3683,3683,DURAZNO,6,CORDOBA
loc_3685,3685,EL CERRITO,6,CORDOBA
loc_3686,3686,EL DESMONTE,6,CORDOBA
loc_3687,3687,EL DURAZNO,6,CORDOBA
loc_3688,3688,EL GUINDO,6,CORDOBA
loc_3689,3689,EL OJO DE AGUA,6,CORDOBA
loc_3690,3690,EL PASO,6,CORDOBA
loc_3691,3691,EL PERCHEL,6,CORDOBA
loc_3692,3692,EL RODEO,6,CORDOBA
loc_3693,3693,EL ROSARIO,6,CORDOBA
loc_3694,3694,EL SEBIL,6,CORDOBA
loc_3695,3695,EL TUSCAL,6,CORDOBA
loc_3696,3696,EL VENCE,6,CORDOBA
loc_3697,3697,ESPINILLO,6,CORDOBA
loc_3698,3698,ESTANCIA EL NACIONAL,6,CORDOBA
loc_3699,3699,GUALLASCATE,6,CORDOBA
loc_3700,3700,ISLA DE SAN ANTONIO,6,CORDOBA
loc_3701,3701,ITI HUASI,6,CORDOBA
loc_3702,3702,KILOMETRO 907,6,CORDOBA
loc_3703,3703,KILOMETRO 931,6,CORDOBA
loc_3705,3705,LA COSTA,6,CORDOBA
loc_3706,3706,LA ESPERANZA,6,CORDOBA
loc_3707,3707,LA HIGUERITA,6,CORDOBA
loc_3708,3708,LA LAGUNA,6,CORDOBA
loc_3709,3709,LA PROVIDENCIA,6,CORDOBA
loc_3710,3710,LA TOMA,6,CORDOBA
loc_3711,3711,LADERA YACUS,6,CORDOBA
loc_3712,3712,LAGUNA BRAVA,6,CORDOBA
loc_3713,3713,LAGUNA DE GOMEZ,6,CORDOBA
loc_3714,3714,LAS AROMAS,6,CORDOBA
loc_3715,3715,LAS ARRIAS,6,CORDOBA
loc_3717,3717,LAS HORQUETAS,6,CORDOBA
loc_3718,3718,LAS JUNTAS,6,CORDOBA
loc_3719,3719,LAS LOMITAS,6,CORDOBA
loc_3720,3720,LAS MASITAS,6,CORDOBA
loc_3721,3721,LAS PALMAS,6,CORDOBA
loc_3722,3722,LAS QUINTAS,6,CORDOBA
loc_3723,3723,LOMA DE PIEDRA,6,CORDOBA
loc_3724,3724,LOS ALAMOS,6,CORDOBA
loc_3725,3725,LOS POZOS,6,CORDOBA
loc_3726,3726,LUCIO V MANSILLA,6,CORDOBA
loc_3727,3727,MAJADILLA,6,CORDOBA
loc_3728,3728,MIRAFLORES,6,CORDOBA
loc_3729,3729,PISCO HUASI,6,CORDOBA
loc_3730,3730,POZO SOLO,6,CORDOBA
loc_3731,3731,PROVIDENCIA,6,CORDOBA
loc_3732,3732,PUESTO VIEJO,6,CORDOBA
loc_3733,3733,ROJAS,6,CORDOBA
loc_3734,3734,SAN GABRIEL,6,CORDOBA
loc_3735,3735,SAN GERONIMO,6,CORDOBA
loc_3736,3736,SAN JOSE,6,CORDOBA
loc_3737,3737,SAN JOSE DE LA DORMIDA,6,CORDOBA
loc_3738,3738,SAN JOSE DE LAS SALINAS,6,CORDOBA
loc_3739,3739,SAN PEDRO NORTE,6,CORDOBA
loc_3740,3740,SAN ROQUE,6,CORDOBA
loc_3741,3741,SAN ROQUE LAS ARRIAS,6,CORDOBA
loc_3742,3742,SANTA CRUZ,6,CORDOBA
loc_3743,3743,SEVILLA,6,CORDOBA
loc_3744,3744,TOTORALEJOS,6,CORDOBA
loc_3745,3745,TULUMBA,6,CORDOBA
loc_3746,3746,TUSCAL,6,CORDOBA
loc_3747,3747,VILLA ROSARIO DEL SALADILLO,6,CORDOBA
loc_3748,3748,CASEROS ESTE,6,CORDOBA
loc_3749,3749,CORDOBA,6,CORDOBA
loc_3750,3750,CORONEL OLMEDO,6,CORDOBA
loc_3752,3752,EL CHINGOLO,6,CORDOBA
loc_3753,3753,EL OCHENTA,6,CORDOBA
loc_3754,3754,EL QUEBRACHAL,6,CORDOBA
loc_3755,3755,EMPALME BARRIO FLORES,6,CORDOBA
loc_3756,3756,FINCA LA DOROTEA,6,CORDOBA
loc_3757,3757,HARAS SANTA MARTHA,6,CORDOBA
loc_3758,3758,KILOMETRO 25 LA CARBONADA,6,CORDOBA
loc_3759,3759,KILOMETRO 679,6,CORDOBA
loc_3760,3760,KILOMETRO 680 RUTA 9,6,CORDOBA
loc_3761,3761,KILOMETRO 692,6,CORDOBA
loc_3762,3762,KILOMETRO 730,6,CORDOBA
loc_3763,3763,LA ARABIA,6,CORDOBA
loc_3764,3764,LAS SESENTA CUADRAS,6,CORDOBA
loc_3765,3765,MARIA LASTENIA,6,CORDOBA
loc_3766,3766,RECREO VICTORIA,6,CORDOBA
loc_3767,3767,VILLA ESQUIU,6,CORDOBA
loc_3768,3768,VILLA MIREA,6,CORDOBA
loc_3769,3769,VILLA POSSE,6,CORDOBA
loc_3770,3770,ARROYO ALGODON,6,CORDOBA
loc_3771,3771,ARROYO CABRAL,6,CORDOBA
loc_3772,3772,ARROYO DEL PINO,6,CORDOBA
loc_3773,3773,AUSONIA,6,CORDOBA
loc_3774,3774,CAPILLA SAN ANTONIO DE YUCAT,6,CORDOBA
loc_3775,3775,CARLOMAGNO,6,CORDOBA
loc_3776,3776,CAYUQUEO,6,CORDOBA
loc_3777,3777,CHAZON,6,CORDOBA
loc_3778,3778,COLONIA SANTA RITA,6,CORDOBA
loc_3779,3779,COLONIA SILVIO PELLICO,6,CORDOBA
loc_3780,3780,COLONIA YUCAT SUD,6,CORDOBA
loc_3781,3781,ETRURIA,6,CORDOBA
loc_3782,3782,FABRICA MILITAR,6,CORDOBA
loc_3783,3783,FERREYRA,6,CORDOBA
loc_3784,3784,KILOMETRO 267,6,CORDOBA
loc_3785,3785,LA HERRADURA,6,CORDOBA
loc_3786,3786,LA LAGUNA,6,CORDOBA
loc_3787,3787,LA PALESTINA,6,CORDOBA
loc_3788,3788,LA PLAYOSA,6,CORDOBA
loc_3789,3789,LA REINA,6,CORDOBA
loc_3790,3790,LAS CUATRO ESQUINAS,6,CORDOBA
loc_3791,3791,LAS MOJARRAS,6,CORDOBA
loc_3792,3792,LAS PICHANAS,6,CORDOBA
loc_3793,3793,LOS REYUNOS,6,CORDOBA
loc_3794,3794,LUCA,6,CORDOBA
loc_3795,3795,MARIA,6,CORDOBA
loc_3796,3796,MONTE DE LOS LAZOS,6,CORDOBA
loc_3797,3797,PASCO,6,CORDOBA
loc_3798,3798,SAN ANTONIO DE YUCAT,6,CORDOBA
loc_3799,3799,SANABRIA,6,CORDOBA
loc_3800,3800,SANTA ROSA,6,CORDOBA
loc_3801,3801,SANTA VICTORIA,6,CORDOBA
loc_3802,3802,SARMICA,6,CORDOBA
loc_3803,3803,TICINO,6,CORDOBA
loc_3804,3804,TIO PUJIO,6,CORDOBA
loc_3805,3805,VILLA AURORA,6,CORDOBA
loc_3806,3806,VILLA DEL PARQUE,6,CORDOBA
loc_3807,3807,VILLA EMILIA,6,CORDOBA
loc_3808,3808,VILLA MARIA,6,CORDOBA
loc_3809,3809,VILLA NUEVA,6,CORDOBA
loc_3810,3810,9 DE JULIO,6,CORDOBA
loc_3811,3811,AGUAS DE RAMON,6,CORDOBA
loc_3812,3812,CAÑADA DE LAS GATIADAS,6,CORDOBA
loc_3813,3813,CERRO BOLA,6,CORDOBA
loc_3815,3815,CIENAGA DEL CORO,6,CORDOBA
loc_3816,3816,EL BARREAL,6,CORDOBA
loc_3817,3817,EL CHACHO,6,CORDOBA
loc_3818,3818,EL DURAZNO,6,CORDOBA
loc_3819,3819,EL MOYANO,6,CORDOBA
loc_3820,3820,EL RIO,6,CORDOBA
loc_3821,3821,EL RODEO,6,CORDOBA
loc_3822,3822,EL SAUCE,6,CORDOBA
loc_3823,3823,EL SUNCHAL,6,CORDOBA
loc_3824,3824,EL VALLESITO,6,CORDOBA
loc_3825,3825,ESTANCIA DE GUADALUPE,6,CORDOBA
loc_3826,3826,GUASAPAMPA,6,CORDOBA
loc_3827,3827,LA ARGENTINA,6,CORDOBA
loc_3828,3828,LA BISMUTINA,6,CORDOBA
loc_3829,3829,LA ESTANCIA,6,CORDOBA
loc_3830,3830,LA PINTADA,6,CORDOBA
loc_3831,3831,LA PLAYA,6,CORDOBA
loc_3832,3832,LAS CHACRAS,6,CORDOBA
loc_3833,3833,LAS CORTADERAS,6,CORDOBA
loc_3834,3834,LAS LATAS,6,CORDOBA
loc_3835,3835,LOS BARRIALES,6,CORDOBA
loc_3836,3836,MINA LA BISMUTINA,6,CORDOBA
loc_3837,3837,MIRAFLORES,6,CORDOBA
loc_3838,3838,MOGOTE VERDE,6,CORDOBA
loc_3839,3839,NINALQUIN,6,CORDOBA
loc_3840,3840,OJO DE AGUA,6,CORDOBA
loc_3841,3841,OJO DE AGUA DE TOTOX,6,CORDOBA
loc_3842,3842,PAJONAL,6,CORDOBA
loc_3843,3843,PASO GRANDE,6,CORDOBA
loc_3844,3844,PIEDRAS ANCHAS,6,CORDOBA
loc_3845,3845,PIEDRITA BLANCA,6,CORDOBA
loc_3846,3846,PINAS,6,CORDOBA
loc_3847,3847,POTRERO DE MARQUES,6,CORDOBA
loc_3848,3848,POZO DEL BARRIAL,6,CORDOBA
loc_3849,3849,POZO SECO,6,CORDOBA
loc_3850,3850,PUESTO DE VERA,6,CORDOBA
loc_3851,3851,RAMIREZ,6,CORDOBA
loc_3852,3852,RARA FORTUNA,6,CORDOBA
loc_3853,3853,RUMIACO,6,CORDOBA
loc_3854,3854,RUMIHUASI,6,CORDOBA
loc_3855,3855,SAN CARLOS,6,CORDOBA
loc_3856,3856,SAPANSOTO,6,CORDOBA
loc_3857,3857,SIERRA DE ABREGU,6,CORDOBA
loc_3858,3858,SIERRA DE LAS PAREDES,6,CORDOBA
loc_3859,3859,SUNCHAL,6,CORDOBA
loc_3860,3860,TALAINI,6,CORDOBA
loc_3861,3861,TASACUNA,6,CORDOBA
loc_3862,3862,TOSNO,6,CORDOBA
loc_3863,3863,TOTORA GUASI,6,CORDOBA
loc_3864,3864,TOTORITAS,6,CORDOBA
loc_3865,3865,TRES ESQUINAS,6,CORDOBA
loc_3866,3866,TRES LOMAS,6,CORDOBA
loc_3867,3867,ACOSTILLA,6,CORDOBA
loc_3868,3868,BALDE DE LA ORILLA,6,CORDOBA
loc_3869,3869,BUENA VISTA,6,CORDOBA
loc_3872,3872,CASA BLANCA,6,CORDOBA
loc_3873,3873,CHAMICO,6,CORDOBA
loc_3874,3874,CHANCANI,6,CORDOBA
loc_3875,3875,CUCHILLO YACO,6,CORDOBA
loc_3876,3876,EL CARRIZAL,6,CORDOBA
loc_3877,3877,EL MEDANITO,6,CORDOBA
loc_3878,3878,EL POTRERO,6,CORDOBA
loc_3879,3879,EL RINCON,6,CORDOBA
loc_3880,3880,LA AGUADITA,6,CORDOBA
loc_3881,3881,LA CALERA,6,CORDOBA
loc_3882,3882,LA ESQUINA,6,CORDOBA
loc_3883,3883,LA JARILLA,6,CORDOBA
loc_3884,3884,LA MUDANA,6,CORDOBA
loc_3885,3885,LA PATRIA,6,CORDOBA
loc_3886,3886,LA SIERRITA,6,CORDOBA
loc_3887,3887,LA TABLADA,6,CORDOBA
loc_3888,3888,LAS CHACRAS,6,CORDOBA
loc_3889,3889,LAS CORTADERAS,6,CORDOBA
loc_3890,3890,LAS JARILLAS,6,CORDOBA
loc_3891,3891,LAS OSCURAS,6,CORDOBA
loc_3892,3892,LAS PALMAS,6,CORDOBA
loc_3893,3893,LAS ROSAS,6,CORDOBA
loc_3894,3894,LOS DOS POZOS,6,CORDOBA
loc_3895,3895,LOS MEDANITOS,6,CORDOBA
loc_3896,3896,LOS TALARES,6,CORDOBA
loc_3897,3897,MOGIGASTA,6,CORDOBA
loc_3898,3898,PIEDRITAS ROSADAS,6,CORDOBA
loc_3899,3899,PITOA,6,CORDOBA
loc_3900,3900,POCHO,6,CORDOBA
loc_3901,3901,PUSISUNA,6,CORDOBA
loc_3902,3902,RIO HONDO,6,CORDOBA
loc_3903,3903,SAGRADA FAMILIA,6,CORDOBA
loc_3904,3904,SALSACATE,6,CORDOBA
loc_3905,3905,SAN JERONIMO,6,CORDOBA
loc_3906,3906,SAUCE DE LOS QUEVEDOS,6,CORDOBA
loc_3908,3908,TORO MUERTO,6,CORDOBA
loc_3910,3910,VILLA TANINGA,6,CORDOBA
loc_3911,3911,VISO,6,CORDOBA
loc_3912,3912,ALTO DEL TALA,6,CORDOBA
loc_3913,3913,AMBOY,6,CORDOBA
loc_3914,3914,ARROYO SAN ANTONIO,6,CORDOBA
loc_3915,3915,ARROYO SANTANA,6,CORDOBA
loc_3916,3916,ARROYO SECO,6,CORDOBA
loc_3917,3917,ARROYO TOLEDO,6,CORDOBA
loc_3918,3918,ATHOS PAMPA,6,CORDOBA
loc_3919,3919,ATUMI PAMPA,6,CORDOBA
loc_3920,3920,BAJO DEL CARMEN,6,CORDOBA
loc_3921,3921,CALMAYO,6,CORDOBA
loc_3922,3922,CAMPO SAN ANTONIO,6,CORDOBA
loc_3928,3928,CARAHUASI,6,CORDOBA
loc_3929,3929,CERRO BLANCO,6,CORDOBA
loc_3930,3930,CERRO COLORADO,6,CORDOBA
loc_3931,3931,CERRO SAN LORENZO,6,CORDOBA
loc_3932,3932,CERROS ASPEROS,6,CORDOBA
loc_3933,3933,CNIA VACACIONES DE EMPLEADO,6,CORDOBA
loc_3934,3934,COLONIA ALEMANA,6,CORDOBA
loc_3935,3935,COLONIA LA CALLE,6,CORDOBA
loc_3936,3936,DOS ARROYOS,6,CORDOBA
loc_3937,3937,EL CARMEN,6,CORDOBA
loc_3938,3938,EL MANANTIAL,6,CORDOBA
loc_3940,3940,EL PORTEZUELO,6,CORDOBA
loc_3941,3941,EL QUEBRACHO,6,CORDOBA
loc_3942,3942,EL SAUCE,6,CORDOBA
loc_3943,3943,EL TORREON,6,CORDOBA
loc_3944,3944,857,6,CORDOBA
loc_3945,3945,FABRICA MILITAR,6,CORDOBA
loc_3946,3946,FALDA DE LOS REARTES,6,CORDOBA
loc_3947,3947,LA CALERA,6,CORDOBA
loc_3948,3948,LA CASCADA,6,CORDOBA
loc_3949,3949,LA CHOZA,6,CORDOBA
loc_3950,3950,LA CRUZ,6,CORDOBA
loc_3951,3951,LAS BAJADAS,6,CORDOBA
loc_3952,3952,LAS CALERAS,6,CORDOBA
loc_3953,3953,LAS HIGUERITAS,6,CORDOBA
loc_3955,3955,LAS SIERRITAS,6,CORDOBA
loc_3956,3956,LOMA REDONDA,6,CORDOBA
loc_3957,3957,LOS CERROS NEGROS,6,CORDOBA
loc_3958,3958,LOS COCOS,6,CORDOBA
loc_3959,3959,LOS CONDORES,6,CORDOBA
loc_3960,3960,LOS MOLINOS,6,CORDOBA
loc_3961,3961,LOS REARTES,6,CORDOBA
loc_3962,3962,LUTTI,6,CORDOBA
loc_3963,3963,MAR AZUL,6,CORDOBA
loc_3965,3965,MONSALVO,6,CORDOBA
loc_3966,3966,PASO SANDIALITO,6,CORDOBA
loc_3967,3967,PERMANENTES,6,CORDOBA
loc_3968,3968,POTRERO DE LUJAN,6,CORDOBA
loc_3969,3969,PUESTO MULITA,6,CORDOBA
loc_3970,3970,RINCON DE LUNA,6,CORDOBA
loc_3971,3971,RIO DE LOS SAUCES,6,CORDOBA
loc_3972,3972,RIO DEL DURAZNO,6,CORDOBA
loc_3973,3973,RIO GRANDE AMBOY,6,CORDOBA
loc_3974,3974,RODEO DE LOS CABALLOS,6,CORDOBA
loc_3975,3975,RODEO LAS YEGUAS,6,CORDOBA
loc_3976,3976,SAN AGUSTIN,6,CORDOBA
loc_3977,3977,SAN IGNACIO,6,CORDOBA
loc_3978,3978,SAN ROQUE,6,CORDOBA
loc_3979,3979,SANTA MONICA,6,CORDOBA
loc_3980,3980,SANTA ROSA DE CALAMUCHITA,6,CORDOBA
loc_3981,3981,SARLACO,6,CORDOBA
loc_3982,3982,SEGUNDA USINA,6,CORDOBA
loc_3983,3983,SIERRA BLANCA,6,CORDOBA
loc_3984,3984,SIERRAS MORENAS,6,CORDOBA
loc_3985,3985,SOCONCHO,6,CORDOBA
loc_3986,3986,SOLAR LOS MOLINOS,6,CORDOBA
loc_3987,3987,TALA CRUZ,6,CORDOBA
loc_3988,3988,TERCERA,6,CORDOBA
loc_3989,3989,TIGRE MUERTO,6,CORDOBA
loc_3990,3990,UNIDAD TURISTICA EMBALSE,6,CORDOBA
loc_3991,3991,USINA NUCLEAR EMBALSE,6,CORDOBA
loc_3992,3992,VALLE DORADO,6,CORDOBA
loc_3993,3993,VILLA AGUADA DE LOS REYES,6,CORDOBA
loc_3994,3994,VILLA ALPINA,6,CORDOBA
loc_3995,3995,VILLA AMANCAY,6,CORDOBA
loc_3996,3996,VILLA BERNA,6,CORDOBA
loc_3997,3997,VILLA CIUDAD PQUE LOS REARTES,6,CORDOBA
loc_3998,3998,VILLA DEL DIQUE,6,CORDOBA
loc_3999,3999,VILLA DEL PARQUE,6,CORDOBA
loc_4000,4000,VILLA DEL TALA,6,CORDOBA
loc_4001,4001,VILLA EL CORCOVADO,6,CORDOBA
loc_4002,4002,VILLA EL TORREON,6,CORDOBA
loc_4003,4003,VILLA GENERAL BELGRANO,6,CORDOBA
loc_4004,4004,VILLA LA COBA,6,CORDOBA
loc_4005,4005,VILLA LAGO AZUL,6,CORDOBA
loc_4006,4006,VILLA NATURALEZA,6,CORDOBA
loc_4007,4007,VILLA QUILLINZO,6,CORDOBA
loc_4008,4008,VILLA RUMIPAL,6,CORDOBA
loc_4009,4009,VILLA SAN JAVIER,6,CORDOBA
loc_4010,4010,VILLA SIERRAS DEL LAGO,6,CORDOBA
loc_4011,4011,VILLA YACANTO,6,CORDOBA
loc_4012,4012,VISTA ALEGRE,6,CORDOBA
loc_4013,4013,BAJO DE GOMEZ,6,CORDOBA
loc_4014,4014,BAJO GALINDEZ,6,CORDOBA
loc_4015,4015,CALCHIN,6,CORDOBA
loc_4016,4016,CALCHIN OESTE,6,CORDOBA
loc_4017,4017,CAMPO AMBROGGIO,6,CORDOBA
loc_4019,4019,CAPILLA DEL CARMEN,6,CORDOBA
loc_4020,4020,CARRILOBO,6,CORDOBA
loc_4021,4021,COLAZO,6,CORDOBA
loc_4022,4022,COLONIA VIDELA,6,CORDOBA
loc_4023,4023,COSTA ALEGRE,6,CORDOBA
loc_4024,4024,COSTA SACATE,6,CORDOBA
loc_4025,4025,EL CARRILITO,6,CORDOBA
loc_4026,4026,EL CARRIZAL,6,CORDOBA
loc_4027,4027,ESTACION CALCHIN,6,CORDOBA
loc_4028,4028,ESTANCIA LOS MATORRALES,6,CORDOBA
loc_4029,4029,GALPON CHICO,6,CORDOBA
loc_4030,4030,IMPIRA,6,CORDOBA
loc_4031,4031,INDEPENDENCIA,6,CORDOBA
loc_4032,4032,LA ISLETA,6,CORDOBA
loc_4033,4033,LA PALMERINA,6,CORDOBA
loc_4034,4034,LA ZARA,6,CORDOBA
loc_4035,4035,LA ZARITA,6,CORDOBA
loc_4036,4036,LAGUNA LARGA,6,CORDOBA
loc_4037,4037,LAGUNA LARGA SUD,6,CORDOBA
loc_4038,4038,LAGUNILLA,6,CORDOBA
loc_4039,4039,LAS JUNTURAS,6,CORDOBA
loc_4041,4041,LOS PANTANILLOS,6,CORDOBA
loc_4042,4042,LUQUE,6,CORDOBA
loc_4043,4043,MANFREDI,6,CORDOBA
loc_4044,4044,MATORRALES,6,CORDOBA
loc_4045,4045,MONTE REDONDO,6,CORDOBA
loc_4046,4046,ONCATIVO,6,CORDOBA
loc_4047,4047,ORATORIO DE PERALTA,6,CORDOBA
loc_4048,4048,PALO NEGRO,6,CORDOBA
loc_4049,4049,PASO DE VELEZ,6,CORDOBA
loc_4050,4050,PILAR,6,CORDOBA
loc_4051,4051,PLAZA MINETTI,6,CORDOBA
loc_4052,4052,PLAZA RODRIGUEZ,6,CORDOBA
loc_4053,4053,POZO DE LAS YEGUAS,6,CORDOBA
loc_4054,4054,POZO DEL MOLLE,6,CORDOBA
loc_4055,4055,RINCON,6,CORDOBA
loc_4056,4056,RINCON CASA GRANDE,6,CORDOBA
loc_4057,4057,RIO SEGUNDO,6,CORDOBA
loc_4058,4058,SAN JERONIMO,6,CORDOBA
loc_4059,4059,SAN JOSE,6,CORDOBA
loc_4060,4060,SAN RAFAEL,6,CORDOBA
loc_4061,4061,SANTIAGO TEMPLE,6,CORDOBA
loc_4062,4062,TRES POZOS,6,CORDOBA
loc_4063,4063,VILLA DEL ROSARIO,6,CORDOBA
loc_4064,4064,ANTONIO CATALANO,6,CORDOBA
loc_4065,4065,BURMEISTER,6,CORDOBA
loc_4066,4066,CAMPO SAN JUAN,6,CORDOBA
loc_4068,4068,COLONIA BOERO,6,CORDOBA
loc_4069,4069,COLONIA DOROTEA,6,CORDOBA
loc_4070,4070,COSTA DEL RIO QUINTO,6,CORDOBA
loc_4071,4071,DE LA SERNA,6,CORDOBA
loc_4072,4072,DEL CAMPILLO,6,CORDOBA
loc_4073,4073,EL ARBOL,6,CORDOBA
loc_4074,4074,EL NOY,6,CORDOBA
loc_4075,4075,EL PAMPERO,6,CORDOBA
loc_4076,4076,HIPOLITO BOUCHARD,6,CORDOBA
loc_4077,4077,HUINCA RENANCO,6,CORDOBA
loc_4078,4078,ITALO,6,CORDOBA
loc_4079,4079,JOVITA,6,CORDOBA
loc_4080,4080,LA LUZ,6,CORDOBA
loc_4081,4081,LA NACIONAL,6,CORDOBA
loc_4082,4082,LA PENCA,6,CORDOBA
loc_4083,4083,LA PERLITA,6,CORDOBA
loc_4084,4084,LARSEN,6,CORDOBA
loc_4085,4085,LECUEDER,6,CORDOBA
loc_4086,4086,LOS ALFALFARES,6,CORDOBA
loc_4087,4087,LOS GAUCHOS DE GUEMES,6,CORDOBA
loc_4088,4088,MATTALDI,6,CORDOBA
loc_4089,4089,MELIDEO,6,CORDOBA
loc_4090,4090,MODESTINO PIZARRO,6,CORDOBA
loc_4091,4091,NAZCA,6,CORDOBA
loc_4092,4092,NICOLAS BRUZONE,6,CORDOBA
loc_4093,4093,ONAGOITY,6,CORDOBA
loc_4094,4094,PINCEN,6,CORDOBA
loc_4095,4095,RANQUELES,6,CORDOBA
loc_4096,4096,SANTA MAGDALENA,6,CORDOBA
loc_4097,4097,TOMAS ECHENIQUE,6,CORDOBA
loc_4098,4098,VILLA HUIDOBRO,6,CORDOBA
loc_4099,4099,VILLA MODERNA,6,CORDOBA
loc_4100,4100,VILLA SARMIENTO,6,CORDOBA
loc_4101,4101,VILLA VALERIA,6,CORDOBA
loc_4102,4102,WATT,6,CORDOBA
loc_4103,4103,ALDAO,21,SANTA FE
loc_4104,4104,ARSENAL DE GUERRA SAN LORENZO,21,SANTA FE
loc_4105,4105,BARLETT,21,SANTA FE
loc_4106,4106,BORGHI,21,SANTA FE
loc_4107,4107,CAPITAN BERMUDEZ,21,SANTA FE
loc_4108,4108,CARCARAÑA,21,SANTA FE
loc_4109,4109,CERANA,21,SANTA FE
loc_4110,4110,COLONIA CLODOMIRA,21,SANTA FE
loc_4111,4111,COLONIA EL CARMEN,21,SANTA FE
loc_4112,4112,CORONEL ARNOLD,21,SANTA FE
loc_4113,4113,CULLEN,21,SANTA FE
loc_4114,4114,EL TRANSITO,21,SANTA FE
loc_4115,4115,FABRICA MILITAR SAN LORENZO,21,SANTA FE
loc_4116,4116,FRAY LUIS BELTRAN,21,SANTA FE
loc_4117,4117,FUENTES,21,SANTA FE
loc_4118,4118,GRANADEROS,21,SANTA FE
loc_4119,4119,JESUS MARIA,21,SANTA FE
loc_4120,4120,JUAN ORTIZ,21,SANTA FE
loc_4121,4121,KILOMETRO 319,21,SANTA FE
loc_4122,4122,LA SALADA,21,SANTA FE
loc_4123,4123,LAS QUINTAS,21,SANTA FE
loc_4124,4124,LUIS PALACIOS,21,SANTA FE
loc_4125,4125,MAIZALES,21,SANTA FE
loc_4126,4126,PINO DE SAN LORENZO,21,SANTA FE
loc_4127,4127,PUEBLO KIRSTON,21,SANTA FE
loc_4128,4128,PUERTO DE SAN LORENZO,21,SANTA FE
loc_4129,4129,PUERTO GRAL SAN MARTIN,21,SANTA FE
loc_4130,4130,PUJATO,21,SANTA FE
loc_4131,4131,RICARDONE,21,SANTA FE
loc_4132,4132,ROLDAN,21,SANTA FE
loc_4133,4133,SAN GERONIMO,21,SANTA FE
loc_4134,4134,SAN JERONIMO SUR,21,SANTA FE
loc_4135,4135,SAN LORENZO,21,SANTA FE
loc_4136,4136,SEMINO,21,SANTA FE
loc_4137,4137,TIMBUES,21,SANTA FE
loc_4138,4138,TTE HIPOLITO BOUCHARD,21,SANTA FE
loc_4139,4139,VICENTE ECHEVARRIA,21,SANTA FE
loc_4140,4140,VILLA CASSINI,21,SANTA FE
loc_4141,4141,VILLA GARIBALDI,21,SANTA FE
loc_4142,4142,VILLA MARGARITA,21,SANTA FE
loc_4143,4143,VILLA MUGUETA,21,SANTA FE
loc_4144,4144,VILLA PORUCCI,21,SANTA FE
loc_4145,4145,ALEJANDRA,21,SANTA FE
loc_4146,4146,CACIQUE ARIACAIQUIN,21,SANTA FE
loc_4147,4147,CAMPO COUBERT,21,SANTA FE
loc_4148,4148,CAMPO HUBER,21,SANTA FE
loc_4149,4149,CAMPO ZAVALLA,21,SANTA FE
loc_4150,4150,CAÑADITA,21,SANTA FE
loc_4151,4151,COLONIA DURAN,21,SANTA FE
loc_4152,4152,COLONIA EL TOBA,21,SANTA FE
loc_4153,4153,COLONIA FRANCESA,21,SANTA FE
loc_4154,4154,COLONIA LA MORA,21,SANTA FE
loc_4155,4155,COLONIA LA NICOLASA,21,SANTA FE
loc_4156,4156,COLONIA SAGER,21,SANTA FE
loc_4157,4157,COLONIA SAN ROQUE,21,SANTA FE
loc_4158,4158,COLONIA TERESA,21,SANTA FE
loc_4159,4159,COSTA DEL TOBA,21,SANTA FE
loc_4160,4160,EL CEIBO,21,SANTA FE
loc_4161,4161,EL GUSANO,21,SANTA FE
loc_4162,4162,EL PAJARO BLANCO,21,SANTA FE
loc_4163,4163,EL PARA,21,SANTA FE
loc_4164,4164,LA BRAVA,21,SANTA FE
loc_4165,4165,LA CATALINA,21,SANTA FE
loc_4166,4166,LA LOMA,21,SANTA FE
loc_4167,4167,LAS CATALINAS,21,SANTA FE
loc_4168,4168,LOS CARDENALES,21,SANTA FE
loc_4169,4169,LOS CORRALITOS,21,SANTA FE
loc_4170,4170,LOS CUERVOS,21,SANTA FE
loc_4171,4171,LOS OSOS,21,SANTA FE
loc_4172,4172,OMBU NORTE,21,SANTA FE
loc_4173,4173,ROMANG,21,SANTA FE
loc_4174,4174,SAN JAVIER,21,SANTA FE
loc_4175,4175,ARMSTRONG,21,SANTA FE
loc_4176,4176,BOUQUET,21,SANTA FE
loc_4177,4177,CAMPO CHARO,21,SANTA FE
loc_4178,4178,CAMPO GIMBATTI,21,SANTA FE
loc_4179,4179,CAMPO LA AMISTAD,21,SANTA FE
loc_4180,4180,CAMPO LA PAZ,21,SANTA FE
loc_4181,4181,CAMPO LA RIVIERE,21,SANTA FE
loc_4182,4182,CAMPO SANTA ISABEL,21,SANTA FE
loc_4183,4183,LA CALIFORNIA,21,SANTA FE
loc_4184,4184,LAS LIEBRES,21,SANTA FE
loc_4185,4185,LAS PAREJAS,21,SANTA FE
loc_4186,4186,LAS ROSAS,21,SANTA FE
loc_4187,4187,MONTES DE OCA,21,SANTA FE
loc_4188,4188,SAN GUILLERMO,21,SANTA FE
loc_4189,4189,TORTUGAS,21,SANTA FE
loc_4190,4190,ANTONIO PINI,21,SANTA FE
loc_4191,4191,CABEZA DE CHANCHO,21,SANTA FE
loc_4192,4192,CAMPO GARAY,21,SANTA FE
loc_4193,4193,CAMPO SAN JOSE,21,SANTA FE
loc_4194,4194,COLONIA INDEPENDENCIA,21,SANTA FE
loc_4195,4195,COLONIA MONTEFIORE,21,SANTA FE
loc_4196,4196,EL AMARGO,21,SANTA FE
loc_4197,4197,EL MARIANO,21,SANTA FE
loc_4198,4198,EL NOCHERO,21,SANTA FE
loc_4199,4199,EL TRIANGULO,21,SANTA FE
loc_4200,4200,ESTANCIA ACHALA,21,SANTA FE
loc_4201,4201,ESTANCIA LA CIGUEÑA,21,SANTA FE
loc_4202,4202,ESTEBAN RAMS,21,SANTA FE
loc_4203,4203,FORTIN ALERTA,21,SANTA FE
loc_4204,4204,FORTIN ARGENTINA,21,SANTA FE
loc_4205,4205,FORTIN ATAHUALPA,21,SANTA FE
loc_4206,4206,FORTIN CACIQUE,21,SANTA FE
loc_4207,4207,FORTIN SEIS DE CABALLERIA,21,SANTA FE
loc_4208,4208,FORTIN TACURU,21,SANTA FE
loc_4209,4209,FORTIN TOSTADO,21,SANTA FE
loc_4210,4210,GATO COLORADO,21,SANTA FE
loc_4211,4211,GREGORIA PEREZ DE DENIS,21,SANTA FE
loc_4212,4212,INDEPENDENCIA,21,SANTA FE
loc_4213,4213,KILOMETRO 293,21,SANTA FE
loc_4214,4214,KILOMETRO 389,21,SANTA FE
loc_4215,4215,KILOMETRO 421,21,SANTA FE
loc_4216,4216,KILOMETRO 468,21,SANTA FE
loc_4217,4217,LA BOMBILLA,21,SANTA FE
loc_4218,4218,LA ELSA,21,SANTA FE
loc_4219,4219,LA MARINA,21,SANTA FE
loc_4220,4220,LAS ARENAS,21,SANTA FE
loc_4221,4221,LAS CHUÑAS,21,SANTA FE
loc_4222,4222,LOGROÑO,21,SANTA FE
loc_4223,4223,LOS CHARABONES,21,SANTA FE
loc_4224,4224,NUEVA ITALIA,21,SANTA FE
loc_4225,4225,PADRE PEDRO ITURRALDE,21,SANTA FE
loc_4226,4226,PORTALIS,21,SANTA FE
loc_4227,4227,POZO BORRADO,21,SANTA FE
loc_4228,4228,PUEBLO NUEVO,21,SANTA FE
loc_4229,4229,SAN BERNARDO,21,SANTA FE
loc_4230,4230,SANTA MARGARITA,21,SANTA FE
loc_4231,4231,SIN PEREZA,21,SANTA FE
loc_4232,4232,TOSTADO,21,SANTA FE
loc_4233,4233,TRES POZOS,21,SANTA FE
loc_4234,4234,VILLA MINETTI,21,SANTA FE
loc_4235,4235,ADOLFO ALSINA,21,SANTA FE
loc_4236,4236,ANGELICA,21,SANTA FE
loc_4237,4237,ATALIVA,21,SANTA FE
loc_4238,4238,AURELIA,21,SANTA FE
loc_4239,4239,AURELIA NORTE,21,SANTA FE
loc_4240,4240,AURELIA SUD,21,SANTA FE
loc_4241,4241,BAUER Y SIGEL,21,SANTA FE
loc_4242,4242,BELLA ITALIA,21,SANTA FE
loc_4243,4243,CABAÑA EL CISNE,21,SANTA FE
loc_4244,4244,CAMPO CLUCELLAS,21,SANTA FE
loc_4245,4245,CAMPO DARATTI,21,SANTA FE
loc_4246,4246,CAMPO ROMERO,21,SANTA FE
loc_4247,4247,CAMPO TORQUINSTON,21,SANTA FE
loc_4248,4248,CAMPO ZURBRIGGEN,21,SANTA FE
loc_4249,4249,CAPILLA SAN JOSE,21,SANTA FE
loc_4250,4250,CASABLANCA,21,SANTA FE
loc_4251,4251,COLONIA ALDAO,21,SANTA FE
loc_4252,4252,COLONIA BELLA ITALIA,21,SANTA FE
loc_4253,4253,COLONIA BICHA,21,SANTA FE
loc_4254,4254,COLONIA BIGAND,21,SANTA FE
loc_4255,4255,COLONIA CASTELLANOS,21,SANTA FE
loc_4256,4256,COLONIA CELLO,21,SANTA FE
loc_4257,4257,COLONIA JOSEFINA,21,SANTA FE
loc_4258,4258,COLONIA MARGARITA,21,SANTA FE
loc_4259,4259,COLONIA MAUA,21,SANTA FE
loc_4260,4260,COLONIA REINA MARGARITA,21,SANTA FE
loc_4261,4261,COLONIA SAN ANTONIO,21,SANTA FE
loc_4262,4262,COLONIA TACURALES,21,SANTA FE
loc_4263,4263,CORONEL FRAGA,21,SANTA FE
loc_4264,4264,CRISTOLIA,21,SANTA FE
loc_4265,4265,DESVIO BOERO,21,SANTA FE
loc_4266,4266,EGUSQUIZA,21,SANTA FE
loc_4267,4267,EL BAYO,21,SANTA FE
loc_4268,4268,ESMERALDA,21,SANTA FE
loc_4269,4269,ESTACION CLUCELLAS,21,SANTA FE
loc_4270,4270,ESTACION JOSEFINA,21,SANTA FE
loc_4271,4271,ESTACION MARIA JUANA,21,SANTA FE
loc_4272,4272,ESTACION SAGUIER,21,SANTA FE
loc_4273,4273,ESTRADA,21,SANTA FE
loc_4274,4274,EUSTOLIA,21,SANTA FE
loc_4275,4275,FASSI,21,SANTA FE
loc_4276,4276,FIDELA,21,SANTA FE
loc_4277,4277,FRONTERA,21,SANTA FE
loc_4278,4278,GALISTEO,21,SANTA FE
loc_4279,4279,GARIBALDI,21,SANTA FE
loc_4280,4280,HUGENTOBLER,21,SANTA FE
loc_4281,4281,HUMBERTO PRIMERO,21,SANTA FE
loc_4282,4282,ITURRASPE,21,SANTA FE
loc_4283,4283,JOSE MANUEL ESTRADA,21,SANTA FE
loc_4284,4284,KILOMETRO 113,21,SANTA FE
loc_4285,4285,KILOMETRO 483,21,SANTA FE
loc_4286,4286,KILOMETRO 501,21,SANTA FE
loc_4287,4287,KILOMETRO 85,21,SANTA FE
loc_4288,4288,LEHMANN,21,SANTA FE
loc_4289,4289,LOS SEMBRADOS,21,SANTA FE
loc_4290,4290,MANGORE,21,SANTA FE
loc_4291,4291,MARIA JUANA,21,SANTA FE
loc_4292,4292,MARINI,21,SANTA FE
loc_4293,4293,PLAZA CLUCELLAS,21,SANTA FE
loc_4294,4294,PRESIDENTE ROCA,21,SANTA FE
loc_4295,4295,PUEBLO MARIA JUANA,21,SANTA FE
loc_4296,4296,PUEBLO SAN ANTONIO,21,SANTA FE
loc_4297,4297,PUEBLO TERRAGNI,21,SANTA FE
loc_4298,4298,RAFAELA,21,SANTA FE
loc_4299,4299,RAMONA,21,SANTA FE
loc_4300,4300,RAQUEL,21,SANTA FE
loc_4301,4301,REINA MARGARITA,21,SANTA FE
loc_4302,4302,RINCON DE TACURALES,21,SANTA FE
loc_4303,4303,SAGUIER,21,SANTA FE
loc_4304,4304,SAN MIGUEL,21,SANTA FE
loc_4305,4305,SAN VICENTE,21,SANTA FE
loc_4306,4306,SANTA CLARA DE SAGUIER,21,SANTA FE
loc_4307,4307,SANTA EUSEBIA,21,SANTA FE
loc_4308,4308,SIERRA PEREYRA,21,SANTA FE
loc_4309,4309,SUNCHALES,21,SANTA FE
loc_4310,4310,SUSANA,21,SANTA FE
loc_4311,4311,TACURAL,21,SANTA FE
loc_4312,4312,TRES COLONIAS,21,SANTA FE
loc_4313,4313,VILA,21,SANTA FE
loc_4314,4314,VILLA SAN JOSE,21,SANTA FE
loc_4315,4315,VILLANI,21,SANTA FE
loc_4316,4316,VIRGINIA,21,SANTA FE
loc_4317,4317,ZANETTI,21,SANTA FE
loc_4318,4318,ZENON PEREYRA,21,SANTA FE
loc_4319,4319,AREQUITO,21,SANTA FE
loc_4320,4320,ARTEAGA,21,SANTA FE
loc_4321,4321,BERABEVU,21,SANTA FE
loc_4322,4322,BIGAND,21,SANTA FE
loc_4323,4323,CAMPO CRENNA,21,SANTA FE
loc_4324,4324,CAMPO NUEVO,21,SANTA FE
loc_4325,4325,CAMPO PESOA,21,SANTA FE
loc_4326,4326,CANDELARIA SUD,21,SANTA FE
loc_4327,4327,CASILDA,21,SANTA FE
loc_4328,4328,CHABAS,21,SANTA FE
loc_4329,4329,CHAÑAR LADEADO,21,SANTA FE
loc_4330,4330,COLONIA CANDELARIA,21,SANTA FE
loc_4331,4331,COLONIA FERNANDEZ,21,SANTA FE
loc_4332,4332,COLONIA GOMEZ,21,SANTA FE
loc_4333,4333,COLONIA HANSEN,21,SANTA FE
loc_4334,4334,COLONIA LA  CATALANA,21,SANTA FE
loc_4335,4335,COLONIA LA  PALENCIA,21,SANTA FE
loc_4336,4336,COLONIA LA  PELLEGRINI,21,SANTA FE
loc_4337,4337,COLONIA LA COSTA,21,SANTA FE
loc_4338,4338,COLONIA LAGO DI COMO,21,SANTA FE
loc_4339,4339,COLONIA PIAMONTESA,21,SANTA FE
loc_4340,4340,COLONIA SANTA NATALIA,21,SANTA FE
loc_4341,4341,COLONIA TOSCANA PRIMERA,21,SANTA FE
loc_4342,4342,COLONIA TOSCANA SEGUNDA,21,SANTA FE
loc_4343,4343,COLONIA VALENCIA,21,SANTA FE
loc_4344,4344,CUATRO ESQUINAS,21,SANTA FE
loc_4345,4345,GODEKEN,21,SANTA FE
loc_4346,4346,LA MERCED,21,SANTA FE
loc_4347,4347,LA VIUDA,21,SANTA FE
loc_4348,4348,LOS MOLINOS,21,SANTA FE
loc_4349,4349,LOS NOGALES,21,SANTA FE
loc_4350,4350,LOS QUIRQUINCHOS,21,SANTA FE
loc_4351,4351,PUEBLO AREQUITO,21,SANTA FE
loc_4352,4352,SAN JOSE DE LA ESQUINA,21,SANTA FE
loc_4353,4353,SANFORD,21,SANTA FE
loc_4354,4354,SANTA NATALIA,21,SANTA FE
loc_4355,4355,VILLADA,21,SANTA FE
loc_4356,4356,ALTO VERDE,21,SANTA FE
loc_4357,4357,ANGEL GALLARDO,21,SANTA FE
loc_4358,4358,AROMOS,21,SANTA FE
loc_4359,4359,ARROYO AGUIAR,21,SANTA FE
loc_4360,4360,ARROYO LEYES,21,SANTA FE
loc_4361,4361,ASCOCHINGAS,21,SANTA FE
loc_4362,4362,BAJO LAS TUNAS,21,SANTA FE
loc_4363,4363,BARRANQUITAS,21,SANTA FE
loc_4364,4364,CABAL,21,SANTA FE
loc_4365,4365,CAMPO ANDINO,21,SANTA FE
loc_4366,4366,CAMPO CRESPO,21,SANTA FE
loc_4367,4367,CAMPO LEHMAN,21,SANTA FE
loc_4368,4368,CAMPO SANTO DOMINGO,21,SANTA FE
loc_4369,4369,CANDIOTI,21,SANTA FE
loc_4370,4370,COLASTINE,21,SANTA FE
loc_4371,4371,COLASTINE NORTE,21,SANTA FE
loc_4372,4372,COLONIA CAMPO BOTTO,21,SANTA FE
loc_4373,4373,CONSTITUYENTES,21,SANTA FE
loc_4374,4374,EL GALPON,21,SANTA FE
loc_4375,4375,EMILIA,21,SANTA FE
loc_4376,4376,IRIONDO,21,SANTA FE
loc_4377,4377,ISLA DEL PORTEÑO,21,SANTA FE
loc_4378,4378,KILOMETRO 28,21,SANTA FE
loc_4379,4379,KILOMETRO 35,21,SANTA FE
loc_4380,4380,KILOMETRO 41,21,SANTA FE
loc_4381,4381,KILOMETRO 49,21,SANTA FE
loc_4382,4382,KILOMETRO 9,21,SANTA FE
loc_4383,4383,LA GUARDIA,21,SANTA FE
loc_4384,4384,LAGUNA PAIVA,21,SANTA FE
loc_4385,4385,LASSAGA,21,SANTA FE
loc_4386,4386,LLAMBI CAMPBELL,21,SANTA FE
loc_4387,4387,LOS HORNOS,21,SANTA FE
loc_4388,4388,MANUCHO,21,SANTA FE
loc_4389,4389,MONTE VERA,21,SANTA FE
loc_4390,4390,NELSON,21,SANTA FE
loc_4391,4391,NUEVA POMPEYA,21,SANTA FE
loc_4392,4392,PASO VINAL,21,SANTA FE
loc_4393,4393,PIQUETE,21,SANTA FE
loc_4394,4394,POMPEYA,21,SANTA FE
loc_4395,4395,PUEBLO CANDIOTI,21,SANTA FE
loc_4396,4396,RECREO,21,SANTA FE
loc_4397,4397,REYNALDO CULLEN,21,SANTA FE
loc_4398,4398,RINCON NORTE,21,SANTA FE
loc_4399,4399,RINCON POTREROS,21,SANTA FE
loc_4400,4400,RINLON DE AVILA,21,SANTA FE
loc_4401,4401,RIO SALADO,21,SANTA FE
loc_4402,4402,SAN GUILLERMO,21,SANTA FE
loc_4403,4403,SAN JOSE DEL RINCON,21,SANTA FE
loc_4404,4404,SAN PEDRO,21,SANTA FE
loc_4405,4405,SAN PEDRO NORTE,21,SANTA FE
loc_4406,4406,SAN PEDRO SUR,21,SANTA FE
loc_4407,4407,SANTA FE,21,SANTA FE
loc_4408,4408,SANTO TOME,21,SANTA FE
loc_4409,4409,SAUCE VIEJO,21,SANTA FE
loc_4410,4410,SETUBAL,21,SANTA FE
loc_4411,4411,VILLA DON BOSCO,21,SANTA FE
loc_4412,4412,VILLA LUJAN,21,SANTA FE
loc_4413,4413,VILLA MARIA SELVA,21,SANTA FE
loc_4414,4414,VILLA VIVEROS,21,SANTA FE
loc_4415,4415,VILLA YAPEYU,21,SANTA FE
loc_4416,4416,YAMANDU,21,SANTA FE
loc_4417,4417,CAMPO MAGNIN,21,SANTA FE
loc_4418,4418,CAMPO QUIÑONES,21,SANTA FE
loc_4419,4419,CAMPO RODRIGUEZ,21,SANTA FE
loc_4420,4420,CAVOUR,21,SANTA FE
loc_4421,4421,COLONIA ADOLFO ALSINA,21,SANTA FE
loc_4422,4422,COLONIA LA NUEVA,21,SANTA FE
loc_4423,4423,COLONIA MATILDE,21,SANTA FE
loc_4424,4424,COLONIA PUJOL,21,SANTA FE
loc_4425,4425,CORONEL RODRIGUEZ,21,SANTA FE
loc_4426,4426,CULULU,21,SANTA FE
loc_4427,4427,EL TROPEZON,21,SANTA FE
loc_4428,4428,ELISA,21,SANTA FE
loc_4429,4429,EMPALME SAN CARLOS,21,SANTA FE
loc_4430,4430,ESPERANZA,21,SANTA FE
loc_4431,4431,ESTACION MATILDE,21,SANTA FE
loc_4432,4432,FELICIA,21,SANTA FE
loc_4433,4433,FRANCK,21,SANTA FE
loc_4434,4434,GRUTLY,21,SANTA FE
loc_4435,4435,GRUTLY NORTE,21,SANTA FE
loc_4436,4436,HIPATIA,21,SANTA FE
loc_4437,4437,HUMBOLDT,21,SANTA FE
loc_4438,4438,HUMBOLDT CHICO,21,SANTA FE
loc_4439,4439,INGENIERO BOASI,21,SANTA FE
loc_4440,4440,ITUZAINGO,21,SANTA FE
loc_4441,4441,JACINTO L ARAUZ,21,SANTA FE
loc_4442,4442,LA ORILLA,21,SANTA FE
loc_4443,4443,LA PELADA,21,SANTA FE
loc_4444,4444,LARRECHEA,21,SANTA FE
loc_4445,4445,LAS HIGUERITAS,21,SANTA FE
loc_4446,4446,LAS TUNAS,21,SANTA FE
loc_4447,4447,MARIA LUISA,21,SANTA FE
loc_4448,4448,MARIANO SAAVEDRA,21,SANTA FE
loc_4449,4449,NUEVO TORINO,21,SANTA FE
loc_4450,4450,PERICOTA,21,SANTA FE
loc_4451,4451,PILAR,21,SANTA FE
loc_4452,4452,PROGRESO,21,SANTA FE
loc_4453,4453,PROVIDENCIA,21,SANTA FE
loc_4454,4454,PUEBLO ABC,21,SANTA FE
loc_4455,4455,PUJATO NORTE,21,SANTA FE
loc_4456,4456,RINCON DEL PINTADO,21,SANTA FE
loc_4457,4457,RIVADAVIA,21,SANTA FE
loc_4458,4458,SA PEREYRA,21,SANTA FE
loc_4459,4459,SAN AGUSTIN,21,SANTA FE
loc_4460,4460,SAN CARLOS CENTRO,21,SANTA FE
loc_4461,4461,SAN CARLOS NORTE,21,SANTA FE
loc_4462,4462,SAN CARLOS SUD,21,SANTA FE
loc_4463,4463,SAN JERONIMO DEL SAUCE,21,SANTA FE
loc_4464,4464,SAN JERONIMO NORTE,21,SANTA FE
loc_4465,4465,SAN JOSE,21,SANTA FE
loc_4466,4466,SAN MARIANO,21,SANTA FE
loc_4467,4467,SANTA CLARA,21,SANTA FE
loc_4468,4468,SANTA CLARA DE BUENA VISTA,21,SANTA FE
loc_4469,4469,SANTA MARIA CENTRO,21,SANTA FE
loc_4470,4470,SANTA MARIA NORTE,21,SANTA FE
loc_4471,4471,SANTO DOMINGO,21,SANTA FE
loc_4472,4472,SARMIENTO,21,SANTA FE
loc_4473,4473,SOUTOMAYOR,21,SANTA FE
loc_4474,4474,TOMAS ALVA EDISON,21,SANTA FE
loc_4475,4475,ALLENDE,21,SANTA FE
loc_4476,4476,CALCHAQUI,21,SANTA FE
loc_4477,4477,CAMPO MONTE LA VIRUELA,21,SANTA FE
loc_4478,4478,CAÑADA OMBU,21,SANTA FE
loc_4479,4479,CARAGUATAY,21,SANTA FE
loc_4480,4480,CERRITO,21,SANTA FE
loc_4481,4481,COLMENA,21,SANTA FE
loc_4482,4482,COLONIA LA MARIA,21,SANTA FE
loc_4483,4483,COLONIA LA NEGRA,21,SANTA FE
loc_4484,4484,DESVIO KILOMETRO 282,21,SANTA FE
loc_4485,4485,EL 38,21,SANTA FE
loc_4486,4486,EL 44,21,SANTA FE
loc_4487,4487,EL BONETE,21,SANTA FE
loc_4488,4488,EL CINCUENTA,21,SANTA FE
loc_4489,4489,EL DIECISIETE,21,SANTA FE
loc_4490,4490,EL TAJAMAR,21,SANTA FE
loc_4491,4491,ESPIN,21,SANTA FE
loc_4492,4492,ESTANCIA LAS GAMAS,21,SANTA FE
loc_4493,4493,ESTANCIA LOS PALMARES,21,SANTA FE
loc_4494,4494,ESTANCIA PAVENHAN,21,SANTA FE
loc_4495,4495,FORTIN CHILCAS,21,SANTA FE
loc_4496,4496,FORTIN OLMOS,21,SANTA FE
loc_4497,4497,GARABATO,21,SANTA FE
loc_4498,4498,GOLONDRINA,21,SANTA FE
loc_4499,4499,GUAYCURU,21,SANTA FE
loc_4500,4500,INTIYACO,21,SANTA FE
loc_4501,4501,KILOMETRO 213,21,SANTA FE
loc_4502,4502,KILOMETRO 302,21,SANTA FE
loc_4503,4503,KILOMETRO 49,21,SANTA FE
loc_4504,4504,KILOMETRO 54,21,SANTA FE
loc_4505,4505,LA CIGUEÑA,21,SANTA FE
loc_4506,4506,LA GALLARETA,21,SANTA FE
loc_4507,4507,LA GUAMPITA,21,SANTA FE
loc_4508,4508,LA HOSCA,21,SANTA FE
loc_4509,4509,LA ORIENTAL,21,SANTA FE
loc_4510,4510,LA SARNOSA,21,SANTA FE
loc_4511,4511,LOS AMORES,21,SANTA FE
loc_4512,4512,LOS GALPONES,21,SANTA FE
loc_4513,4513,LOS PALMARES,21,SANTA FE
loc_4514,4514,LOS TABANOS DESVIO KM 366,21,SANTA FE
loc_4515,4515,MARGARITA,21,SANTA FE
loc_4517,4517,OGILVIE,21,SANTA FE
loc_4518,4518,PARAJE 29,21,SANTA FE
loc_4519,4519,PARAJE KILOMETRO 12,21,SANTA FE
loc_4520,4520,PARAJE TRAGNAGHI,21,SANTA FE
loc_4521,4521,PAVENHAN,21,SANTA FE
loc_4522,4522,POZO DE LOS INDIOS,21,SANTA FE
loc_4523,4523,PUEBLO GOLONDRINA,21,SANTA FE
loc_4524,4524,SANTA FELICIA,21,SANTA FE
loc_4525,4525,SANTA LUCIA,21,SANTA FE
loc_4526,4526,TARTAGAL,21,SANTA FE
loc_4527,4527,TOBA,21,SANTA FE
loc_4528,4528,VELAZQUEZ,21,SANTA FE
loc_4529,4529,VERA,21,SANTA FE
loc_4530,4530,AVENA,21,SANTA FE
loc_4531,4531,BARRIO BELGRANO ORTIZ,21,SANTA FE
loc_4532,4532,CAMPO CASTRO,21,SANTA FE
loc_4533,4533,CAMPO FAGGIANO,21,SANTA FE
loc_4534,4534,CAÑADA ROSQUIN,21,SANTA FE
loc_4535,4535,CARLOS PELLEGRINI,21,SANTA FE
loc_4536,4536,CASAS,21,SANTA FE
loc_4537,4537,CASTELAR,21,SANTA FE
loc_4538,4538,COLONIA BELGRANO,21,SANTA FE
loc_4539,4539,COLONIA LA YERBA,21,SANTA FE
loc_4540,4540,COLONIA SAN FRANCISCO,21,SANTA FE
loc_4541,4541,COLONIA SANTA ANITA,21,SANTA FE
loc_4542,4542,CRISPI,21,SANTA FE
loc_4543,4543,EL TREBOL,21,SANTA FE
loc_4544,4544,ESMERALDITA,21,SANTA FE
loc_4545,4545,GRANADERO BRASILIO BUSTOS,21,SANTA FE
loc_4546,4546,KILOMETRO 443,21,SANTA FE
loc_4547,4547,KILOMETRO 465,21,SANTA FE
loc_4548,4548,LANDETA,21,SANTA FE
loc_4549,4549,LAS BANDURRIAS,21,SANTA FE
loc_4550,4550,LAS PETACAS,21,SANTA FE
loc_4551,4551,LOS CARDOS,21,SANTA FE
loc_4552,4552,MARIA SUSANA,21,SANTA FE
loc_4553,4553,PIAMONTE,21,SANTA FE
loc_4554,4554,SAN JORGE,21,SANTA FE
loc_4555,4555,SAN JOSE FRONTERA,21,SANTA FE
loc_4556,4556,SAN MARTIN DE LAS ESCOBAS,21,SANTA FE
loc_4557,4557,SASTRE,21,SANTA FE
loc_4558,4558,SCHIFFNER,21,SANTA FE
loc_4559,4559,TAIS,21,SANTA FE
loc_4560,4560,TRAILL,21,SANTA FE
loc_4561,4561,WILDERMUTH,21,SANTA FE
loc_4562,4562,ARROYO CEIBAL,21,SANTA FE
loc_4563,4563,ARROYO DEL REY,21,SANTA FE
loc_4564,4564,AVELLANEDA,21,SANTA FE
loc_4565,4565,BARROS PAZOS,21,SANTA FE
loc_4566,4566,BERNA,21,SANTA FE
loc_4567,4567,CAMPO EL ARAZA,21,SANTA FE
loc_4568,4568,CAMPO FURRER,21,SANTA FE
loc_4569,4569,CAMPO GARABATO,21,SANTA FE
loc_4570,4570,CAMPO GOLA,21,SANTA FE
loc_4571,4571,CAMPO GRANDE,21,SANTA FE
loc_4572,4572,CAMPO RAMSEYER,21,SANTA FE
loc_4573,4573,CAMPO REDONDO,21,SANTA FE
loc_4575,4575,CAMPO UBAJO,21,SANTA FE
loc_4576,4576,CAMPO VERGE,21,SANTA FE
loc_4577,4577,CAMPO YAGUARETE,21,SANTA FE
loc_4578,4578,CAPILLA GUADALUPE NORTE,21,SANTA FE
loc_4579,4579,COLONIA ALTHUAUS,21,SANTA FE
loc_4580,4580,COLONIA EL VEINTICINCO,21,SANTA FE
loc_4581,4581,COLONIA ELLA,21,SANTA FE
loc_4582,4582,COLONIA HARDY,21,SANTA FE
loc_4583,4583,COLONIA SAN MANUEL,21,SANTA FE
loc_4584,4584,COLONIA SANTA CATALINA,21,SANTA FE
loc_4585,4585,COLONIA URDANIZ,21,SANTA FE
loc_4586,4586,COLONIA YAGUARETE,21,SANTA FE
loc_4587,4587,DEST AERONAUTICO MILIT RECONQU,21,SANTA FE
loc_4588,4588,DESVIO KILOMETRO 392,21,SANTA FE
loc_4589,4589,DISTRITO 3 ISLETAS,21,SANTA FE
loc_4590,4590,EL ARAZA,21,SANTA FE
loc_4591,4591,EL CARMEN DE AVELLANEDA,21,SANTA FE
loc_4592,4592,EL CEIBALITO,21,SANTA FE
loc_4593,4593,EL RABON,21,SANTA FE
loc_4594,4594,EL RICARDITO,21,SANTA FE
loc_4595,4595,EL SOMBRERITO,21,SANTA FE
loc_4596,4596,EL TAPIALITO,21,SANTA FE
loc_4597,4597,EL TIMBO,21,SANTA FE
loc_4598,4598,EWALD,21,SANTA FE
loc_4599,4599,FLOR DE ORO,21,SANTA FE
loc_4600,4600,FLORENCIA,21,SANTA FE
loc_4601,4601,FLORIDA,21,SANTA FE
loc_4602,4602,FORTIN CHARRUA,21,SANTA FE
loc_4603,4603,GUADALUPE NORTE,21,SANTA FE
loc_4604,4604,GUASUNCHO,21,SANTA FE
loc_4605,4605,INGENIERO CHANOURDIE,21,SANTA FE
loc_4606,4606,INGENIERO GARMENDIA,21,SANTA FE
loc_4607,4607,INGENIERO GERMANIA,21,SANTA FE
loc_4608,4608,ISLA TIGRE,21,SANTA FE
loc_4609,4609,ISLETA,21,SANTA FE
loc_4610,4610,KILOMETRO 17,21,SANTA FE
loc_4611,4611,KILOMETRO 23,21,SANTA FE
loc_4612,4612,KILOMETRO 30,21,SANTA FE
loc_4613,4613,KILOMETRO 320,21,SANTA FE
loc_4614,4614,KILOMETRO 392,21,SANTA FE
loc_4615,4615,KILOMETRO 403,21,SANTA FE
loc_4616,4616,KILOMETRO 408,21,SANTA FE
loc_4617,4617,KILOMETRO 41,21,SANTA FE
loc_4618,4618,KILOMETRO 421,21,SANTA FE
loc_4619,4619,KILOMETRO 67,21,SANTA FE
loc_4620,4620,LA BLANCA,21,SANTA FE
loc_4621,4621,LA CELIA,21,SANTA FE
loc_4622,4622,LA CLARITA,21,SANTA FE
loc_4623,4623,LA DIAMELA,21,SANTA FE
loc_4624,4624,LA ESMERALDA,21,SANTA FE
loc_4625,4625,LA JOSEFINA,21,SANTA FE
loc_4626,4626,LA LOLA,21,SANTA FE
loc_4627,4627,LA POTASA,21,SANTA FE
loc_4628,4628,LA RESERVA,21,SANTA FE
loc_4629,4629,LA SARITA,21,SANTA FE
loc_4630,4630,LA SELVA,21,SANTA FE
loc_4631,4631,LA VANGUARDIA,21,SANTA FE
loc_4632,4632,LA ZULEMA,21,SANTA FE
loc_4633,4633,LANTERI,21,SANTA FE
loc_4634,4634,LAS ANINTAS,21,SANTA FE
loc_4635,4635,LAS DELICIAS,21,SANTA FE
loc_4636,4636,LAS GARSITAS,21,SANTA FE
loc_4637,4637,LAS GARZAS,21,SANTA FE
loc_4638,4638,LAS MERCEDES,21,SANTA FE
loc_4639,4639,LAS PALMAS,21,SANTA FE
loc_4641,4641,LAS TOSCAS,21,SANTA FE
loc_4642,4642,LOS CLAROS,21,SANTA FE
loc_4643,4643,LOS LAPACHOS,21,SANTA FE
loc_4644,4644,LOS LAURELES,21,SANTA FE
loc_4645,4645,LOS LEONES,21,SANTA FE
loc_4646,4646,MALABRIGO,21,SANTA FE
loc_4647,4647,MOCOVI,21,SANTA FE
loc_4648,4648,MOUSSY,21,SANTA FE
loc_4649,4649,NICANOR E MOLINAS,21,SANTA FE
loc_4650,4650,OBRAJE INDIO MUERTO,21,SANTA FE
loc_4651,4651,OBRAJE SAN JUAN,21,SANTA FE
loc_4652,4652,PAUL GROUSSAC,21,SANTA FE
loc_4653,4653,POTRERO GUASUNCHO,21,SANTA FE
loc_4654,4654,PUERTO OCAMPO,21,SANTA FE
loc_4655,4655,PUERTO PIRACUA,21,SANTA FE
loc_4656,4656,PUERTO PIRACUACITO,21,SANTA FE
loc_4657,4657,PUERTO RECONQUISTA,21,SANTA FE
loc_4658,4658,RECONQUISTA,21,SANTA FE
loc_4659,4659,SAN ALBERTO,21,SANTA FE
loc_4660,4660,SAN ANTONIO DE OBLIGADO,21,SANTA FE
loc_4661,4661,SAN ROQUE,21,SANTA FE
loc_4662,4662,SAN VICENTE,21,SANTA FE
loc_4663,4663,SANTA ANA,21,SANTA FE
loc_4664,4664,TACUARENDI,21,SANTA FE
loc_4665,4665,TRES BOCAS,21,SANTA FE
loc_4666,4666,VICTOR MANUEL SEGUNDO,21,SANTA FE
loc_4667,4667,VILLA ADELA,21,SANTA FE
loc_4668,4668,VILLA ANA,21,SANTA FE
loc_4669,4669,VILLA GUILLERMINA,21,SANTA FE
loc_4670,4670,VILLA OCAMPO,21,SANTA FE
loc_4671,4671,YAGUARETE,21,SANTA FE
loc_4672,4672,CALCHINES,21,SANTA FE
loc_4673,4673,CAMPO DEL MEDIO,21,SANTA FE
loc_4674,4674,CAMPO ITURRASPE,21,SANTA FE
loc_4675,4675,CAYASTA,21,SANTA FE
loc_4676,4676,COLONIA CALIFORNIA,21,SANTA FE
loc_4677,4677,COLONIA LOS ZAPALLOS,21,SANTA FE
loc_4678,4678,COLONIA MASCIAS,21,SANTA FE
loc_4679,4679,COLONIA NUEVA NARCISO,21,SANTA FE
loc_4680,4680,COLONIA SAN JOAQUIN,21,SANTA FE
loc_4681,4681,EL LAUREL,21,SANTA FE
loc_4682,4682,EL POZO,21,SANTA FE
loc_4683,4683,HELVECIA,21,SANTA FE
loc_4684,4684,JOSE MACIAS,21,SANTA FE
loc_4685,4685,LA NORIA,21,SANTA FE
loc_4686,4686,LAS CAÑAS,21,SANTA FE
loc_4687,4687,LAS TRES MARIAS,21,SANTA FE
loc_4688,4688,LOS CERRILLOS,21,SANTA FE
loc_4689,4689,RECREO SUR,21,SANTA FE
loc_4690,4690,RUINAS SANTA FE LA VIEJA,21,SANTA FE
loc_4691,4691,SALADERO M CABAL,21,SANTA FE
loc_4692,4692,SAN JOAQUIN,21,SANTA FE
loc_4693,4693,SANTA ROSA DE CALCHINES,21,SANTA FE
loc_4694,4694,VUELTA DEL PIRATA,21,SANTA FE
loc_4695,4695,ALCORTA,21,SANTA FE
loc_4696,4696,BOMBAL,21,SANTA FE
loc_4697,4697,CAMPO RUEDA,21,SANTA FE
loc_4698,4698,CAÑADA RICA,21,SANTA FE
loc_4699,4699,CEPEDA,21,SANTA FE
loc_4700,4700,COLONIA VALDEZ,21,SANTA FE
loc_4701,4701,COPACABANA,21,SANTA FE
loc_4702,4702,EL BAGUAL,21,SANTA FE
loc_4703,4703,EMPALME VILLA CONSTITUCION,21,SANTA FE
loc_4704,4704,ESTACION VILLA CONSTITUCION,21,SANTA FE
loc_4705,4705,FRANCISCO PAZ,21,SANTA FE
loc_4706,4706,GENERAL GELLY,21,SANTA FE
loc_4707,4707,GODOY,21,SANTA FE
loc_4708,4708,JUAN B MOLINA,21,SANTA FE
loc_4709,4709,JUNCAL,21,SANTA FE
loc_4710,4710,LA CELIA,21,SANTA FE
loc_4711,4711,LA OTHILA,21,SANTA FE
loc_4712,4712,LA VANGUARDIA,21,SANTA FE
loc_4713,4713,LOMA VERDE,21,SANTA FE
loc_4714,4714,MAXIMO PAZ,21,SANTA FE
loc_4715,4715,ORATORIO MORANTE,21,SANTA FE
loc_4716,4716,PAVON,21,SANTA FE
loc_4717,4717,PAVON ARRIBA,21,SANTA FE
loc_4718,4718,PEYRANO,21,SANTA FE
loc_4719,4719,RODOLFO ALCORTA,21,SANTA FE
loc_4720,4720,RUEDA,21,SANTA FE
loc_4721,4721,SANTA TERESA,21,SANTA FE
loc_4722,4722,SARGENTO CABRAL,21,SANTA FE
loc_4723,4723,STEPHENSON,21,SANTA FE
loc_4724,4724,THEOBALD,21,SANTA FE
loc_4725,4725,TRES ESQUINAS,21,SANTA FE
loc_4726,4726,VILLA CONSTITUCION,21,SANTA FE
loc_4727,4727,ARIJON,21,SANTA FE
loc_4728,4728,AROCENA,21,SANTA FE
loc_4729,4729,BARRANCAS,21,SANTA FE
loc_4730,4730,BARRIO CAIMA,21,SANTA FE
loc_4731,4731,BERNARDO DE IRIGOYEN,21,SANTA FE
loc_4732,4732,CAMPO BRARDA,21,SANTA FE
loc_4733,4733,CAMPO CARIGNANO,21,SANTA FE
loc_4734,4734,CAMPO GALLOSO,21,SANTA FE
loc_4735,4735,CAMPO GARCIA,21,SANTA FE
loc_4736,4736,CAMPO GENERO,21,SANTA FE
loc_4737,4737,CAMPO GIMENEZ,21,SANTA FE
loc_4738,4738,CAMPO MOURE,21,SANTA FE
loc_4739,4739,CARCEL MODELO CORONDA,21,SANTA FE
loc_4740,4740,CASALEGNO,21,SANTA FE
loc_4741,4741,CENTENO,21,SANTA FE
loc_4742,4742,COLONIA CAMPO PIAGGIO,21,SANTA FE
loc_4743,4743,COLONIA CORONDINA,21,SANTA FE
loc_4744,4744,CORONDA,21,SANTA FE
loc_4745,4745,DESVIO ARIJON,21,SANTA FE
loc_4746,4746,DIAZ,21,SANTA FE
loc_4747,4747,GABOTO,21,SANTA FE
loc_4748,4748,GALVEZ,21,SANTA FE
loc_4749,4749,GESSLER,21,SANTA FE
loc_4750,4750,IRIGOYEN,21,SANTA FE
loc_4751,4751,LARRECHEA,21,SANTA FE
loc_4752,4752,LOMA ALTA,21,SANTA FE
loc_4753,4753,LOPEZ,21,SANTA FE
loc_4754,4754,MACIEL,21,SANTA FE
loc_4755,4755,MONJE,21,SANTA FE
loc_4756,4756,OROÑO,21,SANTA FE
loc_4757,4757,PUENTE COLASTINE,21,SANTA FE
loc_4758,4758,PUERTO ARAGON,21,SANTA FE
loc_4759,4759,PUERTO GABOTO,21,SANTA FE
loc_4760,4760,RIGBY,21,SANTA FE
loc_4761,4761,SAN EUGENIO,21,SANTA FE
loc_4762,4762,SAN FABIAN,21,SANTA FE
loc_4763,4763,SAN GENARO,21,SANTA FE
loc_4764,4764,SAN GENARO NORTE,21,SANTA FE
loc_4765,4765,SAN MARTIN DE TOURS,21,SANTA FE
loc_4766,4766,VILLA BIOTA,21,SANTA FE
loc_4767,4767,VILLA GUASTALLA,21,SANTA FE
loc_4768,4768,ABIPONES,21,SANTA FE
loc_4769,4769,ANGELONI,21,SANTA FE
loc_4770,4770,ARRASCAETA,21,SANTA FE
loc_4771,4771,ASUNCION MARIA,21,SANTA FE
loc_4772,4772,AVICHUNCHO,21,SANTA FE
loc_4773,4773,CAMPO BERRAZ,21,SANTA FE
loc_4774,4774,CAYASTACITO,21,SANTA FE
loc_4775,4775,COLONIA DOLORES,21,SANTA FE
loc_4776,4776,COLONIA EL OCHENTA,21,SANTA FE
loc_4777,4777,COLONIA LA BLANCA,21,SANTA FE
loc_4778,4778,COLONIA LA PENCA,21,SANTA FE
loc_4779,4779,COLONIA MANUEL MENCHACA,21,SANTA FE
loc_4780,4780,COLONIA SILVA,21,SANTA FE
loc_4781,4781,COLONIA TRES REYES,21,SANTA FE
loc_4782,4782,EL SOMBRERERO,21,SANTA FE
loc_4783,4783,ESQUINA GRANDE,21,SANTA FE
loc_4784,4784,ESTANCIA LA CONSTANCIA,21,SANTA FE
loc_4785,4785,ESTANCIA PRUSIA,21,SANTA FE
loc_4786,4786,ESTHER,21,SANTA FE
loc_4787,4787,FIVES LILLE,21,SANTA FE
loc_4788,4788,FORTIN ALMAGRO,21,SANTA FE
loc_4789,4789,GOBERNADOR CRESPO,21,SANTA FE
loc_4790,4790,GUARANIES,21,SANTA FE
loc_4791,4791,KILOMETRO 95,21,SANTA FE
loc_4792,4792,LA CAMILA,21,SANTA FE
loc_4793,4793,LA CAPILLA,21,SANTA FE
loc_4794,4794,LA CLORINDA,21,SANTA FE
loc_4795,4795,LA CRIOLLA,21,SANTA FE
loc_4796,4796,LA JULIA,21,SANTA FE
loc_4797,4797,LA ROSA,21,SANTA FE
loc_4798,4798,LA SEMENTERA,21,SANTA FE
loc_4799,4799,LOS OLIVOS,21,SANTA FE
loc_4800,4800,LOS SALADILLOS,21,SANTA FE
loc_4801,4801,LUCIANO LEIVA,21,SANTA FE
loc_4802,4802,MARCELINO ESCALADA,21,SANTA FE
loc_4803,4803,MASCIAS,21,SANTA FE
loc_4804,4804,MIGUEL ESCALADA,21,SANTA FE
loc_4805,4805,NARE,21,SANTA FE
loc_4806,4806,NUEVA UKRANIA,21,SANTA FE
loc_4807,4807,ÑANDUBAY,21,SANTA FE
loc_4808,4808,PAIKIN,21,SANTA FE
loc_4809,4809,PEDRO GOMEZ CELLO,21,SANTA FE
loc_4810,4810,RAMAYON,21,SANTA FE
loc_4811,4811,SAN BERNARDO,21,SANTA FE
loc_4812,4812,SAN JUSTO,21,SANTA FE
loc_4813,4813,SAN MARTIN NORTE,21,SANTA FE
loc_4814,4814,SOL DE MAYO,21,SANTA FE
loc_4815,4815,VERA MUJICA,21,SANTA FE
loc_4816,4816,VERA Y PINTADO,21,SANTA FE
loc_4817,4817,VIDELA,21,SANTA FE
loc_4818,4818,VILLA LASTENIA,21,SANTA FE
loc_4819,4819,ACHAVAL RODRIGUEZ,21,SANTA FE
loc_4820,4820,AGUARA GRANDE,21,SANTA FE
loc_4821,4821,AMBROSETTI,21,SANTA FE
loc_4822,4822,ARRUFO,21,SANTA FE
loc_4823,4823,BEALISTOCK,21,SANTA FE
loc_4824,4824,BOSSI,21,SANTA FE
loc_4825,4825,CAMPO BOTTO,21,SANTA FE
loc_4826,4826,CAMPO EL MATACO,21,SANTA FE
loc_4827,4827,CAPIVARA,21,SANTA FE
loc_4828,4828,CERES,21,SANTA FE
loc_4829,4829,COLONIA ANA,21,SANTA FE
loc_4830,4830,COLONIA BERLIN,21,SANTA FE
loc_4831,4831,COLONIA CLARA,21,SANTA FE
loc_4832,4832,COLONIA DOS ROSAS Y LA LEGUA,21,SANTA FE
loc_4833,4833,COLONIA EL SIMBOL,21,SANTA FE
loc_4834,4834,COLONIA MACKINLAY,21,SANTA FE
loc_4835,4835,COLONIA MALHMAN SUD,21,SANTA FE
loc_4836,4836,COLONIA ORTIZ,21,SANTA FE
loc_4837,4837,COLONIA RIPAMONTI,21,SANTA FE
loc_4838,4838,COLONIA ROSA,21,SANTA FE
loc_4839,4839,CONSTANZA,21,SANTA FE
loc_4840,4840,CUATRO CASAS,21,SANTA FE
loc_4841,4841,CURUPAYTI,21,SANTA FE
loc_4842,4842,DHO,21,SANTA FE
loc_4843,4843,DOCE CASAS,21,SANTA FE
loc_4844,4844,EL AGUARA,21,SANTA FE
loc_4845,4845,ESTANCIA SAN FRANCISCO,21,SANTA FE
loc_4846,4846,HERSILIA,21,SANTA FE
loc_4847,4847,HUANQUEROS,21,SANTA FE
loc_4848,4848,HUGENTOBLER,21,SANTA FE
loc_4849,4849,KILOMETRO 235,21,SANTA FE
loc_4850,4850,LA CABRAL,21,SANTA FE
loc_4851,4851,LA CLARA,21,SANTA FE
loc_4852,4852,LA LUCILA,21,SANTA FE
loc_4853,4853,LA POLVAREDA,21,SANTA FE
loc_4854,4854,LA RUBIA,21,SANTA FE
loc_4855,4855,LA VERDE,21,SANTA FE
loc_4856,4856,LAGUNA VERDE,21,SANTA FE
loc_4857,4857,LAS AVISPAS,21,SANTA FE
loc_4858,4858,LAS PALMERAS,21,SANTA FE
loc_4859,4859,LOS MOLLES,21,SANTA FE
loc_4860,4860,MARIA EUGENIA,21,SANTA FE
loc_4861,4861,MOISES VILLE,21,SANTA FE
loc_4862,4862,MONIGOTES,21,SANTA FE
loc_4863,4863,MONTE OSCURIDAD,21,SANTA FE
loc_4864,4864,MUTCHNIK,21,SANTA FE
loc_4865,4865,ÑANDUCITA,21,SANTA FE
loc_4866,4866,PALACIOS,21,SANTA FE
loc_4867,4867,PETRONILA,21,SANTA FE
loc_4868,4868,PORTUGALETE,21,SANTA FE
loc_4869,4869,RINCON DE SAN ANTONIO,21,SANTA FE
loc_4870,4870,RINCON DEL QUEBRACHO,21,SANTA FE
loc_4871,4871,SAN CRISTOBAL,21,SANTA FE
loc_4872,4872,SAN GUILLERMO,21,SANTA FE
loc_4873,4873,SANTURCE,21,SANTA FE
loc_4874,4874,SOLEDAD,21,SANTA FE
loc_4875,4875,SUARDI,21,SANTA FE
loc_4876,4876,VEINTICUATRO CASAS,21,SANTA FE
loc_4877,4877,VILLA SARALEGUI,21,SANTA FE
loc_4878,4878,VILLA TRINIDAD,21,SANTA FE
loc_4879,4879,WALVELBERG,21,SANTA FE
loc_4880,4880,ZADOCKHAN,21,SANTA FE
loc_4881,4881,ANDINO,21,SANTA FE
loc_4882,4882,BERRETTA,21,SANTA FE
loc_4883,4883,BUSTINZA,21,SANTA FE
loc_4884,4884,CAMPO HORQUESCO,21,SANTA FE
loc_4885,4885,CAMPO MEDINA,21,SANTA FE
loc_4886,4886,CAMPO PALETTA,21,SANTA FE
loc_4887,4887,CAMPO RAFFO,21,SANTA FE
loc_4888,4888,CAÑADA DE GOMEZ,21,SANTA FE
loc_4889,4889,CARRIZALES,21,SANTA FE
loc_4890,4890,CICARELLI,21,SANTA FE
loc_4891,4891,CLARKE,21,SANTA FE
loc_4892,4892,CLASON,21,SANTA FE
loc_4893,4893,COLONIA MEDICI,21,SANTA FE
loc_4894,4894,COLONIA TRES MARIAS,21,SANTA FE
loc_4895,4895,CORREA,21,SANTA FE
loc_4896,4896,GRANJA SAN MANUEL,21,SANTA FE
loc_4897,4897,KILOMETRO 323,21,SANTA FE
loc_4898,4898,KILOMETRO 49,21,SANTA FE
loc_4899,4899,LARGUIA,21,SANTA FE
loc_4900,4900,LAS TROJAS,21,SANTA FE
loc_4901,4901,LOS LEONES,21,SANTA FE
loc_4902,4902,LUCIO V LOPEZ,21,SANTA FE
loc_4903,4903,MARIA LUISA CORREA,21,SANTA FE
loc_4904,4904,OLIVEROS,21,SANTA FE
loc_4905,4905,RINCON DE GRONDONA,21,SANTA FE
loc_4906,4906,SALTO GRANDE,21,SANTA FE
loc_4907,4907,SAN ESTANISLAO,21,SANTA FE
loc_4908,4908,SAN RICARDO,21,SANTA FE
loc_4909,4909,SERODINO,21,SANTA FE
loc_4910,4910,TOTORAS,21,SANTA FE
loc_4911,4911,VILLA ELOISA,21,SANTA FE
loc_4912,4912,VILLA LA RIBERA,21,SANTA FE
loc_4913,4913,4 DE FEBRERO,21,SANTA FE
loc_4914,4914,AARON CASTELLANOS,21,SANTA FE
loc_4915,4915,AMENABAR,21,SANTA FE
loc_4916,4916,BOCA P 25,21,SANTA FE
loc_4917,4917,CAFFERATA,21,SANTA FE
loc_4918,4918,CAMINERA GENERAL LOPEZ,21,SANTA FE
loc_4919,4919,CAMPO QUIRNO,21,SANTA FE
loc_4921,4921,CARLOS DOSE,21,SANTA FE
loc_4922,4922,CARMEN,21,SANTA FE
loc_4923,4923,CARRERAS,21,SANTA FE
loc_4924,4924,CHAPUY,21,SANTA FE
loc_4925,4925,CHATEAUBRIAND,21,SANTA FE
loc_4926,4926,CHOVET,21,SANTA FE
loc_4927,4927,COLONIA MORGAN,21,SANTA FE
loc_4928,4928,COLONIA SANTA LUCIA,21,SANTA FE
loc_4929,4929,CORA,21,SANTA FE
loc_4930,4930,CORONEL ROSETI,21,SANTA FE
loc_4931,4931,DIEGO DE ALVEAR,21,SANTA FE
loc_4932,4932,DURHAM,21,SANTA FE
loc_4933,4933,EL ALBERDON,21,SANTA FE
loc_4934,4934,EL CANTOR,21,SANTA FE
loc_4935,4935,EL JARDIN,21,SANTA FE
loc_4936,4936,EL REFUGIO,21,SANTA FE
loc_4937,4937,ELORTONDO,21,SANTA FE
loc_4938,4938,ENCADENADAS,21,SANTA FE
loc_4939,4939,ESTACION CHRISTOPHERSEN,21,SANTA FE
loc_4940,4940,ESTACION TEODELINA,21,SANTA FE
loc_4941,4941,FIRMAT,21,SANTA FE
loc_4942,4942,HUGHES,21,SANTA FE
loc_4943,4943,KILOMETRO 396,21,SANTA FE
loc_4944,4944,LA ADELAIDA,21,SANTA FE
loc_4945,4945,LA ASTURIANA,21,SANTA FE
loc_4946,4946,LA CALMA,21,SANTA FE
loc_4947,4947,LA CHISPA,21,SANTA FE
loc_4948,4948,LA CONSTANCIA,21,SANTA FE
loc_4949,4949,LA GAMA,21,SANTA FE
loc_4950,4950,LA INES,21,SANTA FE
loc_4951,4951,LA INGLESITA,21,SANTA FE
loc_4952,4952,LA MOROCHA,21,SANTA FE
loc_4953,4953,LA PICASA,21,SANTA FE
loc_4954,4954,LABORDEBOY,21,SANTA FE
loc_4955,4955,LAS DOS ANGELITAS,21,SANTA FE
loc_4956,4956,LAS ENCADENADAS,21,SANTA FE
loc_4957,4957,LAZZARINO,21,SANTA FE
loc_4958,4958,LOS ARCOS,21,SANTA FE
loc_4959,4959,MAGGIOLO,21,SANTA FE
loc_4960,4960,MARIA TERESA,21,SANTA FE
loc_4961,4961,MELINCUE,21,SANTA FE
loc_4962,4962,MERCEDITAS,21,SANTA FE
loc_4963,4963,MIGUEL TORRES,21,SANTA FE
loc_4964,4964,MIRAMAR,21,SANTA FE
loc_4965,4965,MURPHY,21,SANTA FE
loc_4966,4966,OTTO BEMBERG,21,SANTA FE
loc_4967,4967,RABIOLA,21,SANTA FE
loc_4968,4968,RASTREADOR FOURNIER,21,SANTA FE
loc_4969,4969,RUFINO,21,SANTA FE
loc_4970,4970,RUNCIMAN,21,SANTA FE
loc_4971,4971,SAN CARLOS,21,SANTA FE
loc_4972,4972,SAN EDUARDO,21,SANTA FE
loc_4973,4973,SAN FRANCISCO DE SANTA FE,21,SANTA FE
loc_4974,4974,SAN GREGORIO,21,SANTA FE
loc_4975,4975,SAN MARCELO,21,SANTA FE
loc_4976,4976,SAN MARCOS DE VENADO TUERTO,21,SANTA FE
loc_4977,4977,SAN URBANO,21,SANTA FE
loc_4978,4978,SANCTI SPIRITU,21,SANTA FE
loc_4979,4979,SANTA EMILIA,21,SANTA FE
loc_4980,4980,SANTA ISABEL,21,SANTA FE
loc_4981,4981,SANTA PAULA,21,SANTA FE
loc_4982,4982,SANTA TERESA,21,SANTA FE
loc_4983,4983,TARRAGONA,21,SANTA FE
loc_4984,4984,TEODELINA,21,SANTA FE
loc_4985,4985,VENADO TUERTO,21,SANTA FE
loc_4986,4986,VILLA CAÑAS,21,SANTA FE
loc_4987,4987,VILLA DIVISA DE MAYO,21,SANTA FE
loc_4988,4988,VILLA ESTELA,21,SANTA FE
loc_4989,4989,VILLA FREDICKSON,21,SANTA FE
loc_4990,4990,VILLA REGULES,21,SANTA FE
loc_4991,4991,VILLA ROSELLO,21,SANTA FE
loc_4992,4992,WHEELWRIGHT,21,SANTA FE
loc_4993,4993,22 DE MAYO,21,SANTA FE
loc_4994,4994,ACEBAL,21,SANTA FE
loc_4995,4995,AERO CLUB ROSARIO,21,SANTA FE
loc_4996,4996,ALBARELLOS,21,SANTA FE
loc_4997,4997,ALVAREZ,21,SANTA FE
loc_4998,4998,ALVEAR,21,SANTA FE
loc_4999,4999,ARMINDA,21,SANTA FE
loc_5000,5000,ARROYO SECO,21,SANTA FE
loc_5001,5001,BERNARD,21,SANTA FE
loc_5002,5002,CAMINO MONTE FLORES,21,SANTA FE
loc_5003,5003,CAMPO CALVO,21,SANTA FE
loc_5004,5004,CARMEN DEL SAUCE,21,SANTA FE
loc_5005,5005,COLONIA ESCRIBANO,21,SANTA FE
loc_5006,5006,CORONEL AGUIRRE,21,SANTA FE
loc_5007,5007,CORONEL BOGADO,21,SANTA FE
loc_5008,5008,CORONEL DOMINGUEZ,21,SANTA FE
loc_5009,5009,CRESTA,21,SANTA FE
loc_5010,5010,EL CARAMELO,21,SANTA FE
loc_5011,5011,ESTACION ERASTO,21,SANTA FE
loc_5012,5012,ESTANCIA LA MARIA,21,SANTA FE
loc_5013,5013,ESTANCIA SAN ANTONIO,21,SANTA FE
loc_5014,5014,FIGHIERA,21,SANTA FE
loc_5015,5015,FUNES,21,SANTA FE
loc_5016,5016,GENERAL LAGOS,21,SANTA FE
loc_5017,5017,GRANADERO B BARGAS,21,SANTA FE
loc_5018,5018,GRANADERO BAIGORRIA,21,SANTA FE
loc_5019,5019,IBARLUCEA,21,SANTA FE
loc_5020,5020,LA CAROLINA,21,SANTA FE
loc_5021,5021,LA CERAMICA Y CUYO,21,SANTA FE
loc_5022,5022,LA LATA,21,SANTA FE
loc_5023,5023,LICEO AERONAUTICO MILITAR,21,SANTA FE
loc_5024,5024,LINKS,21,SANTA FE
loc_5025,5025,LOS MUCHACHOS,21,SANTA FE
loc_5026,5026,MONTE FLORES,21,SANTA FE
loc_5027,5027,PAGANINI,21,SANTA FE
loc_5028,5028,PEREYRA LUCENA,21,SANTA FE
loc_5029,5029,PEREZ,21,SANTA FE
loc_5030,5030,PIÑERO,21,SANTA FE
loc_5031,5031,PUEBLO ESTHER,21,SANTA FE
loc_5032,5032,PUEBLO MUÑOZ,21,SANTA FE
loc_5033,5033,ROSARIO,21,SANTA FE
loc_5034,5034,SAN SEBASTIAN,21,SANTA FE
loc_5035,5035,SOLDINI,21,SANTA FE
loc_5036,5036,TALLERES,21,SANTA FE
loc_5037,5037,URANGA,21,SANTA FE
loc_5038,5038,VILLA AMELIA,21,SANTA FE
loc_5039,5039,VILLA AMERICA,21,SANTA FE
loc_5040,5040,VILLA GOBERNADOR GALVEZ,21,SANTA FE
loc_5041,5041,VILLA LYLY TALLERES,21,SANTA FE
loc_5042,5042,VILLA SAN DIEGO,21,SANTA FE
loc_5043,5043,ZAMPONI,21,SANTA FE
loc_5044,5044,ZAVALLA,21,SANTA FE
loc_5045,5045,ARTURO ALMARAZ,11,LA PAMPA
loc_5047,5047,CATRILO,11,LA PAMPA
loc_5048,5048,CAYUPAN,11,LA PAMPA
loc_5049,5049,COLONIA LA INDIA,11,LA PAMPA
loc_5050,5050,COLONIA SAN MIGUEL,11,LA PAMPA
loc_5051,5051,EL BRILLANTE,11,LA PAMPA
loc_5052,5052,EL DESCANSO  LONQUIMAY,11,LA PAMPA
loc_5053,5053,EL GUAICURU,11,LA PAMPA
loc_5054,5054,EL MALACATE,11,LA PAMPA
loc_5055,5055,EL RUBI,11,LA PAMPA
loc_5056,5056,EL SALITRAL,11,LA PAMPA
loc_5057,5057,EL TRIUNFO,11,LA PAMPA
loc_5058,5058,IVANOWSKY,11,LA PAMPA
loc_5059,5059,LA ATALAYA,11,LA PAMPA
loc_5060,5060,LA BLANCA,11,LA PAMPA
loc_5061,5061,LA CARMEN,11,LA PAMPA
loc_5062,5062,LA CATALINA,11,LA PAMPA
loc_5063,5063,LA CELIA,11,LA PAMPA
loc_5064,5064,LA CUMBRE,11,LA PAMPA
loc_5065,5065,LA ESMERALDA,11,LA PAMPA
loc_5066,5066,LA GAVIOTA,11,LA PAMPA
loc_5067,5067,LA GLORIA,11,LA PAMPA
loc_5069,5069,LA LUISA,11,LA PAMPA
loc_5070,5070,LA MARIANITA,11,LA PAMPA
loc_5071,5071,LA MATILDE,11,LA PAMPA
loc_5072,5072,LA PAZ,11,LA PAMPA
loc_5073,5073,LA PERLA,11,LA PAMPA
loc_5074,5074,LA PERLITA,11,LA PAMPA
loc_5075,5075,LA PUNA,11,LA PAMPA
loc_5076,5076,LA REBECA,11,LA PAMPA
loc_5077,5077,LA RESERVA IVANOWSKY,11,LA PAMPA
loc_5078,5078,LA SEGUNDA,11,LA PAMPA
loc_5079,5079,LA SUERTE,11,LA PAMPA
loc_5080,5080,LA TRINIDAD,11,LA PAMPA
loc_5081,5081,LA UNIDA,11,LA PAMPA
loc_5082,5082,LA VICTORIA,11,LA PAMPA
loc_5083,5083,LA VIOLETA,11,LA PAMPA
loc_5084,5084,LAS GAVIOTAS,11,LA PAMPA
loc_5085,5085,LONQUIMAY,11,LA PAMPA
loc_5086,5086,PUEBLO QUINTANA,11,LA PAMPA
loc_5087,5087,QUINTANA,11,LA PAMPA
loc_5088,5088,SAN ANDRES,11,LA PAMPA
loc_5089,5089,SAN EDUARDO,11,LA PAMPA
loc_5090,5090,SAN JOAQUIN,11,LA PAMPA
loc_5091,5091,SAN JOSE,11,LA PAMPA
loc_5092,5092,SAN JUAN,11,LA PAMPA
loc_5093,5093,SAN JUSTO,11,LA PAMPA
loc_5094,5094,SAN MANUEL,11,LA PAMPA
loc_5095,5095,SAN PEDRO,11,LA PAMPA
loc_5096,5096,URIBURU,11,LA PAMPA
loc_5097,5097,CUCHILLO CO,11,LA PAMPA
loc_5099,5099,EL PORVENIR,11,LA PAMPA
loc_5100,5100,LA ASTURIANA,11,LA PAMPA
loc_5101,5101,LAS DOS NACIONES,11,LA PAMPA
loc_5102,5102,LIHUE CALEL,11,LA PAMPA
loc_5103,5103,PICHI MAHUIDA,11,LA PAMPA
loc_5104,5104,SIERRAS DE LIHUEL CALEL,11,LA PAMPA
loc_5105,5105,ARBOL SOLO,11,LA PAMPA
loc_5106,5106,BUTALO,11,LA PAMPA
loc_5107,5107,CHICALCO,11,LA PAMPA
loc_5108,5108,COLONIA LA PASTORIL,11,LA PAMPA
loc_5109,5109,CURRU MAHUIDA,11,LA PAMPA
loc_5110,5110,EL CENTINELA,11,LA PAMPA
loc_5111,5111,EMILIO MITRE,11,LA PAMPA
loc_5112,5112,LA ESPERANZA,11,LA PAMPA
loc_5113,5113,LA PRIMAVERA,11,LA PAMPA
loc_5115,5115,LA RAZON SANTA ISABEL,11,LA PAMPA
loc_5116,5116,LA SOLEDAD,11,LA PAMPA
loc_5117,5117,LOS TAJAMARES,11,LA PAMPA
loc_5118,5118,LOS TURCOS,11,LA PAMPA
loc_5119,5119,MEDANOS NEGROS,11,LA PAMPA
loc_5120,5120,PASO DE LOS ALGARROBOS,11,LA PAMPA
loc_5121,5121,PASO DE LOS PUNTANOS,11,LA PAMPA
loc_5122,5122,PASO LA RAZON,11,LA PAMPA
loc_5123,5123,SAN FRANCISCO DE LA RAMADA,11,LA PAMPA
loc_5124,5124,SANTA ISABEL,11,LA PAMPA
loc_5125,5125,VISTA ALEGRE,11,LA PAMPA
loc_5126,5126,ALPACHIRI,11,LA PAMPA
loc_5127,5127,CAMPO DE LOS TOROS,11,LA PAMPA
loc_5128,5128,CAMPO LA FLORIDA,11,LA PAMPA
loc_5129,5129,CAMPO URDANIZ,11,LA PAMPA
loc_5130,5130,COLONIA ANASAGASTI,11,LA PAMPA
loc_5131,5131,COLONIA LA CHISPA,11,LA PAMPA
loc_5132,5132,COLONIA LA ESPERANZA,11,LA PAMPA
loc_5133,5133,COLONIA LAS VIZCACHERAS,11,LA PAMPA
loc_5134,5134,COLONIA LOS TOROS,11,LA PAMPA
loc_5135,5135,COLONIA LUNA,11,LA PAMPA
loc_5136,5136,COLONIA SANTA ANA,11,LA PAMPA
loc_5137,5137,COLONIA SANTA TERESA,11,LA PAMPA
loc_5138,5138,CONA LAUQUEN,11,LA PAMPA
loc_5139,5139,EL PUMA,11,LA PAMPA
loc_5140,5140,GRAL MANUEL CAMPOS,11,LA PAMPA
loc_5141,5141,GUATRACHE,11,LA PAMPA
loc_5142,5142,LA ELVA,11,LA PAMPA
loc_5143,5143,LA MARIA ELENA,11,LA PAMPA
loc_5144,5144,LA MARIA ROSA,11,LA PAMPA
loc_5145,5145,LA NUEVA,11,LA PAMPA
loc_5146,5146,LA PIEDAD,11,LA PAMPA
loc_5147,5147,LA TORERA,11,LA PAMPA
loc_5148,5148,LAS QUINTAS,11,LA PAMPA
loc_5149,5149,LOS TOROS,11,LA PAMPA
loc_5150,5150,LUNA,11,LA PAMPA
loc_5151,5151,MONTE RALO,11,LA PAMPA
loc_5152,5152,PERU,11,LA PAMPA
loc_5153,5153,PICHE CONA LAUQUEN,11,LA PAMPA
loc_5154,5154,REMECO,11,LA PAMPA
loc_5155,5155,SALINAS MARI MANUEL,11,LA PAMPA
loc_5156,5156,SAN MIGUEL,11,LA PAMPA
loc_5157,5157,SANTA ANA,11,LA PAMPA
loc_5158,5158,BAJO DE LAS PALOMAS,11,LA PAMPA
loc_5160,5160,CACHIRULO,11,LA PAMPA
loc_5161,5161,CALCHAHUE,11,LA PAMPA
loc_5162,5162,CHACU,11,LA PAMPA
loc_5163,5163,CHAPALCO,11,LA PAMPA
loc_5164,5164,COLONIA FERRARO,11,LA PAMPA
loc_5165,5165,COLONIA RAMON QUINTAS,11,LA PAMPA
loc_5166,5166,COLONIA ROCA,11,LA PAMPA
loc_5167,5167,EL EUCALIPTO CARRO QUEMADO,11,LA PAMPA
loc_5168,5168,EL VOLANTE,11,LA PAMPA
loc_5169,5169,LA AVANZADA,11,LA PAMPA
loc_5170,5170,LA BAYA,11,LA PAMPA
loc_5171,5171,LA BAYA MUERTA,11,LA PAMPA
loc_5172,5172,LA CELINA,11,LA PAMPA
loc_5173,5173,LA CELMIRA,11,LA PAMPA
loc_5174,5174,LA ESTHER,11,LA PAMPA
loc_5175,5175,LA VANGUARDIA,11,LA PAMPA
loc_5176,5176,LINDO VER,11,LA PAMPA
loc_5177,5177,LOS ALAMOS,11,LA PAMPA
loc_5178,5178,LOS ALGARROBOS,11,LA PAMPA
loc_5179,5179,NAICO,11,LA PAMPA
loc_5180,5180,NERRE CO,11,LA PAMPA
loc_5181,5181,OFICIAL E SEGURA,11,LA PAMPA
loc_5182,5182,PARQUE LURO,11,LA PAMPA
loc_5183,5183,PICHI HUILCO,11,LA PAMPA
loc_5184,5184,RAMON QUINTAS,11,LA PAMPA
loc_5185,5185,SAN HUMBERTO,11,LA PAMPA
loc_5186,5186,SANTIAGO ORELLANO,11,LA PAMPA
loc_5187,5187,TA HUILCO,11,LA PAMPA
loc_5188,5188,TOAY,11,LA PAMPA
loc_5189,5189,AGUSTONI,11,LA PAMPA
loc_5190,5190,ARGENTINA BELVEDERE,11,LA PAMPA
loc_5191,5191,AZTEAZU,11,LA PAMPA
loc_5192,5192,BARRIO EL MOLINO,11,LA PAMPA
loc_5193,5193,CAIMI,11,LA PAMPA
loc_5194,5194,CARLOS BERG,11,LA PAMPA
loc_5195,5195,COLONIA LA CARLOTA,11,LA PAMPA
loc_5196,5196,DORILA,11,LA PAMPA
loc_5197,5197,EL BELGICA,11,LA PAMPA
loc_5198,5198,EL EUCALIPTO,11,LA PAMPA
loc_5199,5199,EL PARQUE,11,LA PAMPA
loc_5200,5200,EL SAUCE,11,LA PAMPA
loc_5201,5201,GENERAL PICO,11,LA PAMPA
loc_5202,5202,LA BARRANCOSA,11,LA PAMPA
loc_5203,5203,LA CHAPELLE,11,LA PAMPA
loc_5204,5204,LA ELSA,11,LA PAMPA
loc_5205,5205,LA GAVENITA,11,LA PAMPA
loc_5207,5207,LA MARIA,11,LA PAMPA
loc_5208,5208,LA TERESITA,11,LA PAMPA
loc_5209,5209,LA VERDE,11,LA PAMPA
loc_5210,5210,LAS TRES HERMANAS,11,LA PAMPA
loc_5211,5211,MOCOVI,11,LA PAMPA
loc_5212,5212,PAVON,11,LA PAMPA
loc_5213,5213,RUCAHUE,11,LA PAMPA
loc_5214,5214,SAN ALBERTO,11,LA PAMPA
loc_5215,5215,SAN BENITO,11,LA PAMPA
loc_5216,5216,SAN IGNACIO,11,LA PAMPA
loc_5217,5217,SAN ILDEFONSO,11,LA PAMPA
loc_5218,5218,SAN JOAQUIN,11,LA PAMPA
loc_5219,5219,SAN JOSE,11,LA PAMPA
loc_5220,5220,SANTA CATALINA,11,LA PAMPA
loc_5221,5221,SANTA ELENA,11,LA PAMPA
loc_5222,5222,SANTA INES,11,LA PAMPA
loc_5223,5223,SPELUZZI,11,LA PAMPA
loc_5224,5224,TREBOLARES,11,LA PAMPA
loc_5225,5225,ZONA RURAL DORILA,11,LA PAMPA
loc_5226,5226,ANZOATEGUI,11,LA PAMPA
loc_5227,5227,BALO LOS MORROS,11,LA PAMPA
loc_5228,5228,CALEU CALEU,11,LA PAMPA
loc_5229,5229,COLONIA SAN ROSARIO,11,LA PAMPA
loc_5230,5230,EL AGUILA,11,LA PAMPA
loc_5231,5231,GAVIOTAS,11,LA PAMPA
loc_5232,5232,LA ADELA,11,LA PAMPA
loc_5234,5234,LA ROSA,11,LA PAMPA
loc_5235,5235,LA TOSCA,11,LA PAMPA
loc_5236,5236,LOS MORROS,11,LA PAMPA
loc_5237,5237,LOTE 14,11,LA PAMPA
loc_5238,5238,LOTE 17,11,LA PAMPA
loc_5239,5239,LOTE 18,11,LA PAMPA
loc_5240,5240,LOTE 19  COLONIA N LEVEN,11,LA PAMPA
loc_5241,5241,LOTE 22,11,LA PAMPA
loc_5242,5242,LOTE 23,11,LA PAMPA
loc_5243,5243,LOTE 24,11,LA PAMPA
loc_5244,5244,LOTE 6,11,LA PAMPA
loc_5245,5245,LOTE 7,11,LA PAMPA
loc_5246,5246,LOTE 8,11,LA PAMPA
loc_5247,5247,LOTE 8  ESCUELA 179,11,LA PAMPA
loc_5248,5248,SALINAS,11,LA PAMPA
loc_5249,5249,SALINAS GRANDES  ANZOATEGUI,11,LA PAMPA
loc_5251,5251,COLONIA BARON,11,LA PAMPA
loc_5252,5252,COLONIA BEAUFORT,11,LA PAMPA
loc_5253,5253,COLONIA GIUSTI,11,LA PAMPA
loc_5254,5254,COLONIA LA ABUNDANCIA,11,LA PAMPA
loc_5255,5255,COLONIA LA SARA,11,LA PAMPA
loc_5256,5256,COLONIA SAN JOSE,11,LA PAMPA
loc_5257,5257,COLONIA SANTA CECILIA,11,LA PAMPA
loc_5258,5258,COLONIA SANTA ELVIRA,11,LA PAMPA
loc_5259,5259,CURILCO,11,LA PAMPA
loc_5260,5260,HUELEN,11,LA PAMPA
loc_5261,5261,LA CAUTIVA,11,LA PAMPA
loc_5262,5262,LA CELINA,11,LA PAMPA
loc_5263,5263,LA DELICIA,11,LA PAMPA
loc_5264,5264,LA ENRIQUETA,11,LA PAMPA
loc_5265,5265,LA OLLA,11,LA PAMPA
loc_5266,5266,LA PUMA,11,LA PAMPA
loc_5267,5267,LOS PIRINEOS,11,LA PAMPA
loc_5268,5268,LOTE 25 ESCUELA 178,11,LA PAMPA
loc_5269,5269,LOTE 6 ESCUELA 171,11,LA PAMPA
loc_5270,5270,LOTE 9 ESCUELA 140,11,LA PAMPA
loc_5271,5271,MARI MARI,11,LA PAMPA
loc_5272,5272,MIGUEL CANE,11,LA PAMPA
loc_5273,5273,QUEMU QUEMU,11,LA PAMPA
loc_5274,5274,RELMO,11,LA PAMPA
loc_5275,5275,SAN MIGUEL,11,LA PAMPA
loc_5276,5276,SANTA ELVIRA,11,LA PAMPA
loc_5277,5277,SOL DE MAYO,11,LA PAMPA
loc_5278,5278,TRILI,11,LA PAMPA
loc_5279,5279,VILLA MIRASOL,11,LA PAMPA
loc_5280,5280,VILLA SAN JOSE,11,LA PAMPA
loc_5281,5281,ZONA RURAL,11,LA PAMPA
loc_5282,5282,ZONA RURAL DE MIRASOL,11,LA PAMPA
loc_5283,5283,ABRAMO,11,LA PAMPA
loc_5284,5284,BERNASCONI,11,LA PAMPA
loc_5285,5285,CAMPO CICARE,11,LA PAMPA
loc_5286,5286,CAMPO DE SALAS,11,LA PAMPA
loc_5287,5287,CAMPO NICHOLSON,11,LA PAMPA
loc_5288,5288,COLONIA 17 DE AGOSTO,11,LA PAMPA
loc_5289,5289,COLONIA BEATRIZ,11,LA PAMPA
loc_5291,5291,COLONIA HELVECIA,11,LA PAMPA
loc_5292,5292,COLONIA LAS TRES PIEDRAS,11,LA PAMPA
loc_5293,5293,COLONIA VASCONGADA,11,LA PAMPA
loc_5294,5294,COLONIA VILLA ALBA,11,LA PAMPA
loc_5295,5295,COTITA,11,LA PAMPA
loc_5296,5296,DOS AMIGOS,11,LA PAMPA
loc_5299,5299,DOS VIOLETAS,11,LA PAMPA
loc_5300,5300,EL LUCERO,11,LA PAMPA
loc_5301,5301,EL MIRADOR,11,LA PAMPA
loc_5302,5302,EL TRIGO,11,LA PAMPA
loc_5303,5303,EL VASQUITO,11,LA PAMPA
loc_5304,5304,GENERAL SAN MARTIN,11,LA PAMPA
loc_5305,5305,GERVASIO ORTIZ DE ROSAS,11,LA PAMPA
loc_5306,5306,HUCAL,11,LA PAMPA
loc_5308,5308,JACINTO ARAUZ,11,LA PAMPA
loc_5309,5309,LA ADMINISTRACION,11,LA PAMPA
loc_5310,5310,LA CATITA,11,LA PAMPA
loc_5311,5311,LA COLORADA CHICA,11,LA PAMPA
loc_5312,5312,LA COLORADA GRANDE,11,LA PAMPA
loc_5313,5313,LA CONSTANCIA,11,LA PAMPA
loc_5314,5314,LA ESPERANZA,11,LA PAMPA
loc_5315,5315,LA ESTRELLA DEL SUD,11,LA PAMPA
loc_5316,5316,LA ISABEL,11,LA PAMPA
loc_5317,5317,LA JUANITA,11,LA PAMPA
loc_5318,5318,LA MARIA,11,LA PAMPA
loc_5319,5319,LA MARIA ELISA,11,LA PAMPA
loc_5320,5320,LA PRIMERA,11,LA PAMPA
loc_5321,5321,LA PUMA,11,LA PAMPA
loc_5322,5322,LA UNION,11,LA PAMPA
loc_5323,5323,LA VICTORIA,11,LA PAMPA
loc_5324,5324,LOTE 11 BERNASCONI,11,LA PAMPA
loc_5325,5325,LOTE 12,11,LA PAMPA
loc_5326,5326,LOTE 17 ESCUELA 121,11,LA PAMPA
loc_5327,5327,LOTE 18 ESCUELA 158,11,LA PAMPA
loc_5328,5328,LOTE 20,11,LA PAMPA
loc_5330,5330,LOTE 23 ESCUELA 264,11,LA PAMPA
loc_5331,5331,LOTE 7 ESCUELA 270,11,LA PAMPA
loc_5332,5332,LOTE 8,11,LA PAMPA
loc_5333,5333,LOTE 8 ESCUELA 179,11,LA PAMPA
loc_5334,5334,MARIA,11,LA PAMPA
loc_5335,5335,MINAS DE SAL,11,LA PAMPA
loc_5336,5336,NARCISO LEVEN,11,LA PAMPA
loc_5337,5337,REMECO,11,LA PAMPA
loc_5338,5338,SAN AQUILINO,11,LA PAMPA
loc_5339,5339,SAN BERNARDO,11,LA PAMPA
loc_5340,5340,SAN DIEGO,11,LA PAMPA
loc_5341,5341,SAN FERNANDO,11,LA PAMPA
loc_5342,5342,SAN JOSE,11,LA PAMPA
loc_5343,5343,SAN JUAN,11,LA PAMPA
loc_5344,5344,TRAICO,11,LA PAMPA
loc_5345,5345,TRAICO GRANDE,11,LA PAMPA
loc_5346,5346,TRES BOTONES,11,LA PAMPA
loc_5347,5347,TRES NACIONES,11,LA PAMPA
loc_5348,5348,TRIBULUCI,11,LA PAMPA
loc_5349,5349,TRUBULUCO,11,LA PAMPA
loc_5350,5350,VILLA ALBA,11,LA PAMPA
loc_5351,5351,VILLA MENCUELLE,11,LA PAMPA
loc_5352,5352,AGUA DE TORRE,11,LA PAMPA
loc_5353,5353,ALGARROBO DEL AGUILA,11,LA PAMPA
loc_5354,5354,ESTABLECIMIENTO EL CENTINELA,11,LA PAMPA
loc_5355,5355,LA HUMADA,11,LA PAMPA
loc_5356,5356,LA IMARRA,11,LA PAMPA
loc_5357,5357,LA VEINTITRES,11,LA PAMPA
loc_5358,5358,ATALIVA ROCA,11,LA PAMPA
loc_5359,5359,BARRANCAS COLORADAS,11,LA PAMPA
loc_5360,5360,BELGRANO,11,LA PAMPA
loc_5361,5361,CERRO AZUL,11,LA PAMPA
loc_5362,5362,CERRO BAYO,11,LA PAMPA
loc_5363,5363,CERRO LA BOTA,11,LA PAMPA
loc_5364,5364,CHACHARRAMENDI,11,LA PAMPA
loc_5365,5365,COLONIA CAZAUX,11,LA PAMPA
loc_5366,5366,COLONIA DEVOTO,11,LA PAMPA
loc_5367,5367,COLONIA LA AMARGA,11,LA PAMPA
loc_5368,5368,COLONIA LA MUTUA,11,LA PAMPA
loc_5369,5369,COLONIA LIA Y ALLENDE,11,LA PAMPA
loc_5370,5370,COLONIA MEDANO COLORADO,11,LA PAMPA
loc_5371,5371,COLONIA MINISTRO LOBOS,11,LA PAMPA
loc_5372,5372,COLONIA SANTA CLARA,11,LA PAMPA
loc_5373,5373,COLONIA SANTA MARIA,11,LA PAMPA
loc_5374,5374,EL BOQUERON,11,LA PAMPA
loc_5375,5375,EL CARANCHO,11,LA PAMPA
loc_5376,5376,EL CHILLEN,11,LA PAMPA
loc_5377,5377,EL DESCANSO,11,LA PAMPA
loc_5378,5378,EL HUITRU,11,LA PAMPA
loc_5379,5379,EL MADRIGAL,11,LA PAMPA
loc_5380,5380,EL PIMIA,11,LA PAMPA
loc_5381,5381,EL VERANEO,11,LA PAMPA
loc_5382,5382,EPU PEL,11,LA PAMPA
loc_5383,5383,EX ESCUELA HOGAR NRO 5,11,LA PAMPA
loc_5384,5384,GENERAL ACHA,11,LA PAMPA
loc_5385,5385,LA AURORA,11,LA PAMPA
loc_5386,5386,LA BANDERITA,11,LA PAMPA
loc_5387,5387,LA CHIRLANDIA,11,LA PAMPA
loc_5388,5388,LA CHITA,11,LA PAMPA
loc_5389,5389,LA ESCONDIDA,11,LA PAMPA
loc_5390,5390,LA LONJA,11,LA PAMPA
loc_5391,5391,LA LUCHA LA REFORMA,11,LA PAMPA
loc_5392,5392,LA MAGDALENA,11,LA PAMPA
loc_5393,5393,LA MODERNA,11,LA PAMPA
loc_5394,5394,LA NILDA,11,LA PAMPA
loc_5395,5395,LA PALOMA,11,LA PAMPA
loc_5396,5396,LA PAMPITA,11,LA PAMPA
loc_5397,5397,LA SIN NOMBRE,11,LA PAMPA
loc_5398,5398,LA SORPRESA,11,LA PAMPA
loc_5399,5399,LAS ACACIAS,11,LA PAMPA
loc_5400,5400,LOS OLIVOS,11,LA PAMPA
loc_5401,5401,LOTE 10,11,LA PAMPA
loc_5402,5402,LOTE 11,11,LA PAMPA
loc_5403,5403,LOTE 12,11,LA PAMPA
loc_5404,5404,LOTE 13,11,LA PAMPA
loc_5405,5405,LOTE 18,11,LA PAMPA
loc_5406,5406,LOTE 19,11,LA PAMPA
loc_5407,5407,LOTE 21,11,LA PAMPA
loc_5408,5408,LOTE 22,11,LA PAMPA
loc_5409,5409,LOTE 3,11,LA PAMPA
loc_5410,5410,MARACO,11,LA PAMPA
loc_5411,5411,MARACO CHICO,11,LA PAMPA
loc_5412,5412,MEDANO COLORADO,11,LA PAMPA
loc_5413,5413,QUEHUE,11,LA PAMPA
loc_5415,5415,SAN ANTONIO,11,LA PAMPA
loc_5416,5416,SAN ERNESTO,11,LA PAMPA
loc_5417,5417,SAN SIMON,11,LA PAMPA
loc_5418,5418,SANTA CLARA,11,LA PAMPA
loc_5419,5419,SANTA ELENA,11,LA PAMPA
loc_5420,5420,SANTA MARIA,11,LA PAMPA
loc_5421,5421,SANTO DOMINGO,11,LA PAMPA
loc_5422,5422,UNANUE,11,LA PAMPA
loc_5423,5423,UTRACAN,11,LA PAMPA
loc_5424,5424,VALLE ARGENTINO,11,LA PAMPA
loc_5425,5425,VALLE DAZA,11,LA PAMPA
loc_5426,5426,ARATA,11,LA PAMPA
loc_5427,5427,CAMPO SALUSSO,11,LA PAMPA
loc_5428,5428,COLONIA MIGLIORI,11,LA PAMPA
loc_5429,5429,LOTE 8 ESCUELA 141,11,LA PAMPA
loc_5430,5430,METILEO,11,LA PAMPA
loc_5431,5431,MINISTRO ORLANDO,11,LA PAMPA
loc_5432,5432,SAN JOAQUIN METILEO,11,LA PAMPA
loc_5433,5433,TRENEL,11,LA PAMPA
loc_5434,5434,ZONA RURAL,11,LA PAMPA
loc_5435,5435,CERRO DEL AIGRE,11,LA PAMPA
loc_5436,5436,EL DIEZ,11,LA PAMPA
loc_5437,5437,EL DIEZ Y SIETE,11,LA PAMPA
loc_5438,5438,EL NUEVE,11,LA PAMPA
loc_5439,5439,EL TARTAGAL,11,LA PAMPA
loc_5440,5440,EL TRECE,11,LA PAMPA
loc_5441,5441,EL UNO,11,LA PAMPA
loc_5442,5442,EUSKADI,11,LA PAMPA
loc_5443,5443,GOBERNADOR DUVAL,11,LA PAMPA
loc_5444,5444,LA CHITA PUELCHES,11,LA PAMPA
loc_5445,5445,LA CLELIA,11,LA PAMPA
loc_5446,5446,LA JAPONESA,11,LA PAMPA
loc_5447,5447,LA LIMPIA,11,LA PAMPA
loc_5448,5448,LA REFORMA VIEJA,11,LA PAMPA
loc_5449,5449,LEGASA,11,LA PAMPA
loc_5450,5450,MINERALES DE LA PAMPA,11,LA PAMPA
loc_5451,5451,PUELCHES,11,LA PAMPA
loc_5452,5452,SAN ROBERTO,11,LA PAMPA
loc_5453,5453,BOEUF,11,LA PAMPA
loc_5454,5454,CAMPO CARETTO,11,LA PAMPA
loc_5455,5455,CAMPO MOISES SECCION 1A,11,LA PAMPA
loc_5456,5456,CAMPO PICO,11,LA PAMPA
loc_5457,5457,CHACRA 16,11,LA PAMPA
loc_5458,5458,COLONIA EL DESTINO,11,LA PAMPA
loc_5459,5459,COLONIA ESPIGA DE ORO,11,LA PAMPA
loc_5460,5460,COLONIA LA PAZ,11,LA PAMPA
loc_5461,5461,COLONIA SAN FELIPE,11,LA PAMPA
loc_5462,5462,COLONIA SAN LORENZO,11,LA PAMPA
loc_5463,5463,COLONIA SANTA ELENA,11,LA PAMPA
loc_5464,5464,COLONIAS DRYSDALE,11,LA PAMPA
loc_5465,5465,COLONIAS MURRAY,11,LA PAMPA
loc_5466,5466,CONHELO,11,LA PAMPA
loc_5467,5467,EDUARDO CASTEX,11,LA PAMPA
loc_5469,5469,EL FURLONG,11,LA PAMPA
loc_5470,5470,EL GUANACO,11,LA PAMPA
loc_5471,5471,EL PELUDO,11,LA PAMPA
loc_5472,5472,KILOMETRO 619,11,LA PAMPA
loc_5473,5473,LA DELFINA,11,LA PAMPA
loc_5474,5474,LAS CHACRAS,11,LA PAMPA
loc_5475,5475,LOO CO,11,LA PAMPA
loc_5476,5476,LOTE 12,11,LA PAMPA
loc_5477,5477,LOTE 13 ESCUELA 173,11,LA PAMPA
loc_5478,5478,LOTE 17 ESCUELA 95,11,LA PAMPA
loc_5479,5479,LOTE 2 ESCUELA 185,11,LA PAMPA
loc_5480,5480,LOTE 20 LA CARLOTA,11,LA PAMPA
loc_5481,5481,LOTE 21 COLONIA SANTA ELENA,11,LA PAMPA
loc_5482,5482,LOTE 23 ESCUELA 221,11,LA PAMPA
loc_5483,5483,LOTE 24 SECCION 1A,11,LA PAMPA
loc_5484,5484,LOTE 25 CONHELO,11,LA PAMPA
loc_5485,5485,LOTE 25 ESCUELA 146,11,LA PAMPA
loc_5486,5486,LOTE 8 ESCUELA 184,11,LA PAMPA
loc_5487,5487,MAURICIO MAYER,11,LA PAMPA
loc_5488,5488,MONTE NIEVAS,11,LA PAMPA
loc_5489,5489,NICOLAS VERA,11,LA PAMPA
loc_5490,5490,RUCANELO,11,LA PAMPA
loc_5491,5491,SAN JOSE,11,LA PAMPA
loc_5492,5492,SAN RAMON,11,LA PAMPA
loc_5493,5493,SECCION PRIMERA CONHELLO,11,LA PAMPA
loc_5494,5494,TTE GRAL EMILIO MITRE,11,LA PAMPA
loc_5495,5495,WINIFREDA,11,LA PAMPA
loc_5496,5496,ZONA RURAL  METILEO,11,LA PAMPA
loc_5497,5497,ZONA URBANA NORTE,11,LA PAMPA
loc_5498,5498,ATREUCO,11,LA PAMPA
loc_5499,5499,BELLA VISTA,11,LA PAMPA
loc_5500,5500,CEREALES,11,LA PAMPA
loc_5501,5501,COLONIA AGUIRRE,11,LA PAMPA
loc_5502,5502,COLONIA GUIBURG N 2,11,LA PAMPA
loc_5503,5503,COLONIA LA ORACION,11,LA PAMPA
loc_5504,5504,COLONIA MARIA LUISA,11,LA PAMPA
loc_5505,5505,COLONIA SAN VICTORIO,11,LA PAMPA
loc_5506,5506,COLONIA SOBADELL,11,LA PAMPA
loc_5507,5507,DOBLAS,11,LA PAMPA
loc_5508,5508,EL CENTENARIO,11,LA PAMPA
loc_5509,5509,EL DESLINDE,11,LA PAMPA
loc_5510,5510,EL DESTINO  ROLON,11,LA PAMPA
loc_5511,5511,EL PALOMAR,11,LA PAMPA
loc_5512,5512,HIDALGO,11,LA PAMPA
loc_5513,5513,HIPOLITO YRIGOYEN,11,LA PAMPA
loc_5514,5514,LA ANTONIA,11,LA PAMPA
loc_5516,5516,LA BILBAINA,11,LA PAMPA
loc_5517,5517,LA CATALINITA,11,LA PAMPA
loc_5518,5518,LA DOLORES,11,LA PAMPA
loc_5519,5519,LA ESMERALDA MACACHIN,11,LA PAMPA
loc_5520,5520,LA ESPERANZA HIDALGO,11,LA PAMPA
loc_5521,5521,LA ESPERANZA MACACHIN,11,LA PAMPA
loc_5522,5522,LA JOSEFINA,11,LA PAMPA
loc_5523,5523,LA MANUELITA,11,LA PAMPA
loc_5524,5524,LA NUEVA PROVINCIA,11,LA PAMPA
loc_5525,5525,LA ORACION,11,LA PAMPA
loc_5526,5526,LA PAMPITA HIDALGO,11,LA PAMPA
loc_5527,5527,LA PRIMAVERA MIGUEL RIGLOS,11,LA PAMPA
loc_5528,5528,LA SARITA,11,LA PAMPA
loc_5529,5529,LAS FELICITAS,11,LA PAMPA
loc_5530,5530,LOS DOS HERMANOS,11,LA PAMPA
loc_5531,5531,LOS QUINIENTOS,11,LA PAMPA
loc_5532,5532,MACACHIN,11,LA PAMPA
loc_5533,5533,MIGUEL RIGLOS,11,LA PAMPA
loc_5534,5534,OJO DE AGUA,11,LA PAMPA
loc_5535,5535,ROLON,11,LA PAMPA
loc_5536,5536,SALINAS GRANDES HIDALGO,11,LA PAMPA
loc_5537,5537,SAN FELIPE,11,LA PAMPA
loc_5538,5538,SAN PEDRO ROLON,11,LA PAMPA
loc_5539,5539,SANTA STELLA,11,LA PAMPA
loc_5540,5540,SANTO TOMAS,11,LA PAMPA
loc_5541,5541,TOMAS M DE ANCHORENA,11,LA PAMPA
loc_5542,5542,TRES HERMANOS MACACHIN,11,LA PAMPA
loc_5543,5543,VALLE ARGENTINO,11,LA PAMPA
loc_5544,5544,ARBOL DE LA ESPERANZA,11,LA PAMPA
loc_5545,5545,JULIAN A MANSILLA,11,LA PAMPA
loc_5546,5546,LA REFORMA,11,LA PAMPA
loc_5547,5547,LAGUNA QUIROGA,11,LA PAMPA
loc_5548,5548,LIMAY MAHUIDA,11,LA PAMPA
loc_5549,5549,25 DE MAYO,11,LA PAMPA
loc_5550,5550,CASA DE PIEDRA,11,LA PAMPA
loc_5551,5551,COLONIA CHICA,11,LA PAMPA
loc_5552,5552,COLONIA EL SAUZAL,11,LA PAMPA
loc_5553,5553,COLONIA GOBERNADOR AYALA,11,LA PAMPA
loc_5554,5554,COLONIA LOS PIOJOS,11,LA PAMPA
loc_5555,5555,COLONIA SAN IGNACIO,11,LA PAMPA
loc_5556,5556,EL CINCO,11,LA PAMPA
loc_5557,5557,EL ESCABEL,11,LA PAMPA
loc_5558,5558,GOBERNADOR AYALA,11,LA PAMPA
loc_5559,5559,GUARACO,11,LA PAMPA
loc_5560,5560,LA BOTA,11,LA PAMPA
loc_5561,5561,LA COPELINA,11,LA PAMPA
loc_5562,5562,PASO LA BALSA,11,LA PAMPA
loc_5563,5563,PUELEN,11,LA PAMPA
loc_5564,5564,SAN SALVADOR,11,LA PAMPA
loc_5565,5565,ANGUIL,11,LA PAMPA
loc_5566,5566,BARRANCAS COLORADAS,11,LA PAMPA
loc_5567,5567,COLONIA ECHETA,11,LA PAMPA
loc_5568,5568,COLONIA LA GAVIOTA,11,LA PAMPA
loc_5569,5569,COLONIA LAGOS,11,LA PAMPA
loc_5570,5570,COLONIA SAN JUAN,11,LA PAMPA
loc_5571,5571,COLONIA TORELLO,11,LA PAMPA
loc_5572,5572,EL GUANACO,11,LA PAMPA
loc_5573,5573,EL MIRADOR DE JUAREZ,11,LA PAMPA
loc_5574,5574,EL OASIS,11,LA PAMPA
loc_5575,5575,INES Y CARLOTA,11,LA PAMPA
loc_5576,5576,LA CAROLA,11,LA PAMPA
loc_5577,5577,LA CONSTANCIA  ANGUIL,11,LA PAMPA
loc_5578,5578,LA ELVIRA,11,LA PAMPA
loc_5579,5579,LA ESPERANZA ANGUIL,11,LA PAMPA
loc_5580,5580,LA FLORIDA,11,LA PAMPA
loc_5581,5581,LA FORTUNA,11,LA PAMPA
loc_5582,5582,LA JUANITA,11,LA PAMPA
loc_5583,5583,LA MALVINA,11,LA PAMPA
loc_5584,5584,LA PRIMAVERA SANTA ROSA,11,LA PAMPA
loc_5585,5585,LA RESERVA ANGUIL,11,LA PAMPA
loc_5586,5586,LA VERDE ANGUIL,11,LA PAMPA
loc_5587,5587,LAS MALVINAS,11,LA PAMPA
loc_5588,5588,LOS NOGALES,11,LA PAMPA
loc_5589,5589,MEDANO BLANCO,11,LA PAMPA
loc_5590,5590,SAN CARLOS,11,LA PAMPA
loc_5591,5591,SAN JOSE  ANGUIL,11,LA PAMPA
loc_5592,5592,SANTA ROSA,11,LA PAMPA
loc_5593,5593,CAICHUE,11,LA PAMPA
loc_5594,5594,CARRO QUEMADO,11,LA PAMPA
loc_5595,5595,CHACRAS DE VICTORICA,11,LA PAMPA
loc_5596,5596,COLONIA EL PORVENIR,11,LA PAMPA
loc_5597,5597,COSTA DEL SALADO,11,LA PAMPA
loc_5598,5598,DOS AMIGOS,11,LA PAMPA
loc_5599,5599,EL DESTINO,11,LA PAMPA
loc_5600,5600,EL DURAZNO,11,LA PAMPA
loc_5601,5601,EL MATE,11,LA PAMPA
loc_5602,5602,EL ODRE,11,LA PAMPA
loc_5603,5603,EL REFUGIO,11,LA PAMPA
loc_5604,5604,EL RETIRO,11,LA PAMPA
loc_5605,5605,EL SILENCIO,11,LA PAMPA
loc_5606,5606,GUADALOZA,11,LA PAMPA
loc_5607,5607,JAGUEL DEL ESQUINERO,11,LA PAMPA
loc_5608,5608,JAGUEL DEL MONTE,11,LA PAMPA
loc_5609,5609,JUZGADO VIEJO,11,LA PAMPA
loc_5610,5610,LA CATALINA,11,LA PAMPA
loc_5611,5611,LA CIENAGA,11,LA PAMPA
loc_5612,5612,LA CONSTANCIA,11,LA PAMPA
loc_5613,5613,LA ELENITA,11,LA PAMPA
loc_5614,5614,LA ELIA,11,LA PAMPA
loc_5615,5615,LA ELINA,11,LA PAMPA
loc_5616,5616,LA ESMERALDA,11,LA PAMPA
loc_5617,5617,LA ESTRELLA,11,LA PAMPA
loc_5618,5618,LA EULOGIA,11,LA PAMPA
loc_5619,5619,LA FE,11,LA PAMPA
loc_5620,5620,LA FLORENCIA,11,LA PAMPA
loc_5621,5621,LA GUADALOSA,11,LA PAMPA
loc_5622,5622,LA ISABEL,11,LA PAMPA
loc_5623,5623,LA LAURENTINA,11,LA PAMPA
loc_5624,5624,LA LUZ,11,LA PAMPA
loc_5625,5625,LA MARCELA,11,LA PAMPA
loc_5626,5626,LA MOROCHA,11,LA PAMPA
loc_5627,5627,LA PASTORIL,11,LA PAMPA
loc_5628,5628,LA PENCOSA,11,LA PAMPA
loc_5629,5629,LA RAZON,11,LA PAMPA
loc_5630,5630,LA TINAJERA,11,LA PAMPA
loc_5631,5631,LA UNION,11,LA PAMPA
loc_5632,5632,LA VERDE,11,LA PAMPA
loc_5633,5633,LA ZOTA,11,LA PAMPA
loc_5634,5634,LABAL,11,LA PAMPA
loc_5635,5635,LEONA REDONDA,11,LA PAMPA
loc_5636,5636,LOMA REDONDA,11,LA PAMPA
loc_5637,5637,LOMAS DE GATICA,11,LA PAMPA
loc_5638,5638,LOMAS OMBU,11,LA PAMPA
loc_5639,5639,LOS MANANTIALES,11,LA PAMPA
loc_5640,5640,LOS TRES POZOS,11,LA PAMPA
loc_5641,5641,LOTE 5 LUAN TORO,11,LA PAMPA
loc_5642,5642,LOVENTUEL,11,LA PAMPA
loc_5643,5643,LUAN TORO,11,LA PAMPA
loc_5644,5644,MANANTIALES,11,LA PAMPA
loc_5645,5645,MAYACO,11,LA PAMPA
loc_5646,5646,NAHUEL NAPA,11,LA PAMPA
loc_5647,5647,NANQUEL HUITRE,11,LA PAMPA
loc_5648,5648,PICHI MERICO,11,LA PAMPA
loc_5649,5649,POITAGUE,11,LA PAMPA
loc_5650,5650,SAN EMILIO,11,LA PAMPA
loc_5651,5651,SAN FRANCISCO,11,LA PAMPA
loc_5652,5652,SAN JOSE,11,LA PAMPA
loc_5653,5653,TELEN,11,LA PAMPA
loc_5654,5654,VICTORICA,11,LA PAMPA
loc_5655,5655,AGUAS BUENAS,11,LA PAMPA
loc_5656,5656,BERNARDO LARROUDE,11,LA PAMPA
loc_5657,5657,CEBALLOS,11,LA PAMPA
loc_5658,5658,CHACRA LA CASILDA,11,LA PAMPA
loc_5659,5659,CHACRA LA MAGDALENA,11,LA PAMPA
loc_5660,5660,COLONIA DENEVI,11,LA PAMPA
loc_5661,5661,COLONIA LAS MERCEDES,11,LA PAMPA
loc_5662,5662,COLONIA TRENQUENDA,11,LA PAMPA
loc_5663,5663,COLONIA TREQUEN,11,LA PAMPA
loc_5664,5664,CORONEL HILARIO LAGOS,11,LA PAMPA
loc_5665,5665,EL ANTOJO,11,LA PAMPA
loc_5666,5666,EL PORVENIR,11,LA PAMPA
loc_5667,5667,EL RECREO,11,LA PAMPA
loc_5668,5668,ESTANCIA LA LUCHA,11,LA PAMPA
loc_5669,5669,ESTANCIA LA PAMPEANA,11,LA PAMPA
loc_5670,5670,ESTANCIA LA VOLUNTAD,11,LA PAMPA
loc_5671,5671,GALLINAO,11,LA PAMPA
loc_5672,5672,INTENDENTE ALVEAR,11,LA PAMPA
loc_5673,5673,LA CASILDA,11,LA PAMPA
loc_5674,5674,LA ENERGIA,11,LA PAMPA
loc_5675,5675,LA ESPERANZA VERTIZ,11,LA PAMPA
loc_5676,5676,LA INVERNADA,11,LA PAMPA
loc_5677,5677,LA JUANITA,11,LA PAMPA
loc_5678,5678,LA LUCHA,11,LA PAMPA
loc_5679,5679,LA MAGDALENA,11,LA PAMPA
loc_5680,5680,LA MARIA VERTIZ,11,LA PAMPA
loc_5681,5681,LA PAMPEANA,11,LA PAMPA
loc_5682,5682,LA PAULINA,11,LA PAMPA
loc_5683,5683,LA PRADERA,11,LA PAMPA
loc_5684,5684,LA VICTORIA,11,LA PAMPA
loc_5685,5685,LAS DELICIAS,11,LA PAMPA
loc_5686,5686,MALVINAS ARGENTINAS,11,LA PAMPA
loc_5687,5687,MARIANO MIRO,11,LA PAMPA
loc_5688,5688,PUEBLO ALASSA,11,LA PAMPA
loc_5689,5689,RAMON SEGUNDO,11,LA PAMPA
loc_5690,5690,SAN HILARIO,11,LA PAMPA
loc_5691,5691,SAN JOSE,11,LA PAMPA
loc_5692,5692,SAN URBANO,11,LA PAMPA
loc_5693,5693,SANTA AURELIA,11,LA PAMPA
loc_5694,5694,SANTA FELICITAS,11,LA PAMPA
loc_5695,5695,SARAH,11,LA PAMPA
loc_5696,5696,TRES LAGUNAS,11,LA PAMPA
loc_5697,5697,VERTIZ,11,LA PAMPA
loc_5698,5698,ZONA RURAL DE VERTIZ,11,LA PAMPA
loc_5699,5699,CALEUFU,11,LA PAMPA
loc_5700,5700,CARAMAN,11,LA PAMPA
loc_5701,5701,CHAMAICO,11,LA PAMPA
loc_5702,5702,COLONIA EL TIGRE,11,LA PAMPA
loc_5703,5703,COLONIA LA MARGARITA,11,LA PAMPA
loc_5704,5704,COLONIA LAS PIEDRITAS,11,LA PAMPA
loc_5705,5705,COLONIA SAN BASILIO,11,LA PAMPA
loc_5706,5706,EL GUANACO,11,LA PAMPA
loc_5707,5707,EL TAJAMAR,11,LA PAMPA
loc_5708,5708,INGENIERO FOSTER,11,LA PAMPA
loc_5709,5709,JARDON,11,LA PAMPA
loc_5710,5710,LA MARGARITA,11,LA PAMPA
loc_5711,5711,LA MARUJA,11,LA PAMPA
loc_5712,5712,LA POMONA,11,LA PAMPA
loc_5713,5713,LA PRIMAVERA CHAMAICO,11,LA PAMPA
loc_5714,5714,LAS DELICIAS,11,LA PAMPA
loc_5715,5715,LAS PIEDRITAS,11,LA PAMPA
loc_5716,5716,LOTE 11 ESCUELA 107,11,LA PAMPA
loc_5717,5717,LOTE 15,11,LA PAMPA
loc_5718,5718,LOTE 15 ESCUELA 18,11,LA PAMPA
loc_5719,5719,LOTE 4,11,LA PAMPA
loc_5720,5720,LOTE 5 CALEUFU  ESC 120,11,LA PAMPA
loc_5721,5721,PARERA,11,LA PAMPA
loc_5722,5722,PICHI HUINCA,11,LA PAMPA
loc_5723,5723,QUETREQUEN,11,LA PAMPA
loc_5724,5724,RANCUL,11,LA PAMPA
loc_5725,5725,SAN BASILIO,11,LA PAMPA
loc_5726,5726,SAN MARCELO,11,LA PAMPA
loc_5727,5727,ADOLFO VAN PRAET,11,LA PAMPA
loc_5728,5728,ALTA ITALIA,11,LA PAMPA
loc_5729,5729,CHANILAO,11,LA PAMPA
loc_5730,5730,EL OLIVO,11,LA PAMPA
loc_5731,5731,EL TIGRE,11,LA PAMPA
loc_5732,5732,EL TORDILLO,11,LA PAMPA
loc_5733,5733,EMBAJADOR MARTINI,11,LA PAMPA
loc_5734,5734,FALUCHO,11,LA PAMPA
loc_5735,5735,INGENIERO LUIGGI,11,LA PAMPA
loc_5736,5736,LA ELINA,11,LA PAMPA
loc_5737,5737,LA VOLUNTAD,11,LA PAMPA
loc_5738,5738,LOTE 2 LA ELINA,11,LA PAMPA
loc_5739,5739,MAISONNAVE,11,LA PAMPA
loc_5740,5740,OJEDA,11,LA PAMPA
loc_5741,5741,REALICO,11,LA PAMPA
loc_5742,5742,RICARDO LAVALLE,11,LA PAMPA
loc_5743,5743,SAN JUAN SIMSON,11,LA PAMPA
loc_5744,5744,SANTA GRACIA,11,LA PAMPA
loc_5745,5745,TRES HERMANOS QUETREQUEN,11,LA PAMPA
loc_5746,5746,ATENCIO,8,ENTRE RIOS
loc_5747,5747,CATALOTTI,8,ENTRE RIOS
loc_5749,5749,CHIRCALITO,8,ENTRE RIOS
loc_5750,5750,COLONIA LA MATILDE,8,ENTRE RIOS
loc_5751,5751,CORREA,8,ENTRE RIOS
loc_5752,5752,LA ESMERALDA,8,ENTRE RIOS
loc_5753,5753,LA HIERRA,8,ENTRE RIOS
loc_5754,5754,LA VERBENA,8,ENTRE RIOS
loc_5755,5755,LAGUNA BENITEZ,8,ENTRE RIOS
loc_5756,5756,LAS LAGUNAS,8,ENTRE RIOS
loc_5757,5757,LAS MULITAS,8,ENTRE RIOS
loc_5758,5758,MAC KELLER,8,ENTRE RIOS
loc_5759,5759,MANANTIALES,8,ENTRE RIOS
loc_5760,5760,MESA,8,ENTRE RIOS
loc_5761,5761,MULAS GRANDES,8,ENTRE RIOS
loc_5762,5762,PAJAS BLANCAS,8,ENTRE RIOS
loc_5763,5763,PALO A PIQUE,8,ENTRE RIOS
loc_5764,5764,SAN JOSE DE FELICIANO,8,ENTRE RIOS
loc_5765,5765,SAN LUIS SAN JOSE FELICIANO,8,ENTRE RIOS
loc_5766,5766,SAN VICTOR,8,ENTRE RIOS
loc_5767,5767,TASES,8,ENTRE RIOS
loc_5768,5768,VIBORAS,8,ENTRE RIOS
loc_5770,5770,ANAHI,8,ENTRE RIOS
loc_5771,5771,ARROYO MARTINEZ,8,ENTRE RIOS
loc_5773,5773,ARROYO SAGASTUME GRANDE,8,ENTRE RIOS
loc_5774,5774,CEIBAS,8,ENTRE RIOS
loc_5775,5775,EL EMPALME PARAJE,8,ENTRE RIOS
loc_5776,5776,FERNANDEZ,8,ENTRE RIOS
loc_5777,5777,IBICUY,8,ENTRE RIOS
loc_5778,5778,LIBERTADOR GRAL SAN MARTIN,8,ENTRE RIOS
loc_5779,5779,MAZARUCA,8,ENTRE RIOS
loc_5780,5780,MEDANOS,8,ENTRE RIOS
loc_5781,5781,PARANACITO,8,ENTRE RIOS
loc_5783,5783,PUERTO CONSTANZA,8,ENTRE RIOS
loc_5784,5784,PUERTO IBICUY,8,ENTRE RIOS
loc_5785,5785,VILLA PARANACITO,8,ENTRE RIOS
loc_5786,5786,ALTAMIRANO NORTE,8,ENTRE RIOS
loc_5787,5787,ALTAMIRANO SUD,8,ENTRE RIOS
loc_5788,5788,ARROYO CLE,8,ENTRE RIOS
loc_5789,5789,ARROYO OBISPO,8,ENTRE RIOS
loc_5790,5790,COLONIA DUPORTAL,8,ENTRE RIOS
loc_5791,5791,CUATRO BOCAS,8,ENTRE RIOS
loc_5792,5792,DIST RAICES AL NORTE,8,ENTRE RIOS
loc_5793,5793,DIST RAICES AL SUD,8,ENTRE RIOS
loc_5794,5794,DURAZNO,8,ENTRE RIOS
loc_5795,5795,EL CHAJA,8,ENTRE RIOS
loc_5796,5796,ESTABLECIMIENTO SAN EDUARDO,8,ENTRE RIOS
loc_5797,5797,ESTABLECIMIENTO SAN EUSEBIO,8,ENTRE RIOS
loc_5798,5798,ESTABLECIMIENTO SAN FRANCISCO,8,ENTRE RIOS
loc_5799,5799,ESTACION SOLA,8,ENTRE RIOS
loc_5800,5800,GOBERNADOR ECHAGUE,8,ENTRE RIOS
loc_5801,5801,GOBERNADOR MACIA,8,ENTRE RIOS
loc_5802,5802,GOBERNADOR MANSILLA,8,ENTRE RIOS
loc_5803,5803,GOBERNADOR SOLA,8,ENTRE RIOS
loc_5804,5804,GUARDAMONTE,8,ENTRE RIOS
loc_5805,5805,HIPODROMO,8,ENTRE RIOS
loc_5806,5806,KILOMETRO 180,8,ENTRE RIOS
loc_5807,5807,KILOMETRO 183,8,ENTRE RIOS
loc_5808,5808,KILOMETRO 189,8,ENTRE RIOS
loc_5809,5809,KILOMETRO 192,8,ENTRE RIOS
loc_5810,5810,KILOMETRO 200,8,ENTRE RIOS
loc_5811,5811,KILOMETRO 220,8,ENTRE RIOS
loc_5812,5812,LA OLLITA,8,ENTRE RIOS
loc_5813,5813,LAS GUACHAS,8,ENTRE RIOS
loc_5814,5814,MOLINO BOB,8,ENTRE RIOS
loc_5815,5815,PRIMER CUARTEL,8,ENTRE RIOS
loc_5816,5816,PUEBLO PRIMERO,8,ENTRE RIOS
loc_5817,5817,PUENTE OBISPO,8,ENTRE RIOS
loc_5818,5818,RINCON DE LAS GUACHAS,8,ENTRE RIOS
loc_5819,5819,ROSARIO DEL TALA,8,ENTRE RIOS
loc_5820,5820,SAUCE NORTE,8,ENTRE RIOS
loc_5821,5821,SAUCE SUR,8,ENTRE RIOS
loc_5822,5822,SEGUNDO CUARTEL,8,ENTRE RIOS
loc_5824,5824,ARROYO EL MOCHO,8,ENTRE RIOS
loc_5825,5825,ARROYO HONDO,8,ENTRE RIOS
loc_5826,5826,ARROYO LA VIRGEN,8,ENTRE RIOS
loc_5827,5827,ARROYO MOREIRA,8,ENTRE RIOS
loc_5828,5828,AYUI PARADA,8,ENTRE RIOS
loc_5829,5829,BENITO LEGEREN,8,ENTRE RIOS
loc_5830,5830,CALABACILLAS,8,ENTRE RIOS
loc_5831,5831,CAMBA PASO,8,ENTRE RIOS
loc_5832,5832,CAMPO DOMINGUEZ,8,ENTRE RIOS
loc_5833,5833,CLODOMIRO LEDESMA,8,ENTRE RIOS
loc_5834,5834,CNIA JUSTO JOSE DE URQUIZA,8,ENTRE RIOS
loc_5835,5835,COLONIA ADELA,8,ENTRE RIOS
loc_5836,5836,COLONIA AYUI,8,ENTRE RIOS
loc_5837,5837,COLONIA CAMPOS,8,ENTRE RIOS
loc_5838,5838,COLONIA CURBELO,8,ENTRE RIOS
loc_5839,5839,COLONIA GENERAL ROCA,8,ENTRE RIOS
loc_5840,5840,COLONIA JORGE FINK,8,ENTRE RIOS
loc_5842,5842,COLONIA LA QUINTA,8,ENTRE RIOS
loc_5843,5843,COLONIA LOMA NEGRA,8,ENTRE RIOS
loc_5844,5844,COLONIA LOS SAUCES,8,ENTRE RIOS
loc_5845,5845,COLONIA NAVARRO,8,ENTRE RIOS
loc_5846,5846,COLONIA SAN BONIFACIO,8,ENTRE RIOS
loc_5847,5847,COLONIA YERUA,8,ENTRE RIOS
loc_5848,5848,CONCORDIA,8,ENTRE RIOS
loc_5849,5849,CUEVA DEL TIGRE,8,ENTRE RIOS
loc_5850,5850,DON ROBERTO,8,ENTRE RIOS
loc_5851,5851,EL DURAZNAL,8,ENTRE RIOS
loc_5852,5852,EL EMBALSADO,8,ENTRE RIOS
loc_5853,5853,EL MARTILLO,8,ENTRE RIOS
loc_5854,5854,EL REDOMON,8,ENTRE RIOS
loc_5855,5855,EL REFUGIO,8,ENTRE RIOS
loc_5856,5856,EMBARCADERO FERRARI,8,ENTRE RIOS
loc_5857,5857,ESTACION YERUA,8,ENTRE RIOS
loc_5858,5858,ESTANCIA GRANDE,8,ENTRE RIOS
loc_5859,5859,FRIGORIFICO YUQUERI,8,ENTRE RIOS
loc_5860,5860,HERVIDERO,8,ENTRE RIOS
loc_5861,5861,ISTHILART,8,ENTRE RIOS
loc_5862,5862,JORGE FINK,8,ENTRE RIOS
loc_5863,5863,JUAN B MONTI,8,ENTRE RIOS
loc_5864,5864,KILOMETRO 11,8,ENTRE RIOS
loc_5865,5865,KILOMETRO 24,8,ENTRE RIOS
loc_5866,5866,KILOMETRO 32,8,ENTRE RIOS
loc_5867,5867,KILOMETRO 329,8,ENTRE RIOS
loc_5868,5868,KILOMETRO 33,8,ENTRE RIOS
loc_5869,5869,KILOMETRO 333,8,ENTRE RIOS
loc_5870,5870,KILOMETRO 342,8,ENTRE RIOS
loc_5871,5871,KILOMETRO 343,8,ENTRE RIOS
loc_5872,5872,KILOMETRO 344,8,ENTRE RIOS
loc_5873,5873,KILOMETRO 347,8,ENTRE RIOS
loc_5874,5874,KILOMETRO 355,8,ENTRE RIOS
loc_5875,5875,KILOMETRO 373,8,ENTRE RIOS
loc_5876,5876,KILOMETRO 376,8,ENTRE RIOS
loc_5877,5877,KILOMETRO 6,8,ENTRE RIOS
loc_5878,5878,LA ALICIA,8,ENTRE RIOS
loc_5879,5879,LA COLORADA,8,ENTRE RIOS
loc_5880,5880,LA CRIOLLA,8,ENTRE RIOS
loc_5881,5881,LA EMILIA,8,ENTRE RIOS
loc_5882,5882,LA GRANJA,8,ENTRE RIOS
loc_5883,5883,LA INVERNADA,8,ENTRE RIOS
loc_5884,5884,LA NOBLEZA,8,ENTRE RIOS
loc_5885,5885,LA ODILIA,8,ENTRE RIOS
loc_5886,5886,LA PERLA,8,ENTRE RIOS
loc_5887,5887,LA QUERENCIA,8,ENTRE RIOS
loc_5888,5888,LA QUINTA,8,ENTRE RIOS
loc_5889,5889,LA ROSADA,8,ENTRE RIOS
loc_5890,5890,LAS MOCHAS,8,ENTRE RIOS
loc_5891,5891,LAS TEJAS,8,ENTRE RIOS
loc_5892,5892,LESCA,8,ENTRE RIOS
loc_5893,5893,LOMA NEGRA,8,ENTRE RIOS
loc_5894,5894,LOS BRILLANTES,8,ENTRE RIOS
loc_5895,5895,LOS CHARRUAS,8,ENTRE RIOS
loc_5896,5896,LOS SAUER,8,ENTRE RIOS
loc_5897,5897,NUEVA ESCOCIA,8,ENTRE RIOS
loc_5898,5898,OSVALDO MAGNASCO,8,ENTRE RIOS
loc_5899,5899,PARADA YUQUERI,8,ENTRE RIOS
loc_5900,5900,PASO DEL GALLO,8,ENTRE RIOS
loc_5902,5902,PASO SOCIEDAD,8,ENTRE RIOS
loc_5903,5903,PEDERMAR,8,ENTRE RIOS
loc_5904,5904,PEDERNAL,8,ENTRE RIOS
loc_5905,5905,PUEBLO FERRE,8,ENTRE RIOS
loc_5906,5906,PUERTO YERUA,8,ENTRE RIOS
loc_5907,5907,PUNTAS DE MOREIRA,8,ENTRE RIOS
loc_5908,5908,QUEBRACHO,8,ENTRE RIOS
loc_5909,5909,RUTA 14 KM 443,8,ENTRE RIOS
loc_5910,5910,SALADERO CONCORDIA,8,ENTRE RIOS
loc_5911,5911,SAN BUENAVENTURA,8,ENTRE RIOS
loc_5912,5912,SAN JORGE,8,ENTRE RIOS
loc_5913,5913,SAN JUAN LA QUERENCIA,8,ENTRE RIOS
loc_5914,5914,SANTA ISABEL,8,ENTRE RIOS
loc_5915,5915,SAUCE NORTE,8,ENTRE RIOS
loc_5916,5916,SUBCENTRAL SANTA MARIA,8,ENTRE RIOS
loc_5917,5917,TABLADA NORTE CONCORDIA,8,ENTRE RIOS
loc_5918,5918,TABLADA OESTE CONCORDIA,8,ENTRE RIOS
loc_5919,5919,VILLA ZORRAQUIN,8,ENTRE RIOS
loc_5920,5920,VILLAMIL,8,ENTRE RIOS
loc_5921,5921,YAROS,8,ENTRE RIOS
loc_5922,5922,YERUA,8,ENTRE RIOS
loc_5923,5923,YUQUERI,8,ENTRE RIOS
loc_5924,5924,ALDEA SAN JORGE,8,ENTRE RIOS
loc_5925,5925,BARON HIRSCH,8,ENTRE RIOS
loc_5926,5926,BELEZ,8,ENTRE RIOS
loc_5927,5927,BENITEZ,8,ENTRE RIOS
loc_5928,5928,CAMPO DE VILLAMIL,8,ENTRE RIOS
loc_5929,5929,CAMPO MORENO,8,ENTRE RIOS
loc_5930,5930,CLARA,8,ENTRE RIOS
loc_5931,5931,COLONIA ACHIRAS,8,ENTRE RIOS
loc_5932,5932,COLONIA ADIVINOS,8,ENTRE RIOS
loc_5933,5933,COLONIA BARON HIRSCH,8,ENTRE RIOS
loc_5934,5934,COLONIA BELEZ,8,ENTRE RIOS
loc_5935,5935,COLONIA BERRO,8,ENTRE RIOS
loc_5936,5936,COLONIA CARLOS CALVO,8,ENTRE RIOS
loc_5937,5937,COLONIA CARMEL,8,ENTRE RIOS
loc_5938,5938,COLONIA EGIDO,8,ENTRE RIOS
loc_5939,5939,COLONIA ESPINDOLA,8,ENTRE RIOS
loc_5940,5940,COLONIA FEIMBERG,8,ENTRE RIOS
loc_5941,5941,COLONIA GUIBURG,8,ENTRE RIOS
loc_5942,5942,COLONIA HEBREA,8,ENTRE RIOS
loc_5943,5943,COLONIA IDA,8,ENTRE RIOS
loc_5944,5944,COLONIA LA ARMONIA,8,ENTRE RIOS
loc_5945,5945,COLONIA LA BLANQUITA,8,ENTRE RIOS
loc_5946,5946,COLONIA LA ESPERANZA,8,ENTRE RIOS
loc_5947,5947,COLONIA LA MORA,8,ENTRE RIOS
loc_5948,5948,COLONIA LA MORENITA,8,ENTRE RIOS
loc_5949,5949,COLONIA LA PAMPA,8,ENTRE RIOS
loc_5950,5950,COLONIA LA ROSADA,8,ENTRE RIOS
loc_5951,5951,COLONIA LOPEZ,8,ENTRE RIOS
loc_5952,5952,COLONIA MIGUEL,8,ENTRE RIOS
loc_5953,5953,COLONIA NUEVA ALEMANIA,8,ENTRE RIOS
loc_5954,5954,COLONIA PERLIZA,8,ENTRE RIOS
loc_5955,5955,COLONIA SAN JORGE,8,ENTRE RIOS
loc_5956,5956,COLONIA SAN MANUEL,8,ENTRE RIOS
loc_5957,5957,COLONIA SANDOVAL,8,ENTRE RIOS
loc_5958,5958,COLONIA SONENFELD,8,ENTRE RIOS
loc_5959,5959,COLONIA VELEZ,8,ENTRE RIOS
loc_5960,5960,COLONIA VILLAGUAYCITO,8,ENTRE RIOS
loc_5961,5961,COSTA DEL PAYTICU,8,ENTRE RIOS
loc_5962,5962,CURUPI,8,ENTRE RIOS
loc_5963,5963,DESPARRAMADOS,8,ENTRE RIOS
loc_5964,5964,EBEN HOROSCHA,8,ENTRE RIOS
loc_5965,5965,EL AVESTRUZ,8,ENTRE RIOS
loc_5966,5966,EMPALME NEILD,8,ENTRE RIOS
loc_5967,5967,ESTACION RAICES,8,ENTRE RIOS
loc_5968,5968,ING MIGUEL SAJAROFF,8,ENTRE RIOS
loc_5969,5969,JUBILEO,8,ENTRE RIOS
loc_5970,5970,KILOMETRO 160,8,ENTRE RIOS
loc_5971,5971,KILOMETRO 279,8,ENTRE RIOS
loc_5972,5972,KILOMETRO 284,8,ENTRE RIOS
loc_5973,5973,KILOMETRO 285,8,ENTRE RIOS
loc_5974,5974,KILOMETRO 288,8,ENTRE RIOS
loc_5975,5975,KILOMETRO 306,8,ENTRE RIOS
loc_5976,5976,KILOMETRO 325,8,ENTRE RIOS
loc_5977,5977,LA ESTRELLA,8,ENTRE RIOS
loc_5978,5978,LA JOYA,8,ENTRE RIOS
loc_5979,5979,LA PAMPA,8,ENTRE RIOS
loc_5980,5980,LAGUNA LARGA,8,ENTRE RIOS
loc_5981,5981,LAS PAJITAS,8,ENTRE RIOS
loc_5982,5982,LOS OMBUES,8,ENTRE RIOS
loc_5983,5983,LUCAS NORTE,8,ENTRE RIOS
loc_5984,5984,LUCAS SUR 1RA SECCION,8,ENTRE RIOS
loc_5985,5985,LUCAS SUR 2DA SECCION,8,ENTRE RIOS
loc_5986,5986,MAURICIO RIBOLE,8,ENTRE RIOS
loc_5987,5987,MIGUEL J PERLIZA,8,ENTRE RIOS
loc_5988,5988,MOJONES NORTE,8,ENTRE RIOS
loc_5989,5989,MOJONES SUR PRIMERO,8,ENTRE RIOS
loc_5990,5990,MOJONES SUR SEGUNDO,8,ENTRE RIOS
loc_5991,5991,PARAJE GUAYABO,8,ENTRE RIOS
loc_5992,5992,PASO DE LA LAGUNA,8,ENTRE RIOS
loc_5993,5993,PASO DE LA LEGUA,8,ENTRE RIOS
loc_5994,5994,PUEBLO DOMINGUEZ,8,ENTRE RIOS
loc_5995,5995,PUENTE DE LUCAS,8,ENTRE RIOS
loc_5996,5996,RACHEL,8,ENTRE RIOS
loc_5997,5997,RAICES OESTE,8,ENTRE RIOS
loc_5998,5998,RINCON DE MOJONES,8,ENTRE RIOS
loc_5999,5999,RINCON LUCAS NORTE,8,ENTRE RIOS
loc_6000,6000,RINCON LUCAS SUD,8,ENTRE RIOS
loc_6001,6001,ROSPINA,8,ENTRE RIOS
loc_6002,6002,SAN VICENTE,8,ENTRE RIOS
loc_6003,6003,SPINDOLA,8,ENTRE RIOS
loc_6004,6004,VERGARA,8,ENTRE RIOS
loc_6005,6005,VILLA CLARA,8,ENTRE RIOS
loc_6006,6006,VILLA DOMINGUEZ,8,ENTRE RIOS
loc_6007,6007,VILLAGUAY,8,ENTRE RIOS
loc_6008,6008,VILLAGUAY ESTE,8,ENTRE RIOS
loc_6009,6009,VILLAGUAYCITO,8,ENTRE RIOS
loc_6010,6010,VIRANO,8,ENTRE RIOS
loc_6011,6011,ZENON ROCA,8,ENTRE RIOS
loc_6012,6012,AERO CLUB CANAL,8,ENTRE RIOS
loc_6013,6013,ALARCON,8,ENTRE RIOS
loc_6014,6014,ALDEA SAN ANTONIO,8,ENTRE RIOS
loc_6015,6015,ALDEA SAN JUAN,8,ENTRE RIOS
loc_6016,6016,ALDEA SANTA CELIA,8,ENTRE RIOS
loc_6017,6017,ARROYO BALTAZAR,8,ENTRE RIOS
loc_6018,6018,ARROYO BALTAZAR CHICO,8,ENTRE RIOS
loc_6019,6019,ARROYO BICHO FEO,8,ENTRE RIOS
loc_6020,6020,ARROYO BOCA FALSA,8,ENTRE RIOS
loc_6021,6021,ARROYO BRASILERO,1,BUENOS AIRES
loc_6022,6022,ARROYO BRAVO GUTIERREZ,8,ENTRE RIOS
loc_6023,6023,ARROYO BRAZO CHICO,8,ENTRE RIOS
loc_6024,6024,ARROYO BRAZO DE LA TINTA,8,ENTRE RIOS
loc_6025,6025,ARROYO BUEN PASTOR,8,ENTRE RIOS
loc_6026,6026,ARROYO CABALLO,8,ENTRE RIOS
loc_6027,6027,ARROYO CARBON,8,ENTRE RIOS
loc_6028,6028,ARROYO CARBONCITO,8,ENTRE RIOS
loc_6029,6029,ARROYO CARPINCHO,8,ENTRE RIOS
loc_6030,6030,ARROYO CEIBITO,8,ENTRE RIOS
loc_6031,6031,ARROYO CORRENTOSO,8,ENTRE RIOS
loc_6032,6032,ARROYO CUCHARAS,8,ENTRE RIOS
loc_6033,6033,ARROYO CUZCO,8,ENTRE RIOS
loc_6034,6034,ARROYO DE LA ROSA,8,ENTRE RIOS
loc_6035,6035,ARROYO DEL CURA,8,ENTRE RIOS
loc_6036,6036,ARROYO DESAGUAD DEL GUTIERREZ,8,ENTRE RIOS
loc_6037,6037,ARROYO DESAGUADERO DEL SAUCE,8,ENTRE RIOS
loc_6038,6038,ARROYO GARCETE,8,ENTRE RIOS
loc_6039,6039,ARROYO GUTIERREZ CHICO,8,ENTRE RIOS
loc_6040,6040,ARROYO IBICUYCITO,8,ENTRE RIOS
loc_6041,6041,ARROYO LA PACIENCIA,8,ENTRE RIOS
loc_6042,6042,ARROYO LA TINTA,8,ENTRE RIOS
loc_6043,6043,ARROYO LARA,8,ENTRE RIOS
loc_6044,6044,ARROYO LAS ANIMAS,8,ENTRE RIOS
loc_6045,6045,ARROYO LLORONES,8,ENTRE RIOS
loc_6046,6046,ARROYO LOS PLATOS,8,ENTRE RIOS
loc_6047,6047,ARROYO MALAMBO,8,ENTRE RIOS
loc_6048,6048,ARROYO MANZANO,8,ENTRE RIOS
loc_6049,6049,ARROYO MERLO,8,ENTRE RIOS
loc_6050,6050,ARROYO MOSQUITO,8,ENTRE RIOS
loc_6051,6051,ARROYO NEGRO,8,ENTRE RIOS
loc_6052,6052,ARROYO PACIENCIA CHICO,8,ENTRE RIOS
loc_6053,6053,ARROYO PACIENCIA GRANDE,8,ENTRE RIOS
loc_6054,6054,ARROYO PELADO,8,ENTRE RIOS
loc_6055,6055,ARROYO PERDIDO CEIBO,8,ENTRE RIOS
loc_6056,6056,ARROYO PERDIDO MOSQUITO,8,ENTRE RIOS
loc_6057,6057,ARROYO PEREYRA,8,ENTRE RIOS
loc_6058,6058,ARROYO PIEDRAS,8,ENTRE RIOS
loc_6059,6059,ARROYO PITO,8,ENTRE RIOS
loc_6060,6060,ARROYO PLATITOS,8,ENTRE RIOS
loc_6061,6061,ARROYO PRINCIPAL,8,ENTRE RIOS
loc_6062,6062,ARROYO SAGASTUME CHICO,8,ENTRE RIOS
loc_6063,6063,ARROYO SALADO,8,ENTRE RIOS
loc_6064,6064,ARROYO SANCHEZ CHICO,8,ENTRE RIOS
loc_6065,6065,ARROYO SANCHEZ GRANDE,8,ENTRE RIOS
loc_6066,6066,ARROYO SANTOS CHICO,8,ENTRE RIOS
loc_6067,6067,ARROYO SANTOS GRANDE,8,ENTRE RIOS
loc_6068,6068,ARROYO TIROLES,8,ENTRE RIOS
loc_6069,6069,ARROYO VENERATO,8,ENTRE RIOS
loc_6070,6070,ARROYO ZAPALLO,8,ENTRE RIOS
loc_6071,6071,BERISSO,8,ENTRE RIOS
loc_6072,6072,BERISSO DESVIO FCGU,8,ENTRE RIOS
loc_6073,6073,BRAZO LARGO,8,ENTRE RIOS
loc_6074,6074,BRITOS,8,ENTRE RIOS
loc_6075,6075,CANAL NUEVO,8,ENTRE RIOS
loc_6076,6076,CANAL PRINCIPAL,8,ENTRE RIOS
loc_6077,6077,CANAL SAN MARTIN,8,ENTRE RIOS
loc_6078,6078,CEIBAL,8,ENTRE RIOS
loc_6079,6079,COLONIA DELTA,8,ENTRE RIOS
loc_6080,6080,COLONIA EL POTRERO,8,ENTRE RIOS
loc_6081,6081,COLONIA GDOR BASAVILBASO,8,ENTRE RIOS
loc_6082,6082,COLONIA ITALIANA,8,ENTRE RIOS
loc_6083,6083,COLONIA STAUWER,8,ENTRE RIOS
loc_6084,6084,COOPERATIVA BRAZO LARGO,8,ENTRE RIOS
loc_6085,6085,COSTA SAN ANTONIO,8,ENTRE RIOS
loc_6086,6086,COSTA URUGUAY NORTE,8,ENTRE RIOS
loc_6087,6087,COSTA URUGUAY SUR,8,ENTRE RIOS
loc_6088,6088,CUATRO BOCAS PARAJE,8,ENTRE RIOS
loc_6089,6089,CUCHILLA REDONDA,8,ENTRE RIOS
loc_6091,6091,DOS HERMANAS,8,ENTRE RIOS
loc_6092,6092,EL NUEVO RINCON,8,ENTRE RIOS
loc_6093,6093,EL SARANDI,8,ENTRE RIOS
loc_6094,6094,EL SAUCE,8,ENTRE RIOS
loc_6095,6095,EMPALME HOLT,8,ENTRE RIOS
loc_6096,6096,ENRIQUE CARBO,8,ENTRE RIOS
loc_6098,6098,ESTABLECIMIENTO SAN MARTIN,8,ENTRE RIOS
loc_6099,6099,FAUSTINO M PARERA,8,ENTRE RIOS
loc_6100,6100,GENERAL ALMADA,8,ENTRE RIOS
loc_6101,6101,GILBERT,8,ENTRE RIOS
loc_6102,6102,GUALEGUAYCHU,8,ENTRE RIOS
loc_6103,6103,HOLT,8,ENTRE RIOS
loc_6104,6104,IRAZUSTA,8,ENTRE RIOS
loc_6105,6105,ISLA DEL IBICUY,8,ENTRE RIOS
loc_6106,6106,ISLA EL DORADO,8,ENTRE RIOS
loc_6107,6107,KILOMETRO 311,8,ENTRE RIOS
loc_6108,6108,KILOMETRO 340,8,ENTRE RIOS
loc_6109,6109,KILOMETRO 361,8,ENTRE RIOS
loc_6110,6110,KILOMETRO 389,8,ENTRE RIOS
loc_6111,6111,LA CALERA,8,ENTRE RIOS
loc_6112,6112,LA CAPILLA,8,ENTRE RIOS
loc_6113,6113,LA CHICA,8,ENTRE RIOS
loc_6114,6114,LA CHILENA CANAL,8,ENTRE RIOS
loc_6115,6115,LA COSTA,8,ENTRE RIOS
loc_6116,6116,LA CUADRA,8,ENTRE RIOS
loc_6117,6117,LA ESCONDIDA,8,ENTRE RIOS
loc_6118,6118,LA FLORIDA,8,ENTRE RIOS
loc_6119,6119,LA LATA,8,ENTRE RIOS
loc_6120,6120,LARROQUE,8,ENTRE RIOS
loc_6121,6121,LAS MASITAS,8,ENTRE RIOS
loc_6122,6122,LAS MERCEDES,8,ENTRE RIOS
loc_6123,6123,LOBOS ARROYO,8,ENTRE RIOS
loc_6124,6124,LOS AMIGOS,8,ENTRE RIOS
loc_6125,6125,LUCIENVILLE 1,8,ENTRE RIOS
loc_6126,6126,LUCIENVILLE 2,8,ENTRE RIOS
loc_6127,6127,LUCIENVILLE 3,8,ENTRE RIOS
loc_6128,6128,LUCIENVILLE 4,8,ENTRE RIOS
loc_6130,6130,PALAVECINO,8,ENTRE RIOS
loc_6131,6131,PARAJE PALAVEROI,8,ENTRE RIOS
loc_6132,6132,PARANA BRAVO,8,ENTRE RIOS
loc_6133,6133,PASAJE TALAVERA,8,ENTRE RIOS
loc_6134,6134,PASO DEL CISNERO,8,ENTRE RIOS
loc_6135,6135,PASTOR BRITOS,8,ENTRE RIOS
loc_6136,6136,PEHUAJO NORTE,8,ENTRE RIOS
loc_6137,6137,PEHUAJO SUD,8,ENTRE RIOS
loc_6138,6138,PERDICES,8,ENTRE RIOS
loc_6139,6139,PESQUERIA DIAMANTINO,8,ENTRE RIOS
loc_6140,6140,PUEBLO GENERAL BELGRANO,8,ENTRE RIOS
loc_6141,6141,PUEBLO NUEVO,8,ENTRE RIOS
loc_6142,6142,PUENTE PARANACITO,8,ENTRE RIOS
loc_6143,6143,PUERTO PERAZZO,8,ENTRE RIOS
loc_6144,6144,PUERTO SAN JUAN,8,ENTRE RIOS
loc_6145,6145,PUERTO UNZUE,8,ENTRE RIOS
loc_6146,6146,RINCON DEL CINTO,8,ENTRE RIOS
loc_6147,6147,RINCON DEL GATO,8,ENTRE RIOS
loc_6148,6148,RIO AGUILA,8,ENTRE RIOS
loc_6149,6149,RIO ALFEREZ NELSON PAGE,8,ENTRE RIOS
loc_6150,6150,RIO CEIBO,8,ENTRE RIOS
loc_6151,6151,RIO PARANA GUAZU,8,ENTRE RIOS
loc_6152,6152,RIO PARANACITO,8,ENTRE RIOS
loc_6153,6153,RIO PASAJE AL AGUILA,8,ENTRE RIOS
loc_6154,6154,RIO SAUCE,8,ENTRE RIOS
loc_6155,6155,RIO TALAVERA,8,ENTRE RIOS
loc_6156,6156,SAGASTUME,8,ENTRE RIOS
loc_6157,6157,SAN ANTONIO,8,ENTRE RIOS
loc_6158,6158,SARANDI,8,ENTRE RIOS
loc_6159,6159,SAUCE RIO,8,ENTRE RIOS
loc_6160,6160,TALITAS GUALEGUAYCHU,8,ENTRE RIOS
loc_6161,6161,TRES ESQUINAS,8,ENTRE RIOS
loc_6162,6162,URDINARRAIN,8,ENTRE RIOS
loc_6163,6163,VILLA ANTONY,8,ENTRE RIOS
loc_6164,6164,VILLA DEL CERRO,8,ENTRE RIOS
loc_6165,6165,VILLA ELEONORA,8,ENTRE RIOS
loc_6166,6166,VILLA FAUSTINO M PARERA,8,ENTRE RIOS
loc_6167,6167,VILLA LILA,8,ENTRE RIOS
loc_6168,6168,VILLA ROMERO,8,ENTRE RIOS
loc_6169,6169,ZANJA LA CHILENA,8,ENTRE RIOS
loc_6170,6170,ZONA DELTA GUALEGUAYCHU,8,ENTRE RIOS
loc_6171,6171,ALBARDON,8,ENTRE RIOS
loc_6172,6172,ALDEA ASUNCION,8,ENTRE RIOS
loc_6173,6173,BOCA GUALEGUAY,8,ENTRE RIOS
loc_6174,6174,BUENA VISTA PARAJE,8,ENTRE RIOS
loc_6175,6175,CHACRAS,8,ENTRE RIOS
loc_6176,6176,COSTA DEL NOGOYA,8,ENTRE RIOS
loc_6177,6177,CUATRO BOCAS,8,ENTRE RIOS
loc_6178,6178,CUATRO MANOS,8,ENTRE RIOS
loc_6179,6179,CUCHILLA,8,ENTRE RIOS
loc_6180,6180,EL GUALEGUAY,8,ENTRE RIOS
loc_6181,6181,EL REMANCE,8,ENTRE RIOS
loc_6182,6182,GENERAL GALARZA,8,ENTRE RIOS
loc_6183,6183,GONZALEZ CALDERON,8,ENTRE RIOS
loc_6184,6184,GUALEGUAY,8,ENTRE RIOS
loc_6185,6185,GUALEYAN,8,ENTRE RIOS
loc_6186,6186,HOJAS ANCHAS,8,ENTRE RIOS
loc_6187,6187,ISLAS DE LAS LECHIGUANAS,8,ENTRE RIOS
loc_6188,6188,KILOMETRO 290,8,ENTRE RIOS
loc_6189,6189,KILOMETRO 303,8,ENTRE RIOS
loc_6190,6190,KILOMETRO 306,8,ENTRE RIOS
loc_6191,6191,LAMBARE,8,ENTRE RIOS
loc_6192,6192,LAS BATEAS,8,ENTRE RIOS
loc_6193,6193,LAS COLAS,8,ENTRE RIOS
loc_6194,6194,LAZO,8,ENTRE RIOS
loc_6195,6195,MONTE REDONDO,8,ENTRE RIOS
loc_6196,6196,PRIMER DISTRITO,8,ENTRE RIOS
loc_6197,6197,PUENTE PELLEGRINI,8,ENTRE RIOS
loc_6198,6198,PUERTA DE CRESPO,8,ENTRE RIOS
loc_6199,6199,PUERTO BARRILES,8,ENTRE RIOS
loc_6200,6200,PUERTO RUIZ,8,ENTRE RIOS
loc_6201,6201,PUNTA DEL MONTE,8,ENTRE RIOS
loc_6202,6202,QUINTO DISTRITO,8,ENTRE RIOS
loc_6203,6203,RINCON DEL NOGOYA SUR,8,ENTRE RIOS
loc_6204,6204,SALADERO ALZUA,8,ENTRE RIOS
loc_6205,6205,SALADERO SAN JOSE,8,ENTRE RIOS
loc_6206,6206,SAN JULIAN,8,ENTRE RIOS
loc_6207,6207,SANTA MARTA,8,ENTRE RIOS
loc_6208,6208,SEPTIMO DISTRITO,8,ENTRE RIOS
loc_6209,6209,SEXTO DISTRITO,8,ENTRE RIOS
loc_6210,6210,TRES BOCAS,8,ENTRE RIOS
loc_6211,6211,ALDEA BRASILERA,8,ENTRE RIOS
loc_6212,6212,ALDEA PROTESTANTE,8,ENTRE RIOS
loc_6213,6213,ALDEA SALTO,8,ENTRE RIOS
loc_6214,6214,ALDEA SAN FRANCISCO,8,ENTRE RIOS
loc_6215,6215,ALDEA SANTAFECINA,8,ENTRE RIOS
loc_6216,6216,ALDEA SPATZENKUTTER,8,ENTRE RIOS
loc_6217,6217,ALDEA VALLE MARIA,8,ENTRE RIOS
loc_6218,6218,CAMPO RIQUELME,8,ENTRE RIOS
loc_6219,6219,CAMPS,8,ENTRE RIOS
loc_6220,6220,CARRIZAL,8,ENTRE RIOS
loc_6221,6221,COLEGIO ADVENTISTA DEL PLATA,8,ENTRE RIOS
loc_6222,6222,COLONIA ENSAYO,8,ENTRE RIOS
loc_6223,6223,COLONIA GRAPSCHENTAL,8,ENTRE RIOS
loc_6224,6224,COLONIA PALMAR,8,ENTRE RIOS
loc_6225,6225,COLONIA RIVAS,8,ENTRE RIOS
loc_6226,6226,COSTA GRANDE,8,ENTRE RIOS
loc_6227,6227,COSTA GRANDE DOLL,8,ENTRE RIOS
loc_6228,6228,DIAMANTE,8,ENTRE RIOS
loc_6229,6229,DOCTOR GARCIA,8,ENTRE RIOS
loc_6230,6230,EJIDO DIAMANTE,8,ENTRE RIOS
loc_6231,6231,ESCUELA ALBERDI,8,ENTRE RIOS
loc_6232,6232,ESTABLECIMIENTO EL CARMEN,8,ENTRE RIOS
loc_6233,6233,ESTABLECIMIENTO LA ESPERANZA,8,ENTRE RIOS
loc_6234,6234,ESTABLECIMIENTO LAS MARGARITAS,8,ENTRE RIOS
loc_6235,6235,ESTACION GENERAL RACEDO,8,ENTRE RIOS
loc_6236,6236,GENERAL ALVEAR,8,ENTRE RIOS
loc_6237,6237,GENERAL RAMIREZ,8,ENTRE RIOS
loc_6238,6238,ISLETAS,8,ENTRE RIOS
loc_6239,6239,ISLETAS NORTE,8,ENTRE RIOS
loc_6240,6240,KILOMETRO 43,8,ENTRE RIOS
loc_6241,6241,LAS CUEVAS,8,ENTRE RIOS
loc_6242,6242,LIBERTADOR SAN MARTIN,8,ENTRE RIOS
loc_6243,6243,LOS BURGOS APEADERO FCGU,8,ENTRE RIOS
loc_6244,6244,MOLINO DOLL,8,ENTRE RIOS
loc_6245,6245,PAJA BRAVA,8,ENTRE RIOS
loc_6246,6246,PUENTE DE LAS PENCAS,8,ENTRE RIOS
loc_6247,6247,PUENTE DEL DOLL,8,ENTRE RIOS
loc_6248,6248,PUERTO DIAMANTE,8,ENTRE RIOS
loc_6249,6249,PUERTO LAS CUEVAS,8,ENTRE RIOS
loc_6250,6250,RACEDO,8,ENTRE RIOS
loc_6251,6251,RIVAS,8,ENTRE RIOS
loc_6252,6252,SAN FRANCISCO,8,ENTRE RIOS
loc_6253,6253,SANATORIO ADVENTISTA DEL PLATA,8,ENTRE RIOS
loc_6254,6254,SANATORIO APEADERO FCGU,8,ENTRE RIOS
loc_6255,6255,STROBEL,8,ENTRE RIOS
loc_6256,6256,VILLA AIDA,8,ENTRE RIOS
loc_6257,6257,VILLA LIBERTADOR SAN MARTIN,8,ENTRE RIOS
loc_6258,6258,ARROYO GRANDE,8,ENTRE RIOS
loc_6259,6259,COLONIA BAYLINA,8,ENTRE RIOS
loc_6260,6260,COLONIA OFICIAL N 5,8,ENTRE RIOS
loc_6261,6261,COLONIA SAN ERNESTO,8,ENTRE RIOS
loc_6262,6262,GENERAL CAMPOS,8,ENTRE RIOS
loc_6263,6263,LAS COLONIAS,8,ENTRE RIOS
loc_6264,6264,SAN SALVADOR,8,ENTRE RIOS
loc_6265,6265,WALTER MOSS,8,ENTRE RIOS
loc_6266,6266,ALCETE,8,ENTRE RIOS
loc_6267,6267,ALDEA CHALECO,8,ENTRE RIOS
loc_6268,6268,ALDEA CUESTA,8,ENTRE RIOS
loc_6269,6269,ALDEA EIGENFELD,8,ENTRE RIOS
loc_6270,6270,ALDEA MARIA LUISA,8,ENTRE RIOS
loc_6271,6271,ALDEA SAN ANTONIO,8,ENTRE RIOS
loc_6272,6272,ALDEA SAN JOSE,8,ENTRE RIOS
loc_6273,6273,ALDEA SAN RAFAEL,8,ENTRE RIOS
loc_6275,6275,ALDEA SANTA ROSA,8,ENTRE RIOS
loc_6276,6276,ALMACEN CRISTIAN SCHUBERT,8,ENTRE RIOS
loc_6277,6277,ANTONIO TOMAS,8,ENTRE RIOS
loc_6278,6278,ANTONIO TOMAS SUD,8,ENTRE RIOS
loc_6279,6279,ARROYO BURGOS,8,ENTRE RIOS
loc_6280,6280,ARROYO CORRALITO,8,ENTRE RIOS
loc_6281,6281,ARROYO LAS TUNAS,8,ENTRE RIOS
loc_6282,6282,ARROYO MARIA,8,ENTRE RIOS
loc_6283,6283,ARROYO MATURRANGO,8,ENTRE RIOS
loc_6284,6284,ARROYO PALO SECO,8,ENTRE RIOS
loc_6285,6285,ARROYO PANCHO,8,ENTRE RIOS
loc_6286,6286,AVENIDA EJERCITO PARANA,8,ENTRE RIOS
loc_6287,6287,BAJADA GRANDE,8,ENTRE RIOS
loc_6289,6289,BARRANCAS COLORADAS,8,ENTRE RIOS
loc_6290,6290,BOCA DEL TIGRE APEADERO FCGU,8,ENTRE RIOS
loc_6291,6291,CAMINO A DIAMANTE KM 1,8,ENTRE RIOS
loc_6292,6292,CAÑADA GRANDE,8,ENTRE RIOS
loc_6293,6293,CENTRO COMUNITARIO CNIA NUE,8,ENTRE RIOS
loc_6294,6294,CERRITO,8,ENTRE RIOS
loc_6296,6296,COLONIA AVELLANEDA,8,ENTRE RIOS
loc_6297,6297,COLONIA CELINA,8,ENTRE RIOS
loc_6298,6298,COLONIA CENTENARIO,8,ENTRE RIOS
loc_6299,6299,COLONIA CRESPO,8,ENTRE RIOS
loc_6300,6300,COLONIA HERNANDARIAS,8,ENTRE RIOS
loc_6301,6301,COLONIA HIGUERA,8,ENTRE RIOS
loc_6302,6302,COLONIA LA GAMA,8,ENTRE RIOS
loc_6303,6303,COLONIA MARIA LUISA,8,ENTRE RIOS
loc_6304,6304,COLONIA MEROU,8,ENTRE RIOS
loc_6305,6305,COLONIA NUEVA,8,ENTRE RIOS
loc_6306,6306,COLONIA OFICIAL N 4,8,ENTRE RIOS
loc_6307,6307,COLONIA REFFINO,8,ENTRE RIOS
loc_6308,6308,COLONIA RIVADAVIA,8,ENTRE RIOS
loc_6309,6309,COLONIA SAN JUAN,8,ENTRE RIOS
loc_6310,6310,COLONIA SAN MARTIN,8,ENTRE RIOS
loc_6311,6311,COLONIA SANTA LUISA,8,ENTRE RIOS
loc_6312,6312,CORRALES NUEVOS,8,ENTRE RIOS
loc_6313,6313,CRESPO,8,ENTRE RIOS
loc_6314,6314,CRESPO NORTE,8,ENTRE RIOS
loc_6315,6315,CURTIEMBRE,8,ENTRE RIOS
loc_6316,6316,DESTACAMENTO GENERAL GUEMES,8,ENTRE RIOS
loc_6317,6317,DISTRITO ESPINILLO,8,ENTRE RIOS
loc_6318,6318,DISTRITO TALA,8,ENTRE RIOS
loc_6319,6319,EL PALENQUE,8,ENTRE RIOS
loc_6320,6320,EL PINGO,8,ENTRE RIOS
loc_6321,6321,EL RAMBLON,8,ENTRE RIOS
loc_6322,6322,ESPINILLO NORTE,8,ENTRE RIOS
loc_6323,6323,ESTABLECIMIENTO EL CIMARRON,8,ENTRE RIOS
loc_6324,6324,ESTABLECIMIENTO EL TALA,8,ENTRE RIOS
loc_6325,6325,ESTANCIA LA GAMA,8,ENTRE RIOS
loc_6326,6326,GENERAL RACEDO,8,ENTRE RIOS
loc_6327,6327,HASENKAMP,8,ENTRE RIOS
loc_6328,6328,HERNANDARIAS,8,ENTRE RIOS
loc_6329,6329,ISLA LYNCH,8,ENTRE RIOS
loc_6330,6330,KILOMETRO 116,8,ENTRE RIOS
loc_6331,6331,KILOMETRO 131,8,ENTRE RIOS
loc_6332,6332,KILOMETRO 147,8,ENTRE RIOS
loc_6333,6333,KILOMETRO 28,8,ENTRE RIOS
loc_6334,6334,KILOMETRO 45,8,ENTRE RIOS
loc_6335,6335,LA BALSA,8,ENTRE RIOS
loc_6336,6336,LA BALSA PARANA,8,ENTRE RIOS
loc_6337,6337,LA COLMENA,8,ENTRE RIOS
loc_6338,6338,LA JULIANA,8,ENTRE RIOS
loc_6339,6339,LA PICADA,8,ENTRE RIOS
loc_6340,6340,LA PICADA NORTE,8,ENTRE RIOS
loc_6341,6341,LA VIRGINIA,8,ENTRE RIOS
loc_6342,6342,LAS GARZAS,8,ENTRE RIOS
loc_6343,6343,LAS TUNAS,8,ENTRE RIOS
loc_6344,6344,LOS NARANJOS,8,ENTRE RIOS
loc_6345,6345,MARIA GRANDE,8,ENTRE RIOS
loc_6346,6346,MARIA GRANDE PRIMERA,8,ENTRE RIOS
loc_6347,6347,MARIA GRANDE SEGUNDA,8,ENTRE RIOS
loc_6348,6348,MORENO,8,ENTRE RIOS
loc_6349,6349,ORO VERDE,8,ENTRE RIOS
loc_6350,6350,PARACAO,8,ENTRE RIOS
loc_6351,6351,PARANA,8,ENTRE RIOS
loc_6352,6352,PASO DE LA ARENA,8,ENTRE RIOS
loc_6353,6353,PASO DE LA BALZA,8,ENTRE RIOS
loc_6354,6354,PASO DE LAS PIEDRAS,8,ENTRE RIOS
loc_6355,6355,PUEBLO BELLOCQ,8,ENTRE RIOS
loc_6356,6356,PUEBLO BRUGO,8,ENTRE RIOS
loc_6357,6357,PUEBLO GENERAL PAZ,8,ENTRE RIOS
loc_6358,6358,PUEBLO MORENO,8,ENTRE RIOS
loc_6359,6359,PUENTE CARMONA,8,ENTRE RIOS
loc_6361,6361,PUERTO CURTIEMBRE,8,ENTRE RIOS
loc_6362,6362,PUERTO VIBORAS,8,ENTRE RIOS
loc_6363,6363,PUERTO VIEJO,8,ENTRE RIOS
loc_6364,6364,PUERTO VILLARRUEL,8,ENTRE RIOS
loc_6365,6365,QUEBRACHO,8,ENTRE RIOS
loc_6366,6366,QUINTAS AL SUD,8,ENTRE RIOS
loc_6367,6367,RAMBLON,8,ENTRE RIOS
loc_6368,6368,RAMON A PARERA,8,ENTRE RIOS
loc_6369,6369,RUTA 138 KILOMETRO 1,8,ENTRE RIOS
loc_6370,6370,SAN BENITO,8,ENTRE RIOS
loc_6371,6371,SAN MARTIN,8,ENTRE RIOS
loc_6372,6372,SANTA LUISA,8,ENTRE RIOS
loc_6373,6373,SANTA SARA,8,ENTRE RIOS
loc_6374,6374,SAUCE MONTRULL,8,ENTRE RIOS
loc_6375,6375,SAUCE PINTO,8,ENTRE RIOS
loc_6376,6376,SEGUI,8,ENTRE RIOS
loc_6377,6377,SOLA,8,ENTRE RIOS
loc_6378,6378,SOSA,8,ENTRE RIOS
loc_6379,6379,TABOSSI,8,ENTRE RIOS
loc_6380,6380,TALITAS,8,ENTRE RIOS
loc_6381,6381,TEZANOS PINTO,8,ENTRE RIOS
loc_6382,6382,TIRO FEDERAL,8,ENTRE RIOS
loc_6383,6383,TRES LAGUNAS,8,ENTRE RIOS
loc_6384,6384,VIALE,8,ENTRE RIOS
loc_6385,6385,VILLA FONTANA,8,ENTRE RIOS
loc_6386,6386,VILLA GOB LUIS ETCHEVEHERE,8,ENTRE RIOS
loc_6387,6387,VILLA HERNANDARIAS,8,ENTRE RIOS
loc_6388,6388,VILLA SARMIENTO,8,ENTRE RIOS
loc_6389,6389,VILLA URANGA,8,ENTRE RIOS
loc_6390,6390,VILLA URQUIZA,8,ENTRE RIOS
loc_6391,6391,ALCARACITO,8,ENTRE RIOS
loc_6392,6392,ALCARAZ 1RO,8,ENTRE RIOS
loc_6393,6393,ALCARAZ 2DO,8,ENTRE RIOS
loc_6394,6394,ALCARAZ NORTE,8,ENTRE RIOS
loc_6395,6395,ALCARAZ SUD,8,ENTRE RIOS
loc_6396,6396,ARROYO CEIBO,8,ENTRE RIOS
loc_6397,6397,ARROYO HONDO,8,ENTRE RIOS
loc_6399,6399,BONALDI,8,ENTRE RIOS
loc_6400,6400,BOVRIL,8,ENTRE RIOS
loc_6401,6401,CALANDRIA,8,ENTRE RIOS
loc_6402,6402,CENTENARIO LA PAZ,8,ENTRE RIOS
loc_6403,6403,CENTENARIO PARANA,8,ENTRE RIOS
loc_6404,6404,COLONIA ALCARCITO,8,ENTRE RIOS
loc_6405,6405,COLONIA AVIGDOR,8,ENTRE RIOS
loc_6406,6406,COLONIA BERTOZZI,8,ENTRE RIOS
loc_6407,6407,COLONIA BUENA VISTA,8,ENTRE RIOS
loc_6408,6408,COLONIA CARRASCO,8,ENTRE RIOS
loc_6409,6409,COLONIA FONTANINI,8,ENTRE RIOS
loc_6410,6410,COLONIA LA DELIA,8,ENTRE RIOS
loc_6411,6411,COLONIA LA PROVIDENCIA,8,ENTRE RIOS
loc_6412,6412,COLONIA LAS GAMAS,8,ENTRE RIOS
loc_6413,6413,COLONIA MAXIMO CASTRO,8,ENTRE RIOS
loc_6414,6414,COLONIA OFICIAL N 11,8,ENTRE RIOS
loc_6415,6415,COLONIA OFICIAL N 13,8,ENTRE RIOS
loc_6416,6416,COLONIA OFICIAL N 14,8,ENTRE RIOS
loc_6417,6417,COLONIA OFICIAL N 3,8,ENTRE RIOS
loc_6418,6418,COLONIA OUGRIE,8,ENTRE RIOS
loc_6419,6419,COLONIA VIRARO,8,ENTRE RIOS
loc_6420,6420,CURUZU CHALI,8,ENTRE RIOS
loc_6421,6421,DON GONZALO,8,ENTRE RIOS
loc_6422,6422,EJIDO SUD,8,ENTRE RIOS
loc_6423,6423,EL CARMEN,8,ENTRE RIOS
loc_6424,6424,EL COLORADO,8,ENTRE RIOS
loc_6425,6425,EL CORCOVADO,8,ENTRE RIOS
loc_6426,6426,EL DIECISIETE,8,ENTRE RIOS
loc_6427,6427,EL GAUCHO,8,ENTRE RIOS
loc_6428,6428,EL QUEBRACHO,8,ENTRE RIOS
loc_6429,6429,EL ROSARIO,8,ENTRE RIOS
loc_6430,6430,EL SOLAR,8,ENTRE RIOS
loc_6431,6431,ESTACAS,8,ENTRE RIOS
loc_6432,6432,ESTACION ALCARAZ,8,ENTRE RIOS
loc_6433,6433,ESTANCIA SAN JUAN,8,ENTRE RIOS
loc_6434,6434,ESTAQUITAS,8,ENTRE RIOS
loc_6435,6435,FLORESTA,8,ENTRE RIOS
loc_6436,6436,GONZALEZ,8,ENTRE RIOS
loc_6437,6437,ISLA CURUZU CHALI,8,ENTRE RIOS
loc_6438,6438,ISLA LA PAZ,8,ENTRE RIOS
loc_6439,6439,ISLAS ALCARAZ,8,ENTRE RIOS
loc_6440,6440,LA DILIGENCIA,8,ENTRE RIOS
loc_6441,6441,LA PAZ,8,ENTRE RIOS
loc_6442,6442,LAS LAGUNAS,8,ENTRE RIOS
loc_6443,6443,LAS TOSCAS,8,ENTRE RIOS
loc_6444,6444,MARTINETTI,8,ENTRE RIOS
loc_6445,6445,MIRA MONTE,8,ENTRE RIOS
loc_6446,6446,MONTIEL,8,ENTRE RIOS
loc_6447,6447,OMBU,8,ENTRE RIOS
loc_6448,6448,PASO GARIBALDI,8,ENTRE RIOS
loc_6449,6449,PASO MEDINA,8,ENTRE RIOS
loc_6450,6450,PASO POTRILLO,8,ENTRE RIOS
loc_6451,6451,PASO PUERTO AUGUSTO,8,ENTRE RIOS
loc_6452,6452,PASO TELEGRAFO,8,ENTRE RIOS
loc_6453,6453,PICADA BERON,8,ENTRE RIOS
loc_6454,6454,PIEDRAS BLANCAS,8,ENTRE RIOS
loc_6455,6455,PILOTO AVILA,8,ENTRE RIOS
loc_6456,6456,PRIMER CONGRESO,8,ENTRE RIOS
loc_6457,6457,PUEBLO ARRUA EST ALCARAZ,8,ENTRE RIOS
loc_6458,6458,PUEBLO ELLISON,8,ENTRE RIOS
loc_6459,6459,PUERTO ALGARROBO,8,ENTRE RIOS
loc_6460,6460,PUERTO CADENAS,8,ENTRE RIOS
loc_6461,6461,PUERTO LA ESMERALDA,8,ENTRE RIOS
loc_6462,6462,PUERTO MARQUEZ,8,ENTRE RIOS
loc_6463,6463,PUERTO YUNQUE,8,ENTRE RIOS
loc_6464,6464,SAN ANTONIO,8,ENTRE RIOS
loc_6465,6465,SAN GERONIMO,8,ENTRE RIOS
loc_6466,6466,SAN GUSTAVO,8,ENTRE RIOS
loc_6467,6467,SAN JUAN,8,ENTRE RIOS
loc_6468,6468,SAN RAMIREZ,8,ENTRE RIOS
loc_6469,6469,SANTA ELENA,8,ENTRE RIOS
loc_6470,6470,SANTA INES,8,ENTRE RIOS
loc_6471,6471,SANTA MARIA,8,ENTRE RIOS
loc_6472,6472,SARANDI CORA,8,ENTRE RIOS
loc_6473,6473,SIR LEONARD,8,ENTRE RIOS
loc_6474,6474,TACUARAS YACARE,8,ENTRE RIOS
loc_6475,6475,VILLA BOREILO,8,ENTRE RIOS
loc_6476,6476,VIZCACHERA,8,ENTRE RIOS
loc_6477,6477,YACARE,8,ENTRE RIOS
loc_6478,6478,YESO,8,ENTRE RIOS
loc_6479,6479,YESO OESTE,8,ENTRE RIOS
loc_6480,6480,ARROYO DEL MEDIO,8,ENTRE RIOS
loc_6481,6481,BANDERAS,8,ENTRE RIOS
loc_6482,6482,CARPINCHORIS,8,ENTRE RIOS
loc_6484,6484,COLONIA FALCO,8,ENTRE RIOS
loc_6485,6485,COLONIA LA MARTA,8,ENTRE RIOS
loc_6486,6486,COLONIA SAN LORENZO,8,ENTRE RIOS
loc_6487,6487,CONSCRIPTO BERNARDI,8,ENTRE RIOS
loc_6488,6488,DIEGO LOPEZ,8,ENTRE RIOS
loc_6489,6489,EL CIMARRON,8,ENTRE RIOS
loc_6490,6490,EL GATO,8,ENTRE RIOS
loc_6491,6491,EL GRAMIYAL,8,ENTRE RIOS
loc_6492,6492,EL PAGO APEADERO FCGU,8,ENTRE RIOS
loc_6493,6493,FEDERAL,8,ENTRE RIOS
loc_6494,6494,LA ENCIERRA,8,ENTRE RIOS
loc_6495,6495,LAS ACHIRAS,8,ENTRE RIOS
loc_6496,6496,LOMA LIMPIA,8,ENTRE RIOS
loc_6497,6497,NUEVA VIZCAYA,8,ENTRE RIOS
loc_6498,6498,PASO DUARTE,8,ENTRE RIOS
loc_6499,6499,SANTA LUCIA,8,ENTRE RIOS
loc_6500,6500,SAUCE DE LUNA,8,ENTRE RIOS
loc_6501,6501,TTE PRIMERO BRIGIO CAINZO,8,ENTRE RIOS
loc_6502,6502,VILLA PERPER,8,ENTRE RIOS
loc_6503,6503,1 DE MAYO,8,ENTRE RIOS
loc_6504,6504,ACHIRAS,8,ENTRE RIOS
loc_6505,6505,ALBERTO GERCHUNOFF,8,ENTRE RIOS
loc_6506,6506,ARROYO MOLINO,8,ENTRE RIOS
loc_6507,6507,BALNEARIO PELAY,8,ENTRE RIOS
loc_6508,6508,BASAVILBASO,8,ENTRE RIOS
loc_6509,6509,CARAGUATA,8,ENTRE RIOS
loc_6510,6510,CASEROS,8,ENTRE RIOS
loc_6511,6511,CENTELLA,8,ENTRE RIOS
loc_6512,6512,COLONIA 1 DE MAYO,8,ENTRE RIOS
loc_6513,6513,COLONIA 5 ENSANCHE DE MAYO,8,ENTRE RIOS
loc_6514,6514,COLONIA ARROYO URQUIZA,8,ENTRE RIOS
loc_6515,6515,COLONIA BELGA AMERICANA,8,ENTRE RIOS
loc_6516,6516,COLONIA CARMELO,8,ENTRE RIOS
loc_6517,6517,COLONIA CRUCESITAS,8,ENTRE RIOS
loc_6518,6518,COLONIA CUPALEN,8,ENTRE RIOS
loc_6519,6519,COLONIA ELIA,8,ENTRE RIOS
loc_6520,6520,COLONIA ELISA,8,ENTRE RIOS
loc_6521,6521,COLONIA ENSANCHE MAYO,8,ENTRE RIOS
loc_6522,6522,COLONIA GRAL URQUIZA,8,ENTRE RIOS
loc_6523,6523,COLONIA LEVEN,8,ENTRE RIOS
loc_6524,6524,COLONIA LUCA,8,ENTRE RIOS
loc_6525,6525,COLONIA LUCIENVILLE,8,ENTRE RIOS
loc_6526,6526,COLONIA LUCRECIA,8,ENTRE RIOS
loc_6527,6527,COLONIA N 1,8,ENTRE RIOS
loc_6528,6528,COLONIA N 2,8,ENTRE RIOS
loc_6529,6529,COLONIA N 3,8,ENTRE RIOS
loc_6530,6530,COLONIA N 4,8,ENTRE RIOS
loc_6531,6531,COLONIA NUEVA MONTEVIDEO,8,ENTRE RIOS
loc_6532,6532,COLONIA OFICIAL N 6,8,ENTRE RIOS
loc_6533,6533,COLONIA PERFECCION,8,ENTRE RIOS
loc_6534,6534,COLONIA SAGASTUME,8,ENTRE RIOS
loc_6535,6535,COLONIA SAN ANTONIO,8,ENTRE RIOS
loc_6536,6536,COLONIA SAN CIPRIANO,8,ENTRE RIOS
loc_6537,6537,COLONIA SAN JORGE,8,ENTRE RIOS
loc_6538,6538,COLONIA SANTA ANA,8,ENTRE RIOS
loc_6539,6539,COLONIA SANTA TERESITA,8,ENTRE RIOS
loc_6540,6540,COLONIA TRES DE FEBRERO,8,ENTRE RIOS
loc_6541,6541,COLONIA UBAJAY,8,ENTRE RIOS
loc_6542,6542,CONCEPCION DEL URUGUAY,8,ENTRE RIOS
loc_6543,6543,CUPALEN,8,ENTRE RIOS
loc_6544,6544,EL POTRERO,8,ENTRE RIOS
loc_6545,6545,ESTACION URQUIZA,8,ENTRE RIOS
loc_6546,6546,ESTACION URUGUAY,8,ENTRE RIOS
loc_6547,6547,ESTANCIA BELLA VISTA,8,ENTRE RIOS
loc_6548,6548,ESTANCIA CNIA LA PRIMAVERA,8,ENTRE RIOS
loc_6549,6549,ESTANCIA CNIA SANTA ELENA,8,ENTRE RIOS
loc_6550,6550,ESTANCIA CNIA STA TERESA,8,ENTRE RIOS
loc_6551,6551,ESTANCIA COLONIA EL OMBU,8,ENTRE RIOS
loc_6552,6552,ESTANCIA COLONIA EL TOROPI,8,ENTRE RIOS
loc_6553,6553,ESTANCIA COLONIA LA TAPERA,8,ENTRE RIOS
loc_6554,6554,ESTANCIA COLONIA PERIBEBUY,8,ENTRE RIOS
loc_6555,6555,ESTANCIA COLONIA SAN PEDRO,8,ENTRE RIOS
loc_6556,6556,ESTANCIA COLONIA SANTA ELOISA,8,ENTRE RIOS
loc_6557,6557,ESTANCIA COLONIA SANTA JUANA,8,ENTRE RIOS
loc_6558,6558,ESTANCIA EL TOROPI,8,ENTRE RIOS
loc_6559,6559,ESTANCIA LOS VASCOS,8,ENTRE RIOS
loc_6560,6560,GENACITO,8,ENTRE RIOS
loc_6561,6561,GERIBEBUY,8,ENTRE RIOS
loc_6562,6562,GOBERNADOR URQUIZA,8,ENTRE RIOS
loc_6563,6563,GRUPO ACHIRAS,8,ENTRE RIOS
loc_6564,6564,GRUPO PARRERO,8,ENTRE RIOS
loc_6565,6565,HERRERA,8,ENTRE RIOS
loc_6566,6566,KILOMETRO 108,8,ENTRE RIOS
loc_6567,6567,KILOMETRO 112,8,ENTRE RIOS
loc_6568,6568,KILOMETRO 115,8,ENTRE RIOS
loc_6569,6569,KILOMETRO 208,8,ENTRE RIOS
loc_6570,6570,KILOMETRO 231,8,ENTRE RIOS
loc_6571,6571,KILOMETRO 242,8,ENTRE RIOS
loc_6572,6572,KILOMETRO 244,8,ENTRE RIOS
loc_6573,6573,KILOMETRO 253,8,ENTRE RIOS
loc_6574,6574,KILOMETRO 268,8,ENTRE RIOS
loc_6575,6575,KILOMETRO 270,8,ENTRE RIOS
loc_6576,6576,KILOMETRO 283,8,ENTRE RIOS
loc_6577,6577,KILOMETRO 293,8,ENTRE RIOS
loc_6578,6578,LA AMIGUITA,8,ENTRE RIOS
loc_6579,6579,LA BARRACA,8,ENTRE RIOS
loc_6580,6580,LA GOYA,8,ENTRE RIOS
loc_6581,6581,LA MARIA LUISA,8,ENTRE RIOS
loc_6582,6582,LA SESTEADA,8,ENTRE RIOS
loc_6583,6583,LA TIGRESA,8,ENTRE RIOS
loc_6584,6584,LA ZELMIRA,8,ENTRE RIOS
loc_6585,6585,LAS MERCEDES,8,ENTRE RIOS
loc_6586,6586,LAS MOSCAS,8,ENTRE RIOS
loc_6587,6587,LAS ROSAS,8,ENTRE RIOS
loc_6588,6588,LIBAROS,8,ENTRE RIOS
loc_6589,6589,LIEBIG,8,ENTRE RIOS
loc_6590,6590,LINEA 19,8,ENTRE RIOS
loc_6591,6591,LINEA 20,8,ENTRE RIOS
loc_6592,6592,LINEA 24,8,ENTRE RIOS
loc_6593,6593,LINEA 25,8,ENTRE RIOS
loc_6594,6594,LIONEL,8,ENTRE RIOS
loc_6595,6595,LOS CEIBOS,8,ENTRE RIOS
loc_6596,6596,MAC DOUGALL,8,ENTRE RIOS
loc_6597,6597,MANGRULLO,8,ENTRE RIOS
loc_6598,6598,NICOLAS HERRERA,8,ENTRE RIOS
loc_6599,6599,NOVIBUCO PRIMERO,8,ENTRE RIOS
loc_6600,6600,PALACIO SAN JOSE,8,ENTRE RIOS
loc_6601,6601,PASO DEL MOLINO,8,ENTRE RIOS
loc_6602,6602,PRONUNCIAMIENTO,8,ENTRE RIOS
loc_6603,6603,PUEBLO NUEVO,8,ENTRE RIOS
loc_6604,6604,PUERTO CAMPINCHUELO,8,ENTRE RIOS
loc_6605,6605,PUERTO VIEJO,8,ENTRE RIOS
loc_6606,6606,ROCAMORA,8,ENTRE RIOS
loc_6607,6607,SAGASTUME,8,ENTRE RIOS
loc_6608,6608,SAN CIPRIANO,8,ENTRE RIOS
loc_6609,6609,SAN JUSTO,8,ENTRE RIOS
loc_6610,6610,SAN MARTIN,8,ENTRE RIOS
loc_6611,6611,SANTA ANITA,8,ENTRE RIOS
loc_6612,6612,SANTA ROSA,8,ENTRE RIOS
loc_6613,6613,TALITA,8,ENTRE RIOS
loc_6614,6614,TOMAS ROCAMORA,8,ENTRE RIOS
loc_6615,6615,TRES ALDEAS,8,ENTRE RIOS
loc_6616,6616,VILLA MANTERO,8,ENTRE RIOS
loc_6617,6617,VILLA SAN JUSTO,8,ENTRE RIOS
loc_6618,6618,VILLA SAN MARCIAL,8,ENTRE RIOS
loc_6619,6619,VILLA SAN MIGUEL,8,ENTRE RIOS
loc_6620,6620,VILLA UDINE,8,ENTRE RIOS
loc_6622,6622,BELLA UNION PARAJE,8,ENTRE RIOS
loc_6623,6623,BIZCOCHO,8,ENTRE RIOS
loc_6624,6624,CABI MONDA,8,ENTRE RIOS
loc_6626,6626,CHAJARI,8,ENTRE RIOS
loc_6627,6627,CHAVIYU COLONIA FLORES,8,ENTRE RIOS
loc_6628,6628,CHAVIYU PARADA FCGU,8,ENTRE RIOS
loc_6629,6629,COLONIA ALEMANA,8,ENTRE RIOS
loc_6630,6630,COLONIA ARGENTINA,8,ENTRE RIOS
loc_6631,6631,COLONIA AYLMAN,8,ENTRE RIOS
loc_6632,6632,COLONIA BELGRANO,8,ENTRE RIOS
loc_6633,6633,COLONIA BIZCOCHO,8,ENTRE RIOS
loc_6634,6634,COLONIA DON BOSCO,8,ENTRE RIOS
loc_6635,6635,COLONIA ENSANCHE SAUCE,8,ENTRE RIOS
loc_6636,6636,COLONIA FLORES,8,ENTRE RIOS
loc_6637,6637,COLONIA FRAZER,8,ENTRE RIOS
loc_6638,6638,COLONIA FREITAS,8,ENTRE RIOS
loc_6639,6639,COLONIA GUALEGUAYCITO,8,ENTRE RIOS
loc_6640,6640,COLONIA LA ARGENTINA,8,ENTRE RIOS
loc_6641,6641,COLONIA LA GLORIA,8,ENTRE RIOS
loc_6642,6642,COLONIA LA MATILDE,8,ENTRE RIOS
loc_6643,6643,COLONIA LA PAZ,8,ENTRE RIOS
loc_6644,6644,COLONIA LAMARCA,8,ENTRE RIOS
loc_6645,6645,COLONIA OFICIAL N 1 LA FLORIDA,8,ENTRE RIOS
loc_6646,6646,COLONIA SAN RAMON,8,ENTRE RIOS
loc_6647,6647,COLONIA SANTA ELOISA,8,ENTRE RIOS
loc_6648,6648,COLONIA SANTA ELVIRA,8,ENTRE RIOS
loc_6649,6649,COLONIA SAUCE,8,ENTRE RIOS
loc_6650,6650,COLONIA TUNAS,8,ENTRE RIOS
loc_6651,6651,COLONIA VILLA LIBERTAD,8,ENTRE RIOS
loc_6652,6652,COOPERATIVA GRAL SAN MARTIN,8,ENTRE RIOS
loc_6653,6653,CUATRO BOCAS,8,ENTRE RIOS
loc_6654,6654,ESTACION SANTA ANA,8,ENTRE RIOS
loc_6655,6655,ESTANCIA LA FLORESTA,8,ENTRE RIOS
loc_6656,6656,ESTANCIA SALINAS,8,ENTRE RIOS
loc_6657,6657,ESTANCIA SAN JOSE,8,ENTRE RIOS
loc_6658,6658,FEDERACION,8,ENTRE RIOS
loc_6659,6659,FLORIDA,8,ENTRE RIOS
loc_6660,6660,FORTUNA,8,ENTRE RIOS
loc_6661,6661,FRONTERAS,8,ENTRE RIOS
loc_6662,6662,GUALEGUAYCITO,8,ENTRE RIOS
loc_6663,6663,GUAYAQUIL,8,ENTRE RIOS
loc_6664,6664,KILOMETRO 37,8,ENTRE RIOS
loc_6665,6665,KILOMETRO 44,8,ENTRE RIOS
loc_6666,6666,KILOMETRO 47,8,ENTRE RIOS
loc_6667,6667,KILOMETRO 51,8,ENTRE RIOS
loc_6668,6668,KILOMETRO 84,8,ENTRE RIOS
loc_6669,6669,LA ARGENTINA,8,ENTRE RIOS
loc_6670,6670,LA BLANQUEADA,8,ENTRE RIOS
loc_6671,6671,LA CALERA,8,ENTRE RIOS
loc_6672,6672,LA FRATERNIDAD Y SANTA JUANA,8,ENTRE RIOS
loc_6673,6673,LA SELVA,8,ENTRE RIOS
loc_6674,6674,LA SOLEDAD,8,ENTRE RIOS
loc_6675,6675,LAMARCA,8,ENTRE RIOS
loc_6676,6676,LAS CATORCE,8,ENTRE RIOS
loc_6678,6678,LOMAS BLANCAS,8,ENTRE RIOS
loc_6679,6679,LOS CONQUISTADORES,8,ENTRE RIOS
loc_6680,6680,LOS PARAISOS,8,ENTRE RIOS
loc_6681,6681,MANDISOVI,8,ENTRE RIOS
loc_6682,6682,MONTE CHICO,8,ENTRE RIOS
loc_6683,6683,MONTE VERDE,8,ENTRE RIOS
loc_6684,6684,PUERTO ALGARROBO,8,ENTRE RIOS
loc_6685,6685,SAN JAIME,8,ENTRE RIOS
loc_6686,6686,SAN JAIME DE LA FRONTERA,8,ENTRE RIOS
loc_6687,6687,SAN PEDRO,8,ENTRE RIOS
loc_6688,6688,SAN ROQUE,8,ENTRE RIOS
loc_6689,6689,SANTA ANA,8,ENTRE RIOS
loc_6690,6690,SARANDI,8,ENTRE RIOS
loc_6691,6691,SURST,8,ENTRE RIOS
loc_6692,6692,TATUTI,8,ENTRE RIOS
loc_6693,6693,VILLA DEL ROSARIO,8,ENTRE RIOS
loc_6694,6694,ALDEA SAN GREGORIO,8,ENTRE RIOS
loc_6695,6695,ARROYO BARU,8,ENTRE RIOS
loc_6696,6696,ARROYO CARABALLO,8,ENTRE RIOS
loc_6697,6697,ARROYO CONCEPCION,8,ENTRE RIOS
loc_6698,6698,ARROYO PALMAR,8,ENTRE RIOS
loc_6699,6699,ARROYO URQUIZA,8,ENTRE RIOS
loc_6700,6700,BERDUC,8,ENTRE RIOS
loc_6701,6701,CALERA,8,ENTRE RIOS
loc_6702,6702,CANTERA LA CONSTANCIA,8,ENTRE RIOS
loc_6704,6704,COLON,8,ENTRE RIOS
loc_6705,6705,COLONIA 1 DE MAYO,8,ENTRE RIOS
loc_6706,6706,COLONIA AMBIS,8,ENTRE RIOS
loc_6707,6707,COLONIA CARABALLO,8,ENTRE RIOS
loc_6708,6708,COLONIA EL CARMEN,8,ENTRE RIOS
loc_6709,6709,COLONIA ELISA,8,ENTRE RIOS
loc_6710,6710,COLONIA EMILIO GOUCHON,8,ENTRE RIOS
loc_6711,6711,COLONIA F SILLEN,8,ENTRE RIOS
loc_6712,6712,COLONIA HOCKER,8,ENTRE RIOS
loc_6713,6713,COLONIA HUGHES,8,ENTRE RIOS
loc_6714,6714,COLONIA LAS PEPAS,8,ENTRE RIOS
loc_6716,6716,COLONIA NUEVA NORTE,8,ENTRE RIOS
loc_6717,6717,COLONIA NUEVA SAN MIGUEL,8,ENTRE RIOS
loc_6719,6719,COLONIA PEREIRA,8,ENTRE RIOS
loc_6720,6720,COLONIA SAENZ VALIENTE,8,ENTRE RIOS
loc_6721,6721,COLONIA SAN ANTONIO,8,ENTRE RIOS
loc_6722,6722,COLONIA SAN FRANCISCO,8,ENTRE RIOS
loc_6723,6723,COLONIA SAN IGNACIO,8,ENTRE RIOS
loc_6724,6724,COLONIA SAN JOSE,8,ENTRE RIOS
loc_6725,6725,COLONIA SAN MIGUEL,8,ENTRE RIOS
loc_6726,6726,COLONIA SANTA ELENA,8,ENTRE RIOS
loc_6727,6727,COLONIA SANTA ROSA,8,ENTRE RIOS
loc_6728,6728,COLONIA VAZQUEZ,8,ENTRE RIOS
loc_6729,6729,EJIDO COLON,8,ENTRE RIOS
loc_6730,6730,EL BRILLANTE,8,ENTRE RIOS
loc_6731,6731,ENRIQUE BERDUC,8,ENTRE RIOS
loc_6732,6732,ESTABLECIMIENTO LA CALERA,8,ENTRE RIOS
loc_6733,6733,ESTABLECIMIENTO LOS MONIGOTES,8,ENTRE RIOS
loc_6734,6734,FABRICA COLON,8,ENTRE RIOS
loc_6735,6735,HAMBIS,8,ENTRE RIOS
loc_6736,6736,ISLA SAN JOSE,8,ENTRE RIOS
loc_6737,6737,JUAN JORGE,8,ENTRE RIOS
loc_6738,6738,KILOMETRO 114,8,ENTRE RIOS
loc_6739,6739,KILOMETRO 25,8,ENTRE RIOS
loc_6740,6740,KILOMETRO 305,8,ENTRE RIOS
loc_6741,6741,KILOMETRO 310,8,ENTRE RIOS
loc_6742,6742,KILOMETRO 311,8,ENTRE RIOS
loc_6743,6743,KILOMETRO 322,8,ENTRE RIOS
loc_6744,6744,KILOMETRO 324,8,ENTRE RIOS
loc_6745,6745,KILOMETRO 336,8,ENTRE RIOS
loc_6746,6746,KILOMETRO 337,8,ENTRE RIOS
loc_6747,6747,KILOMETRO 344,8,ENTRE RIOS
loc_6748,6748,KILOMETRO 353,8,ENTRE RIOS
loc_6749,6749,KILOMETRO 45,8,ENTRE RIOS
loc_6750,6750,KILOMETRO 49,8,ENTRE RIOS
loc_6751,6751,KILOMETRO 50,8,ENTRE RIOS
loc_6752,6752,KILOMETRO 56,8,ENTRE RIOS
loc_6753,6753,KILOMETRO 86,8,ENTRE RIOS
loc_6754,6754,KILOMETRO 88,8,ENTRE RIOS
loc_6755,6755,KILOMETRO 89,8,ENTRE RIOS
loc_6756,6756,KILOMETRO 99,8,ENTRE RIOS
loc_6757,6757,LA CARLOTA,8,ENTRE RIOS
loc_6758,6758,LA CLARITA,8,ENTRE RIOS
loc_6759,6759,LA S DIEZ CASAS,8,ENTRE RIOS
loc_6760,6760,LA SUIZA,8,ENTRE RIOS
loc_6761,6761,MARTINIANO LEGUIZAMON,8,ENTRE RIOS
loc_6762,6762,PALMAR,8,ENTRE RIOS
loc_6763,6763,PALMAR YATAY,8,ENTRE RIOS
loc_6764,6764,PARQUE NACIONAL EL PALMAR,8,ENTRE RIOS
loc_6765,6765,PERUCHO VERNA,8,ENTRE RIOS
loc_6766,6766,POS POS,8,ENTRE RIOS
loc_6767,6767,PUEBLO CAZES,8,ENTRE RIOS
loc_6768,6768,PUEBLO COLORADO,8,ENTRE RIOS
loc_6769,6769,PUEBLO LIEBIG,8,ENTRE RIOS
loc_6770,6770,PUENTE DE GUALEGUAYCHU,8,ENTRE RIOS
loc_6771,6771,PUERTO ALMIRON,8,ENTRE RIOS
loc_6772,6772,PUERTO COLORADO,8,ENTRE RIOS
loc_6773,6773,PUNTAS DEL GUALEGUAYCHU,8,ENTRE RIOS
loc_6774,6774,PUNTAS DEL PALMAR,8,ENTRE RIOS
loc_6775,6775,SAN ANSELMO,8,ENTRE RIOS
loc_6776,6776,SAN FRANCISCO,8,ENTRE RIOS
loc_6777,6777,SAN GREGORIO,8,ENTRE RIOS
loc_6778,6778,SAN JOSE,8,ENTRE RIOS
loc_6779,6779,SAN MIGUEL,8,ENTRE RIOS
loc_6780,6780,SAN MIGUEL NRO 2,8,ENTRE RIOS
loc_6781,6781,SANTA INES,8,ENTRE RIOS
loc_6782,6782,SANTA ROSA,8,ENTRE RIOS
loc_6783,6783,SEXTO DISTRITO COLON,8,ENTRE RIOS
loc_6784,6784,UBAJAY,8,ENTRE RIOS
loc_6785,6785,VILLA ELISA,8,ENTRE RIOS
loc_6786,6786,YATAY,8,ENTRE RIOS
loc_6787,6787,20 DE SEPTIEMBRE,8,ENTRE RIOS
loc_6788,6788,ALDEA SAN MIGUEL,8,ENTRE RIOS
loc_6789,6789,ALDEA SANTA MARIA,8,ENTRE RIOS
loc_6790,6790,ALGARROBITOS 1RO,8,ENTRE RIOS
loc_6791,6791,ALMIRANTE IGLESIAS,8,ENTRE RIOS
loc_6792,6792,ARANGUREN,8,ENTRE RIOS
loc_6793,6793,BETBEDER,8,ENTRE RIOS
loc_6794,6794,BOCA DEL TIGRE,8,ENTRE RIOS
loc_6795,6795,CAMPO ESCALES,8,ENTRE RIOS
loc_6796,6796,CHIQUEROS,8,ENTRE RIOS
loc_6797,6797,COLONIA ALGARRABITOS,8,ENTRE RIOS
loc_6798,6798,COLONIA LA LLAVE,8,ENTRE RIOS
loc_6799,6799,CRUCESITAS 3 SECCION,8,ENTRE RIOS
loc_6800,6800,CRUCESITAS 7 SECCION,8,ENTRE RIOS
loc_6801,6801,CRUCESITAS 8 SECCION,8,ENTRE RIOS
loc_6802,6802,CRUCESITAS URQUIZA,8,ENTRE RIOS
loc_6803,6803,CUARTO DISTRITO,8,ENTRE RIOS
loc_6804,6804,DISTRITO EL SAUCE,8,ENTRE RIOS
loc_6805,6805,DON CRISTOBAL,8,ENTRE RIOS
loc_6806,6806,DON CRISTOBAL 1 SECCION,8,ENTRE RIOS
loc_6807,6807,DON CRISTOBAL 2 SECCION,8,ENTRE RIOS
loc_6808,6808,EL PUEBLITO,8,ENTRE RIOS
loc_6809,6809,EL TALLER,8,ENTRE RIOS
loc_6810,6810,EL TROPEZON,8,ENTRE RIOS
loc_6811,6811,FEBRE,8,ENTRE RIOS
loc_6812,6812,GOBERNADOR FEBRE,8,ENTRE RIOS
loc_6813,6813,HERNANDEZ,8,ENTRE RIOS
loc_6814,6814,KILOMETRO 148,8,ENTRE RIOS
loc_6815,6815,LA COLINA,8,ENTRE RIOS
loc_6816,6816,LA CORVINA,8,ENTRE RIOS
loc_6817,6817,LA FAVORITA,8,ENTRE RIOS
loc_6818,6818,LA FLORENCIA,8,ENTRE RIOS
loc_6819,6819,LA ILUSION,8,ENTRE RIOS
loc_6820,6820,LA LLAVE,8,ENTRE RIOS
loc_6821,6821,LA LOMA,8,ENTRE RIOS
loc_6822,6822,LA MARUJA A,8,ENTRE RIOS
loc_6823,6823,LAURENCENA,8,ENTRE RIOS
loc_6824,6824,LOS PARAISOS,8,ENTRE RIOS
loc_6825,6825,LUCAS GONZALEZ,8,ENTRE RIOS
loc_6826,6826,LUCAS NORESTE,8,ENTRE RIOS
loc_6827,6827,MONTOYA,8,ENTRE RIOS
loc_6828,6828,NOGOYA,8,ENTRE RIOS
loc_6829,6829,PUEBLITO,8,ENTRE RIOS
loc_6830,6830,SAN LORENZO,8,ENTRE RIOS
loc_6831,6831,SAUCE,8,ENTRE RIOS
loc_6832,6832,SECCION URQUIZA,8,ENTRE RIOS
loc_6833,6833,SEPTIMO DISTRITO,8,ENTRE RIOS
loc_6834,6834,VILLA TRES DE FEBRERO,8,ENTRE RIOS
loc_6835,6835,ANTELO,8,ENTRE RIOS
loc_6836,6836,ARROYO JACINTO,8,ENTRE RIOS
loc_6837,6837,CHILCAS,8,ENTRE RIOS
loc_6838,6838,COLONIA ANGELA,8,ENTRE RIOS
loc_6839,6839,CORRALES,8,ENTRE RIOS
loc_6840,6840,ESTABLECIMIENTO PUNTA ALTA,8,ENTRE RIOS
loc_6841,6841,HINOJAL,8,ENTRE RIOS
loc_6842,6842,ISLA EL PILLO,8,ENTRE RIOS
loc_6843,6843,KILMETRO 165,8,ENTRE RIOS
loc_6844,6844,LAGUNA DEL PESCADO,8,ENTRE RIOS
loc_6845,6845,LOS GANSOS,8,ENTRE RIOS
loc_6846,6846,MONTOYA,8,ENTRE RIOS
loc_6847,6847,PAJONAL,8,ENTRE RIOS
loc_6848,6848,PASO DEL ABRA,8,ENTRE RIOS
loc_6849,6849,PUEBLITO NORTE,8,ENTRE RIOS
loc_6850,6850,PUENTE VICTORIA,8,ENTRE RIOS
loc_6851,6851,PUERTO ESQUINA,8,ENTRE RIOS
loc_6852,6852,PUERTO LOPEZ,8,ENTRE RIOS
loc_6853,6853,QUEBRACHITOS,8,ENTRE RIOS
loc_6854,6854,QUINTO CUARTEL VICTORIA,8,ENTRE RIOS
loc_6855,6855,RINCON DE NOGOYA,8,ENTRE RIOS
loc_6856,6856,RINCON DEL DOLL,8,ENTRE RIOS
loc_6857,6857,TRES ESQUINAS,8,ENTRE RIOS
loc_6858,6858,VICTORIA,8,ENTRE RIOS
loc_6859,6859,VILLA ANGELICA,8,ENTRE RIOS
loc_6860,6860,VILLA LIBERTAD,8,ENTRE RIOS
loc_6861,6861,2 DE JULIO,7,CORRIENTES
loc_6862,6862,ALTAMIRA,7,CORRIENTES
loc_6863,6863,ALVEAR,7,CORRIENTES
loc_6864,6864,ARROYO MENDEZ,7,CORRIENTES
loc_6865,6865,BATAY,7,CORRIENTES
loc_6866,6866,CAMBARA,7,CORRIENTES
loc_6867,6867,CONCEPCION,7,CORRIENTES
loc_6868,6868,CUAY CHICO,7,CORRIENTES
loc_6869,6869,EL PARAISO,7,CORRIENTES
loc_6870,6870,ESFADAL,7,CORRIENTES
loc_6871,6871,ESPINILLAR,7,CORRIENTES
loc_6872,6872,ESTANCIA LA LOMA,7,CORRIENTES
loc_6873,6873,ESTANCIA LAS MAGNOLIAS,7,CORRIENTES
loc_6874,6874,ESTANCIA LAS TUNAS,7,CORRIENTES
loc_6875,6875,FLORIDA,7,CORRIENTES
loc_6876,6876,KILOMETRO 393,7,CORRIENTES
loc_6877,6877,KILOMETRO 394,7,CORRIENTES
loc_6878,6878,KILOMETRO 396,7,CORRIENTES
loc_6879,6879,LA BLANQUEADA,7,CORRIENTES
loc_6880,6880,LA CHIQUITA,7,CORRIENTES
loc_6881,6881,LA ELSA,7,CORRIENTES
loc_6882,6882,LA ELVA,7,CORRIENTES
loc_6883,6883,LA LOMA,7,CORRIENTES
loc_6884,6884,LA MAGNOLIA,7,CORRIENTES
loc_6885,6885,LAS MERCEDES,7,CORRIENTES
loc_6886,6886,LAS PALMAS,7,CORRIENTES
loc_6887,6887,LAS PALMIRAS,7,CORRIENTES
loc_6888,6888,LAS PALMITAS,7,CORRIENTES
loc_6889,6889,LOS ARBOLES,7,CORRIENTES
loc_6890,6890,MALEZAL,7,CORRIENTES
loc_6891,6891,MIRA FLORES,7,CORRIENTES
loc_6892,6892,MORICA,7,CORRIENTES
loc_6893,6893,PALMITA,7,CORRIENTES
loc_6894,6894,PANCHO CUE,7,CORRIENTES
loc_6895,6895,PARAJE SAN ISIDRO,7,CORRIENTES
loc_6896,6896,PIRACU,7,CORRIENTES
loc_6897,6897,PIRAYU,7,CORRIENTES
loc_6898,6898,SAN CARLOS,7,CORRIENTES
loc_6899,6899,SAN JOSE,7,CORRIENTES
loc_6900,6900,SAN JOSE CAACATI,7,CORRIENTES
loc_6901,6901,SAN JUAN,7,CORRIENTES
loc_6902,6902,SAN PEDRO,7,CORRIENTES
loc_6903,6903,SANTA ANA,7,CORRIENTES
loc_6904,6904,SANTA ISABEL,7,CORRIENTES
loc_6905,6905,SANTA RITA,7,CORRIENTES
loc_6906,6906,TAMBO NUEVO,7,CORRIENTES
loc_6907,6907,TINGUI,7,CORRIENTES
loc_6908,6908,TORRENT,7,CORRIENTES
loc_6909,6909,TRES CAPONES,7,CORRIENTES
loc_6910,6910,ABRA,7,CORRIENTES
loc_6911,6911,ARROYITO,7,CORRIENTES
loc_6912,6912,BUENA VISTA,7,CORRIENTES
loc_6913,6913,CAMPO CARDOZO,7,CORRIENTES
loc_6914,6914,CAMPO FERNANDEZ,7,CORRIENTES
loc_6915,6915,CARDOZO PHI,7,CORRIENTES
loc_6916,6916,CHACRAS,7,CORRIENTES
loc_6917,6917,CHAMORRO,7,CORRIENTES
loc_6918,6918,COSTA,7,CORRIENTES
loc_6919,6919,EL PAGO,7,CORRIENTES
loc_6920,6920,FRANCISCO GAUNA,7,CORRIENTES
loc_6921,6921,LA HERMINIA,7,CORRIENTES
loc_6922,6922,MANANTIALES,7,CORRIENTES
loc_6923,6923,MBURUCUYA,7,CORRIENTES
loc_6924,6924,ORATORIO,7,CORRIENTES
loc_6925,6925,PASITO,7,CORRIENTES
loc_6926,6926,PASO AGUIRRE,7,CORRIENTES
loc_6927,6927,POTRERO GRANDE,7,CORRIENTES
loc_6928,6928,PUNTA GRANDE,7,CORRIENTES
loc_6929,6929,SAN ANTONIO,7,CORRIENTES
loc_6930,6930,SAN JUAN,7,CORRIENTES
loc_6931,6931,SAN LORENZO,7,CORRIENTES
loc_6932,6932,SANTA ANA,7,CORRIENTES
loc_6933,6933,SANTA TERESA,7,CORRIENTES
loc_6934,6934,TOROS CORA,7,CORRIENTES
loc_6935,6935,VELOSO,7,CORRIENTES
loc_6936,6936,ARROYITO,7,CORRIENTES
loc_6937,6937,BELLA VISTA,7,CORRIENTES
loc_6938,6938,CARRIZAL,7,CORRIENTES
loc_6939,6939,CARRIZAL NORTE,7,CORRIENTES
loc_6940,6940,CEBOLLAS,7,CORRIENTES
loc_6941,6941,CHACRAS,7,CORRIENTES
loc_6942,6942,COLONIA 3 DE ABRIL,7,CORRIENTES
loc_6943,6943,COLONIA PROGRESO,7,CORRIENTES
loc_6944,6944,DESMOCHADO,7,CORRIENTES
loc_6945,6945,EL CARRIZAL,7,CORRIENTES
loc_6946,6946,EL TORO PI,7,CORRIENTES
loc_6947,6947,ESTACION AGRONOMICA,7,CORRIENTES
loc_6948,6948,ISLA ALTA,7,CORRIENTES
loc_6949,6949,JUAN DIAZ,7,CORRIENTES
loc_6950,6950,KILOMETRO 402,7,CORRIENTES
loc_6951,6951,LAS GARZAS,7,CORRIENTES
loc_6952,6952,LOMAS,7,CORRIENTES
loc_6953,6953,LOMAS ESTE,7,CORRIENTES
loc_6954,6954,MACEDO,7,CORRIENTES
loc_6955,6955,MARTIN,7,CORRIENTES
loc_6956,6956,PROGRESO,7,CORRIENTES
loc_6957,6957,RAICES,7,CORRIENTES
loc_6958,6958,ROMERO CUAZU,7,CORRIENTES
loc_6959,6959,SAN FERNANDO,7,CORRIENTES
loc_6960,6960,VILLA ROLLET,7,CORRIENTES
loc_6961,6961,YAGUA RINCON,7,CORRIENTES
loc_6962,6962,YUQUERI,7,CORRIENTES
loc_6966,6966,CARABAJAL ESTE,7,CORRIENTES
loc_6967,6967,COLONIA ARROCERA,7,CORRIENTES
loc_6968,6968,COLONIA NUEVA VALENCIA,7,CORRIENTES
loc_6969,6969,CORRIENTES,7,CORRIENTES
loc_6970,6970,DOCTOR FELIX MARIA GOMEZ,7,CORRIENTES
loc_6971,6971,GARRIDO CUE,7,CORRIENTES
loc_6972,6972,KILOMETRO 13,7,CORRIENTES
loc_6973,6973,KILOMETRO 512,7,CORRIENTES
loc_6974,6974,KILOMETRO 516,7,CORRIENTES
loc_6975,6975,LAGUNA BRAVA,7,CORRIENTES
loc_6976,6976,LAGUNA PAIVA,7,CORRIENTES
loc_6977,6977,LAGUNA SOTO,7,CORRIENTES
loc_6978,6978,LOMAS SAN CAYETANO,7,CORRIENTES
loc_6979,6979,MATADERO SANTA CATALINA,7,CORRIENTES
loc_6980,6980,PALMERA,7,CORRIENTES
loc_6981,6981,PAMPIN,7,CORRIENTES
loc_6982,6982,PARAJE EL CARMEN,7,CORRIENTES
loc_6983,6983,PARQUE SAN MARTIN,7,CORRIENTES
loc_6984,6984,PASO LOVERA,7,CORRIENTES
loc_6985,6985,PASO MARTINEZ,7,CORRIENTES
loc_6986,6986,PASO PESOA,7,CORRIENTES
loc_6987,6987,RIACHUELO,7,CORRIENTES
loc_6988,6988,RIACHUELO SUD,7,CORRIENTES
loc_6989,6989,RINCON DEL SOMBRERO,7,CORRIENTES
loc_6990,6990,SAN CAYETANO,7,CORRIENTES
loc_6991,6991,VILLA EL DORADO,7,CORRIENTES
loc_6992,6992,VILLA JUAN DE VERA,7,CORRIENTES
loc_6993,6993,VILLA SOLARI,7,CORRIENTES
loc_6994,6994,ARROYO SOLIS,7,CORRIENTES
loc_6995,6995,BARTOLOME MITRE,7,CORRIENTES
loc_6996,6996,BERNACHEA,7,CORRIENTES
loc_6997,6997,CAMPO GRANDE,7,CORRIENTES
loc_6999,6999,COLONIA BROUGNES,7,CORRIENTES
loc_7000,7000,COSTA DE EMPEDRADO,7,CORRIENTES
loc_7001,7001,COSTA GRANDE,7,CORRIENTES
loc_7002,7002,COSTA SAN LORENZO,7,CORRIENTES
loc_7003,7003,EL POLLO,7,CORRIENTES
loc_7004,7004,EL SOMBRERO,7,CORRIENTES
loc_7005,7005,EMPEDRADO,7,CORRIENTES
loc_7006,7006,EMPEDRADO LIMPIO,7,CORRIENTES
loc_7007,7007,KILOMETRO 451,7,CORRIENTES
loc_7008,7008,KILOMETRO 462,7,CORRIENTES
loc_7009,7009,KILOMETRO 476,7,CORRIENTES
loc_7010,7010,KILOMETRO 485,7,CORRIENTES
loc_7011,7011,KILOMETRO 492,7,CORRIENTES
loc_7012,7012,KILOMETRO 494,7,CORRIENTES
loc_7013,7013,KILOMETRO 501,7,CORRIENTES
loc_7014,7014,KILOMETRO 504,7,CORRIENTES
loc_7015,7015,LOMAS DE EMPEDRADO,7,CORRIENTES
loc_7016,7016,MANSION DE INVIERNO,7,CORRIENTES
loc_7017,7017,MANUEL DERQUI,7,CORRIENTES
loc_7018,7018,OCANTO CUE,7,CORRIENTES
loc_7019,7019,PAGO POI,7,CORRIENTES
loc_7020,7020,PEHUAHO,7,CORRIENTES
loc_7021,7021,PUEBLITO SAN JUAN,7,CORRIENTES
loc_7022,7022,RAMONES,7,CORRIENTES
loc_7023,7023,SECCION PRIMERA SAN JUAN,7,CORRIENTES
loc_7024,7024,VILLA SAN ISIDRO,7,CORRIENTES
loc_7025,7025,VILLA SAN JUAN,7,CORRIENTES
loc_7027,7027,ANGUA,7,CORRIENTES
loc_7028,7028,ARROYO AMBROSIO,7,CORRIENTES
loc_7029,7029,ARROYO CEIBAL,7,CORRIENTES
loc_7030,7030,CARMAN,7,CORRIENTES
loc_7031,7031,CASUARINAS,7,CORRIENTES
loc_7032,7032,CNIA OFICIAL JUAN BAUTISTA,7,CORRIENTES
loc_7033,7033,COLONIA JUAN B CABRAL,7,CORRIENTES
loc_7034,7034,COSTA DE ARROYO SAN LORENZO,7,CORRIENTES
loc_7035,7035,DOS OMBUES,7,CORRIENTES
loc_7036,7036,EL CARMEN,7,CORRIENTES
loc_7037,7037,ESTACION SALADAS,7,CORRIENTES
loc_7038,7038,GUAZU CORA,7,CORRIENTES
loc_7039,7039,JARDIN FLORIDO,7,CORRIENTES
loc_7040,7040,KILOMETRO 406,7,CORRIENTES
loc_7041,7041,KILOMETRO 431,7,CORRIENTES
loc_7042,7042,KM 425,7,CORRIENTES
loc_7043,7043,LA QUERENCIA,7,CORRIENTES
loc_7044,7044,LAGO ARIAS,7,CORRIENTES
loc_7045,7045,LAURETTI,7,CORRIENTES
loc_7046,7046,LOMAS,7,CORRIENTES
loc_7047,7047,LOMAS SALADAS,7,CORRIENTES
loc_7048,7048,LOS LIRIOS,7,CORRIENTES
loc_7049,7049,MEDIODIA,7,CORRIENTES
loc_7050,7050,MIRA FLORES,7,CORRIENTES
loc_7051,7051,MUCHAS ISLAS,7,CORRIENTES
loc_7052,7052,PAGO ALEGRE,7,CORRIENTES
loc_7053,7053,PAGO ARIAS,7,CORRIENTES
loc_7054,7054,PAGO DE LOS DESEOS,7,CORRIENTES
loc_7055,7055,PARAJE AUGUA,7,CORRIENTES
loc_7056,7056,PASO NARANJITO,7,CORRIENTES
loc_7057,7057,PASTORES,7,CORRIENTES
loc_7058,7058,PINDONCITO,7,CORRIENTES
loc_7059,7059,REAL CUE,7,CORRIENTES
loc_7060,7060,RINCON DE AMBROSIO,7,CORRIENTES
loc_7061,7061,RINCON DE SAN LORENZO,7,CORRIENTES
loc_7062,7062,RINCON SAN PEDRO,7,CORRIENTES
loc_7063,7063,SALADAS,7,CORRIENTES
loc_7064,7064,SAN EMILIO,7,CORRIENTES
loc_7065,7065,SAN FRANCISCO,7,CORRIENTES
loc_7066,7066,SAN LORENZO,7,CORRIENTES
loc_7067,7067,SAN NICOLAS,7,CORRIENTES
loc_7068,7068,SANTO DOMINGO,7,CORRIENTES
loc_7069,7069,SOLEDAD,7,CORRIENTES
loc_7070,7070,SOSA CUE,7,CORRIENTES
loc_7072,7072,BAJO GUAZU,7,CORRIENTES
loc_7073,7073,BATARA,7,CORRIENTES
loc_7074,7074,BATEL,7,CORRIENTES
loc_7075,7075,CAIMAN,7,CORRIENTES
loc_7076,7076,CAPILLA CUE,7,CORRIENTES
loc_7077,7077,CARAMBOLA,7,CORRIENTES
loc_7078,7078,COLONIA DORA ELENA,7,CORRIENTES
loc_7079,7079,COLONIA JACOBO FINH,7,CORRIENTES
loc_7080,7080,COLONIA LA HABANA,7,CORRIENTES
loc_7081,7081,COLONIA LUCERO,7,CORRIENTES
loc_7082,7082,COLONIA SANTA ROSA,7,CORRIENTES
loc_7083,7083,COLONIA TATACUA,7,CORRIENTES
loc_7084,7084,CONCEPCION,7,CORRIENTES
loc_7085,7085,COSTA DEL BATEL,7,CORRIENTES
loc_7086,7086,EL BUEN RETIRO,7,CORRIENTES
loc_7087,7087,EL CARMEN,7,CORRIENTES
loc_7088,7088,EL PORVENIR,7,CORRIENTES
loc_7089,7089,EL YUQUERI,7,CORRIENTES
loc_7090,7090,ESTANCIA SAN ROBERTO,7,CORRIENTES
loc_7091,7091,ESTANCIA SANTA MARIA,7,CORRIENTES
loc_7092,7092,IGUATE PORA,7,CORRIENTES
loc_7093,7093,LA ANGELITA,7,CORRIENTES
loc_7094,7094,LA AURORA,7,CORRIENTES
loc_7095,7095,LA PEPITA,7,CORRIENTES
loc_7096,7096,LOMA ALTA,7,CORRIENTES
loc_7097,7097,LOS ANGELES,7,CORRIENTES
loc_7098,7098,LUJAMBIO,7,CORRIENTES
loc_7099,7099,MONTEVIDEO,7,CORRIENTES
loc_7100,7100,NUEVO PORVENIR,7,CORRIENTES
loc_7101,7101,PALMAR,7,CORRIENTES
loc_7102,7102,PARAJE FLORIDA,7,CORRIENTES
loc_7103,7103,PASO IRIBU CUA,7,CORRIENTES
loc_7104,7104,PINDO,7,CORRIENTES
loc_7105,7105,PORVENIR,7,CORRIENTES
loc_7106,7106,SAN AGUSTIN,7,CORRIENTES
loc_7107,7107,SAN ANTONIO DEL CAIMAN,7,CORRIENTES
loc_7108,7108,SAN FRANCISCO,7,CORRIENTES
loc_7109,7109,SAN JOSE,7,CORRIENTES
loc_7110,7110,SAN JUAN,7,CORRIENTES
loc_7111,7111,SAN NICANOR,7,CORRIENTES
loc_7112,7112,SAN NICOLAS,7,CORRIENTES
loc_7113,7113,SANTA MARIA,7,CORRIENTES
loc_7114,7114,SANTA RITA,7,CORRIENTES
loc_7115,7115,SANTA ROSA,7,CORRIENTES
loc_7116,7116,SAUCE,7,CORRIENTES
loc_7117,7117,TABAY,7,CORRIENTES
loc_7118,7118,TAJIBO,7,CORRIENTES
loc_7119,7119,TALITA CUE,7,CORRIENTES
loc_7120,7120,TARTAGUITO,7,CORRIENTES
loc_7121,7121,TATACUA,7,CORRIENTES
loc_7122,7122,TRES HERMANAS,7,CORRIENTES
loc_7123,7123,VIRGEN MARIA,7,CORRIENTES
loc_7124,7124,YAGUARU,7,CORRIENTES
loc_7126,7126,ARROYO HORQUETA,7,CORRIENTES
loc_7127,7127,ARROYO MANGANGA,7,CORRIENTES
loc_7128,7128,ARROYO TIMBOY,7,CORRIENTES
loc_7129,7129,ARROYO TOTORAS,7,CORRIENTES
loc_7130,7130,BUEN RETIRO,7,CORRIENTES
loc_7131,7131,BUENA VISTA,7,CORRIENTES
loc_7132,7132,CAMBA CUA,7,CORRIENTES
loc_7133,7133,CASUARINA,7,CORRIENTES
loc_7134,7134,CHACRAS 1A SECCION,7,CORRIENTES
loc_7135,7135,CHACRAS 2A SECCION,7,CORRIENTES
loc_7136,7136,CHACRAS 3A SECCION,7,CORRIENTES
loc_7137,7137,CHACRAS 4A SECCION,7,CORRIENTES
loc_7138,7138,CHIRCAL,7,CORRIENTES
loc_7139,7139,COLONIA BARRIENTES,7,CORRIENTES
loc_7140,7140,COLONIA LIBERTAD,7,CORRIENTES
loc_7141,7141,COLONIA MOTA,7,CORRIENTES
loc_7142,7142,CUATRO BOCAS,7,CORRIENTES
loc_7143,7143,EL CEIBO,7,CORRIENTES
loc_7144,7144,EL CHIRCAL,7,CORRIENTES
loc_7145,7145,EL PORVENIR COLONIA LIBERTAD,7,CORRIENTES
loc_7146,7146,ESTACION LIBERTAD,7,CORRIENTES
loc_7147,7147,ESTE ARGENTINO,7,CORRIENTES
loc_7148,7148,INDEPENDENCIA,7,CORRIENTES
loc_7149,7149,JUAN PUJOL,7,CORRIENTES
loc_7150,7150,KILOMETRO 104,7,CORRIENTES
loc_7151,7151,KILOMETRO 120,7,CORRIENTES
loc_7152,7152,KILOMETRO 134,7,CORRIENTES
loc_7153,7153,KILOMETRO 148,7,CORRIENTES
loc_7154,7154,KILOMETRO 161,7,CORRIENTES
loc_7155,7155,KILOMETRO 167,7,CORRIENTES
loc_7156,7156,KILOMETRO 173,7,CORRIENTES
loc_7157,7157,KILOMETRO 182,7,CORRIENTES
loc_7158,7158,LA BLANCA,7,CORRIENTES
loc_7159,7159,LA FLOR,7,CORRIENTES
loc_7160,7160,LA FLORESTA,7,CORRIENTES
loc_7161,7161,LA FLORIDA,7,CORRIENTES
loc_7162,7162,LA PALMA,7,CORRIENTES
loc_7163,7163,LA VENTA,7,CORRIENTES
loc_7164,7164,MIRA FLORES,7,CORRIENTES
loc_7165,7165,MOCORETA,7,CORRIENTES
loc_7166,7166,MONTE CASEROS,7,CORRIENTES
loc_7167,7167,MOTA,7,CORRIENTES
loc_7168,7168,MOTA PIEDRITAS,7,CORRIENTES
loc_7169,7169,PARADA LABOUGLE,7,CORRIENTES
loc_7170,7170,PASO ESTERITO,7,CORRIENTES
loc_7171,7171,PASO VALLEJOS,7,CORRIENTES
loc_7172,7172,PIEDRITAS,7,CORRIENTES
loc_7173,7173,PILINCHO,7,CORRIENTES
loc_7174,7174,PUERTO JUAN DE DIOS,7,CORRIENTES
loc_7175,7175,SAENZ VALIENTE,7,CORRIENTES
loc_7176,7176,SAN ANDRES,7,CORRIENTES
loc_7177,7177,SAN ANTONIO,7,CORRIENTES
loc_7178,7178,SAN FERMIN,7,CORRIENTES
loc_7179,7179,SAN FERNANDO,7,CORRIENTES
loc_7180,7180,SAN FRANCISCO,7,CORRIENTES
loc_7181,7181,SAN GREGORIO,7,CORRIENTES
loc_7182,7182,SAN JOSE EST LIBERTAD DP,7,CORRIENTES
loc_7183,7183,SAN LUIS EST LIBERTAD DP,7,CORRIENTES
loc_7184,7184,SAN MIGUEL ESTACION LIBERTAD,7,CORRIENTES
loc_7185,7185,SAN SALVADOR,7,CORRIENTES
loc_7186,7186,SAN VICENTE,7,CORRIENTES
loc_7187,7187,SANTA JUANA,7,CORRIENTES
loc_7188,7188,SANTA LEA,7,CORRIENTES
loc_7189,7189,SANTA MAGDALENA,7,CORRIENTES
loc_7190,7190,SANTA MARTA,7,CORRIENTES
loc_7191,7191,SANTA RITA,7,CORRIENTES
loc_7192,7192,SANTO DOMINGO,7,CORRIENTES
loc_7193,7193,SIETE ARBOLES,7,CORRIENTES
loc_7194,7194,TACUABE,7,CORRIENTES
loc_7195,7195,TALLERES,7,CORRIENTES
loc_7196,7196,TEBLENARI,7,CORRIENTES
loc_7197,7197,TIMBOY,7,CORRIENTES
loc_7198,7198,TRES BOCAS,7,CORRIENTES
loc_7199,7199,VILLA LA FLORIDA,7,CORRIENTES
loc_7200,7200,ABRA,7,CORRIENTES
loc_7201,7201,CHILECITO,7,CORRIENTES
loc_7202,7202,CORSA CUE,7,CORRIENTES
loc_7203,7203,CURUZU,7,CORRIENTES
loc_7204,7204,GUAYU,7,CORRIENTES
loc_7205,7205,IBIRAY,7,CORRIENTES
loc_7206,7206,ISLA IBATE,7,CORRIENTES
loc_7207,7207,ITATI,7,CORRIENTES
loc_7208,7208,LA PALMIRA,7,CORRIENTES
loc_7209,7209,LA UNION,7,CORRIENTES
loc_7210,7210,MBALGUIAPU,7,CORRIENTES
loc_7211,7211,PARAJE IRIBU CUA,7,CORRIENTES
loc_7212,7212,RAMADA PASO,7,CORRIENTES
loc_7213,7213,SAN FRANCISCO CUE,7,CORRIENTES
loc_7214,7214,SAN ISIDRO,7,CORRIENTES
loc_7215,7215,SAN JOSE,7,CORRIENTES
loc_7216,7216,SAN SALVADOR,7,CORRIENTES
loc_7217,7217,TUYUTI,7,CORRIENTES
loc_7218,7218,YACAREY,7,CORRIENTES
loc_7219,7219,YAGUA ROCAU,7,CORRIENTES
loc_7220,7220,ABALO,7,CORRIENTES
loc_7221,7221,ABELI,7,CORRIENTES
loc_7222,7222,ABO NEZU,7,CORRIENTES
loc_7223,7223,AGUAY,7,CORRIENTES
loc_7224,7224,ARROYO CASCO,7,CORRIENTES
loc_7225,7225,ARROYO CASTILLO,7,CORRIENTES
loc_7226,7226,ARROYO GARAY,7,CORRIENTES
loc_7227,7227,ARROYO SECO,7,CORRIENTES
loc_7228,7228,BAIBIENE,7,CORRIENTES
loc_7229,7229,BASUALDO,7,CORRIENTES
loc_7230,7230,CAPIRARI,7,CORRIENTES
loc_7231,7231,CASILLAS,7,CORRIENTES
loc_7232,7232,CASUALIDAD,7,CORRIENTES
loc_7233,7233,CAZADORES CORRENTINOS,7,CORRIENTES
loc_7234,7234,CHAQUITO,7,CORRIENTES
loc_7236,7236,COLONIA BASUALDO,7,CORRIENTES
loc_7237,7237,COLONIA CHIRCAL,7,CORRIENTES
loc_7238,7238,COLONIA PAIRIRI,7,CORRIENTES
loc_7239,7239,COSTA ARROYO GARAY,7,CORRIENTES
loc_7240,7240,CUARTA SECCION LOMAS,7,CORRIENTES
loc_7241,7241,CURUZU CUATIA,7,CORRIENTES
loc_7242,7242,EL CEIBO,7,CORRIENTES
loc_7243,7243,EL CERRO,7,CORRIENTES
loc_7244,7244,EL LOTO,7,CORRIENTES
loc_7246,7246,EMILIO R CONI,7,CORRIENTES
loc_7247,7247,ESPERANZA,7,CORRIENTES
loc_7248,7248,ESPINILLO,7,CORRIENTES
loc_7249,7249,ESTANCIA EL CARMEN,7,CORRIENTES
loc_7251,7251,ESTANCIA LOS PARAISOS,7,CORRIENTES
loc_7252,7252,ESTANCIA SAN JULIO,7,CORRIENTES
loc_7253,7253,ESTRELLA,7,CORRIENTES
loc_7254,7254,GUAYCURU,7,CORRIENTES
loc_7255,7255,IBAVIYU,7,CORRIENTES
loc_7256,7256,KILOMETRO 405,7,CORRIENTES
loc_7258,7258,LA CAUTIVA,7,CORRIENTES
loc_7259,7259,LA FLOR,7,CORRIENTES
loc_7260,7260,LA FLORENTINA,7,CORRIENTES
loc_7261,7261,LA FORTUNA,7,CORRIENTES
loc_7262,7262,LA LEONTINA,7,CORRIENTES
loc_7263,7263,LABORY,7,CORRIENTES
loc_7264,7264,LAS LOMAS,7,CORRIENTES
loc_7265,7265,LAS VIOLETAS,7,CORRIENTES
loc_7266,7266,LOBORY,7,CORRIENTES
loc_7267,7267,LOS TRES AMIGOS,7,CORRIENTES
loc_7268,7268,MARIA,7,CORRIENTES
loc_7269,7269,MINUANES,7,CORRIENTES
loc_7270,7270,NINA,7,CORRIENTES
loc_7271,7271,NUEVA GRANADA,7,CORRIENTES
loc_7272,7272,PAGO LARGO,7,CORRIENTES
loc_7273,7273,PALMITAS,7,CORRIENTES
loc_7274,7274,PARAISO,7,CORRIENTES
loc_7275,7275,PARAJE PORTILLO,7,CORRIENTES
loc_7276,7276,PASO ANCHO,7,CORRIENTES
loc_7277,7277,PASO DE LAS PIEDRAS,7,CORRIENTES
loc_7278,7278,PASO LOPEZ,7,CORRIENTES
loc_7279,7279,PASO TALA,7,CORRIENTES
loc_7280,7280,PEDRO DIAZ COLODRERO,7,CORRIENTES
loc_7281,7281,PERUGORRIA,7,CORRIENTES
loc_7282,7282,PUENTE AVALOS,7,CORRIENTES
loc_7283,7283,RINCON,7,CORRIENTES
loc_7284,7284,RINCON DE TUNAS,7,CORRIENTES
loc_7285,7285,RINCON QUIROZ,7,CORRIENTES
loc_7286,7286,SAN CELESTINO,7,CORRIENTES
loc_7287,7287,SAN JUAN,7,CORRIENTES
loc_7288,7288,SAN PEDRO,7,CORRIENTES
loc_7289,7289,SAN RAFAEL,7,CORRIENTES
loc_7290,7290,SANTA MARIA,7,CORRIENTES
loc_7291,7291,SANTA ROSA,7,CORRIENTES
loc_7292,7292,SARANDI,7,CORRIENTES
loc_7293,7293,TIERRA COLORADA,7,CORRIENTES
loc_7294,7294,TUNITAS,7,CORRIENTES
loc_7295,7295,VACA CUA,7,CORRIENTES
loc_7296,7296,VACA PASO,7,CORRIENTES
loc_7297,7297,YAGUARY,7,CORRIENTES
loc_7298,7298,9 DE JULIO,7,CORRIENTES
loc_7299,7299,ALAMO,7,CORRIENTES
loc_7300,7300,ALGARROBAL,7,CORRIENTES
loc_7301,7301,ALGARROBO PARAJE,7,CORRIENTES
loc_7302,7302,ARROYO GONZALEZ,7,CORRIENTES
loc_7303,7303,ARROYO PAISO,7,CORRIENTES
loc_7304,7304,BAJO GRANDE,7,CORRIENTES
loc_7305,7305,BALENGO,7,CORRIENTES
loc_7306,7306,BARRIO ALGARROBO,7,CORRIENTES
loc_7307,7307,BOLICHE LATA,7,CORRIENTES
loc_7308,7308,CAAYOBAY,7,CORRIENTES
loc_7311,7311,CAPITA MINI,7,CORRIENTES
loc_7312,7312,CARAYA,7,CORRIENTES
loc_7314,7314,CHAVARRIA,7,CORRIENTES
loc_7315,7315,COLONIA PANDO,7,CORRIENTES
loc_7316,7316,COSTA SANTA LUCIA,7,CORRIENTES
loc_7317,7317,EL SOCORRO,7,CORRIENTES
loc_7318,7318,ESTANCIA DEL MEDIO,7,CORRIENTES
loc_7319,7319,ESTANCIA LAS SALINAS,7,CORRIENTES
loc_7320,7320,ESTERO PIRU,7,CORRIENTES
loc_7321,7321,ISLA ALTA,7,CORRIENTES
loc_7322,7322,KILOMETRO 374,7,CORRIENTES
loc_7323,7323,KILOMETRO 382,7,CORRIENTES
loc_7324,7324,KILOMETRO 387,7,CORRIENTES
loc_7325,7325,LA ARMONIA,7,CORRIENTES
loc_7326,7326,LA CELINA,7,CORRIENTES
loc_7327,7327,LA LOLITA,7,CORRIENTES
loc_7328,7328,LA LUISA,7,CORRIENTES
loc_7329,7329,LA MATILDE,7,CORRIENTES
loc_7330,7330,LAGUNA AVALOS,7,CORRIENTES
loc_7331,7331,LAS LAGUNAS,7,CORRIENTES
loc_7332,7332,LAS MATRERAS,7,CORRIENTES
loc_7333,7333,LAUREL,7,CORRIENTES
loc_7334,7334,LEON CUA,7,CORRIENTES
loc_7335,7335,LOMAS FLORIDAS,7,CORRIENTES
loc_7336,7336,LUIS GOMEZ,7,CORRIENTES
loc_7337,7337,MANANTIALES,7,CORRIENTES
loc_7338,7338,MANUEL FLORENCIO MANTILLA,7,CORRIENTES
loc_7339,7339,MATRERA,7,CORRIENTES
loc_7340,7340,MOJON,7,CORRIENTES
loc_7341,7341,NARANJITO,7,CORRIENTES
loc_7342,7342,NARANJITO SAN ROQUE,7,CORRIENTES
loc_7343,7343,NUEVA ESPERANZA,7,CORRIENTES
loc_7344,7344,OSCURO,7,CORRIENTES
loc_7345,7345,PALMIRA,7,CORRIENTES
loc_7347,7347,PEDRO R FERNANDEZ,7,CORRIENTES
loc_7348,7348,PIEDRITA,7,CORRIENTES
loc_7349,7349,PIRRA PUY,7,CORRIENTES
loc_7350,7350,PUEBLO DE JULIO,7,CORRIENTES
loc_7351,7351,ROSADO GRANDE,7,CORRIENTES
loc_7352,7352,SALDANA,7,CORRIENTES
loc_7353,7353,SALDANA 9 DE JULIO,7,CORRIENTES
loc_7354,7354,SALINAS GANDES,7,CORRIENTES
loc_7355,7355,SAN ANTONIO,7,CORRIENTES
loc_7356,7356,SAN DIEGO,7,CORRIENTES
loc_7357,7357,SAN GUILLERMO,7,CORRIENTES
loc_7358,7358,SAN JUAN,7,CORRIENTES
loc_7359,7359,SAN PEDRO,7,CORRIENTES
loc_7360,7360,SAN RAFAEL,7,CORRIENTES
loc_7361,7361,SAN ROQUE,7,CORRIENTES
loc_7362,7362,SAN SEBASTIAN,7,CORRIENTES
loc_7363,7363,SANTA IRENE,7,CORRIENTES
loc_7364,7364,SANTA SINFOROSA,7,CORRIENTES
loc_7365,7365,SANTIAGO ALCORTA,7,CORRIENTES
loc_7366,7366,SANTO DOMINGO,7,CORRIENTES
loc_7367,7367,SANTO TOMAS,7,CORRIENTES
loc_7368,7368,SERIANO CUE,7,CORRIENTES
loc_7369,7369,TACUARITAS,7,CORRIENTES
loc_7370,7370,TATACUA,7,CORRIENTES
loc_7371,7371,TIMBO,7,CORRIENTES
loc_7372,7372,URUGUAY,7,CORRIENTES
loc_7373,7373,YACARE,7,CORRIENTES
loc_7374,7374,YAPUCA,7,CORRIENTES
loc_7375,7375,YATAY CORA,7,CORRIENTES
loc_7376,7376,YAZUCA,7,CORRIENTES
loc_7377,7377,ALGARROBO,7,CORRIENTES
loc_7378,7378,BARRIO VILLA CORDOBA,7,CORRIENTES
loc_7379,7379,BATAL,7,CORRIENTES
loc_7380,7380,BONETE,7,CORRIENTES
loc_7381,7381,CABANA,7,CORRIENTES
loc_7382,7382,CERRITO,7,CORRIENTES
loc_7383,7383,COLONIA CECILIO ECHEVERRIA,7,CORRIENTES
loc_7384,7384,COLONIA GENERAL FERRE,7,CORRIENTES
loc_7385,7385,COLONIA LUJAN,7,CORRIENTES
loc_7386,7386,COLONIA MENDEZ BAR,7,CORRIENTES
loc_7387,7387,COLONIA SAN EUGENIO,7,CORRIENTES
loc_7388,7388,COLONIA SAN JOSE,7,CORRIENTES
loc_7389,7389,COLONIA VEDOYA,7,CORRIENTES
loc_7390,7390,COSTA BATEL,7,CORRIENTES
loc_7391,7391,CRUCECITAS,7,CORRIENTES
loc_7392,7392,CRUCECITAS SANTA LUCIA,7,CORRIENTES
loc_7393,7393,CRUZ DE LOS MILAGROS,7,CORRIENTES
loc_7394,7394,FERRO,7,CORRIENTES
loc_7395,7395,GOBERNADOR JUAN E MARTINEZ,7,CORRIENTES
loc_7396,7396,KILOMETRO 410,7,CORRIENTES
loc_7397,7397,KILOMETRO 416,7,CORRIENTES
loc_7398,7398,LA BOLSA,7,CORRIENTES
loc_7399,7399,LA CELIA,7,CORRIENTES
loc_7400,7400,LA PASTORIL,7,CORRIENTES
loc_7401,7401,LAGUNA SIRENA,7,CORRIENTES
loc_7402,7402,LAVALLE,7,CORRIENTES
loc_7403,7403,LOS ANGELES DEL BATEL,7,CORRIENTES
loc_7404,7404,MONTE FLORIDO,7,CORRIENTES
loc_7405,7405,NARANJITO,7,CORRIENTES
loc_7406,7406,PUENTE BATEL,7,CORRIENTES
loc_7407,7407,PUERTA IFRAN,7,CORRIENTES
loc_7408,7408,QUINTA TERESA,7,CORRIENTES
loc_7409,7409,RINCON DE SOTO,7,CORRIENTES
loc_7410,7410,SALADERO SAN ANTONIO,7,CORRIENTES
loc_7411,7411,SAN ANTONIO,7,CORRIENTES
loc_7412,7412,SAN EUGENIO,7,CORRIENTES
loc_7413,7413,SAN LUIS,7,CORRIENTES
loc_7414,7414,SANTA LUCIA,7,CORRIENTES
loc_7415,7415,SANTA LUCIA 9 DE JULIO,7,CORRIENTES
loc_7416,7416,VEDOYA,7,CORRIENTES
loc_7417,7417,VILLA AQUINO,7,CORRIENTES
loc_7418,7418,VILLA CORDOBA,7,CORRIENTES
loc_7419,7419,YATAY,7,CORRIENTES
loc_7420,7420,YATAYTI CALLE,7,CORRIENTES
loc_7421,7421,AGUAPEY,7,CORRIENTES
loc_7422,7422,AGUARA CUA,7,CORRIENTES
loc_7423,7423,APIPE GRANDE,7,CORRIENTES
loc_7424,7424,BOQUERON,7,CORRIENTES
loc_7425,7425,BUENA VISTA,7,CORRIENTES
loc_7426,7426,CAA CARAI,7,CORRIENTES
loc_7427,7427,CAA GARAY,7,CORRIENTES
loc_7428,7428,CAABI POI,7,CORRIENTES
loc_7429,7429,CAMBIRETA,7,CORRIENTES
loc_7430,7430,CENTINELA,7,CORRIENTES
loc_7431,7431,COLONIA GENERAL URIBURU,7,CORRIENTES
loc_7432,7432,COLONIA LIEBIGS,7,CORRIENTES
loc_7433,7433,COLONIA SAN ANTONIO,7,CORRIENTES
loc_7434,7434,COLONIA URDANIZ,7,CORRIENTES
loc_7435,7435,COSTA GUAZU,7,CORRIENTES
loc_7436,7436,DOS HERMANOS,7,CORRIENTES
loc_7437,7437,EL CENTINELA,7,CORRIENTES
loc_7438,7438,EL PLATA,7,CORRIENTES
loc_7439,7439,EL SOCORRO,7,CORRIENTES
loc_7440,7440,EMPEDRADO LIMPIO,7,CORRIENTES
loc_7441,7441,ESTABLECIMIENTO LA MERCED,7,CORRIENTES
loc_7442,7442,ESTANCIA SAN JAVIER,7,CORRIENTES
loc_7443,7443,FLORIDA,7,CORRIENTES
loc_7444,7444,GARCITAS,7,CORRIENTES
loc_7445,7445,IBIRITANGAY,7,CORRIENTES
loc_7446,7446,ISLA APIPE CHICO,7,CORRIENTES
loc_7447,7447,ITUZAINGO,7,CORRIENTES
loc_7448,7448,LA CELESTE,7,CORRIENTES
loc_7449,7449,LA HILEORICA,7,CORRIENTES
loc_7450,7450,LA PUPI,7,CORRIENTES
loc_7451,7451,LA PUPII,7,CORRIENTES
loc_7452,7452,LAS ANIMAS,7,CORRIENTES
loc_7453,7453,LAS DELICIAS,7,CORRIENTES
loc_7454,7454,LAS TRES HERMANAS,7,CORRIENTES
loc_7455,7455,LIBERTAD,7,CORRIENTES
loc_7456,7456,LOMA ALTA,7,CORRIENTES
loc_7457,7457,LOMA NEGRA,7,CORRIENTES
loc_7458,7458,LOMA POY,7,CORRIENTES
loc_7459,7459,LOS GEMELOS,7,CORRIENTES
loc_7460,7460,LOS LAURELES,7,CORRIENTES
loc_7461,7461,LOS TRES HERMANOS,7,CORRIENTES
loc_7462,7462,OJO DE AGUA,7,CORRIENTES
loc_7463,7463,OMBU,7,CORRIENTES
loc_7464,7464,PASO TIRANTE,7,CORRIENTES
loc_7465,7465,PILINCHO,7,CORRIENTES
loc_7466,7466,PLAYADITO,7,CORRIENTES
loc_7467,7467,PORVENIR,7,CORRIENTES
loc_7468,7468,PUERTO NARANJITO,7,CORRIENTES
loc_7469,7469,PUERTO UBAJAY,7,CORRIENTES
loc_7470,7470,PUERTO VALLE,7,CORRIENTES
loc_7471,7471,PUNTA MERCEDES,7,CORRIENTES
loc_7472,7472,RINCON CHICO,7,CORRIENTES
loc_7473,7473,RINCON DEL ROSARIO,7,CORRIENTES
loc_7474,7474,RINCON ITAEMBE,7,CORRIENTES
loc_7475,7475,SALINAS,7,CORRIENTES
loc_7476,7476,SAN ANTONIO,7,CORRIENTES
loc_7477,7477,SAN BORJITA,7,CORRIENTES
loc_7478,7478,SAN CARLOS,7,CORRIENTES
loc_7479,7479,SAN ISIDRO,7,CORRIENTES
loc_7480,7480,SAN JAVIER,7,CORRIENTES
loc_7481,7481,SAN JERONIMO,7,CORRIENTES
loc_7482,7482,SAN JOAQUIN,7,CORRIENTES
loc_7483,7483,SAN JOSE,7,CORRIENTES
loc_7484,7484,SAN JUAN,7,CORRIENTES
loc_7485,7485,SAN JULIAN,7,CORRIENTES
loc_7486,7486,SAN PEDRO,7,CORRIENTES
loc_7487,7487,SANGARA,7,CORRIENTES
loc_7488,7488,SANTA ANA,7,CORRIENTES
loc_7489,7489,SANTA MARIA,7,CORRIENTES
loc_7490,7490,SANTA ROSA,7,CORRIENTES
loc_7491,7491,SANTA TECLA,7,CORRIENTES
loc_7492,7492,SANTO DOMINGO,7,CORRIENTES
loc_7493,7493,SANTO TOMAS,7,CORRIENTES
loc_7494,7494,TRES ARBOLES,7,CORRIENTES
loc_7495,7495,ULAJAY,7,CORRIENTES
loc_7496,7496,URIBURU,7,CORRIENTES
loc_7497,7497,VILLA OLIVARI,7,CORRIENTES
loc_7498,7498,VILLA P ARGENTINA,7,CORRIENTES
loc_7499,7499,VIZCAINO,7,CORRIENTES
loc_7500,7500,ALEN CUE,7,CORRIENTES
loc_7501,7501,BACACAY,7,CORRIENTES
loc_7502,7502,BUENA VISTA,7,CORRIENTES
loc_7503,7503,COLONIA AROCENA INA,7,CORRIENTES
loc_7504,7504,COLONIA CARLOS PELLEGRINI,7,CORRIENTES
loc_7505,7505,COSTA GUAVIRAVI,7,CORRIENTES
loc_7506,7506,ESTANCIA EL PORVENIR,7,CORRIENTES
loc_7507,7507,ESTANCIA LA ARBOLEDA,7,CORRIENTES
loc_7508,7508,ESTANCIA LA LOMA ALTA,7,CORRIENTES
loc_7509,7509,ESTANCIA LOS MILAGROS,7,CORRIENTES
loc_7510,7510,ESTANCIA POZO CUADRADO,7,CORRIENTES
loc_7511,7511,ESTANCIA SAN JUAN,7,CORRIENTES
loc_7512,7512,ESTANCIA SAN SOLANO,7,CORRIENTES
loc_7513,7513,ESTANCIA SOLEDAD,7,CORRIENTES
loc_7514,7514,ESTINGANA,7,CORRIENTES
loc_7515,7515,GUAVIRAVI,7,CORRIENTES
loc_7516,7516,ISOQUI,7,CORRIENTES
loc_7517,7517,LA CRUZ,7,CORRIENTES
loc_7518,7518,LOS MANANTIALES,7,CORRIENTES
loc_7519,7519,LOS TRES CERROS,7,CORRIENTES
loc_7520,7520,SAN GABRIEL,7,CORRIENTES
loc_7521,7521,SAN MIGUEL,7,CORRIENTES
loc_7522,7522,SANTA ELISA,7,CORRIENTES
loc_7523,7523,TRES CERROS,7,CORRIENTES
loc_7524,7524,YAPEYU,7,CORRIENTES
loc_7525,7525,YURUCUA,7,CORRIENTES
loc_7526,7526,ALBARDON,7,CORRIENTES
loc_7527,7527,ARROYO PELON,7,CORRIENTES
loc_7528,7528,ARROYO SAN JUAN,7,CORRIENTES
loc_7529,7529,BUENA VISTA,7,CORRIENTES
loc_7530,7530,COLONIA ALVAREZ,7,CORRIENTES
loc_7531,7531,COLONIA M ABERASTURY,7,CORRIENTES
loc_7532,7532,COLONIA MARIA ESTHER,7,CORRIENTES
loc_7533,7533,COLONIA MATILDE,7,CORRIENTES
loc_7534,7534,COSTA,7,CORRIENTES
loc_7535,7535,COSTA RIO PARANA,7,CORRIENTES
loc_7536,7536,COSTA TOLEDO,7,CORRIENTES
loc_7537,7537,DESAGUADERO,7,CORRIENTES
loc_7538,7538,EL PELON,7,CORRIENTES
loc_7539,7539,ENSENADA GRANDE,7,CORRIENTES
loc_7540,7540,ENSENADITA,7,CORRIENTES
loc_7541,7541,INGENIO PRIMER CORRENTINO,7,CORRIENTES
loc_7542,7542,ISLA IBATAY,7,CORRIENTES
loc_7543,7543,JUAN RAMON VIDAL,7,CORRIENTES
loc_7544,7544,MANDINGA,7,CORRIENTES
loc_7545,7545,MATILDE,7,CORRIENTES
loc_7546,7546,PASO DE LA PATRIA,7,CORRIENTES
loc_7547,7547,PUERTO ARAZA,7,CORRIENTES
loc_7548,7548,PUERTO GONZALEZ,7,CORRIENTES
loc_7549,7549,RINCON,7,CORRIENTES
loc_7550,7550,SAN COSME,7,CORRIENTES
loc_7551,7551,SAN JOSE,7,CORRIENTES
loc_7552,7552,SAN JUAN,7,CORRIENTES
loc_7553,7553,SANTA ANA,7,CORRIENTES
loc_7554,7554,SANTA RITA,7,CORRIENTES
loc_7555,7555,SANTO DOMINGO,7,CORRIENTES
loc_7556,7556,SOCORRO,7,CORRIENTES
loc_7557,7557,SOLEDAD,7,CORRIENTES
loc_7558,7558,TALA CORA,7,CORRIENTES
loc_7559,7559,VECINDAD,7,CORRIENTES
loc_7560,7560,VILLA CUE,7,CORRIENTES
loc_7561,7561,VILLAGA CUE,7,CORRIENTES
loc_7562,7562,8 DE DICIEMBRE,7,CORRIENTES
loc_7563,7563,ALAMO,7,CORRIENTES
loc_7564,7564,ARROYO CARANCHO,7,CORRIENTES
loc_7565,7565,BALENGO,7,CORRIENTES
loc_7567,7567,BATELITO,7,CORRIENTES
loc_7568,7568,BUENA ESPERANZA,7,CORRIENTES
loc_7569,7569,BUENA VISTA,7,CORRIENTES
loc_7570,7570,CAMPO ARAUJO,7,CORRIENTES
loc_7571,7571,CAMPO ESCALADA,7,CORRIENTES
loc_7572,7572,CASUALIDAD,7,CORRIENTES
loc_7573,7573,COLONIA CAROLINA,7,CORRIENTES
loc_7574,7574,COLONIA LA CARMEN,7,CORRIENTES
loc_7575,7575,COLONIA MERCEDES COSSIO,7,CORRIENTES
loc_7576,7576,COLONIA PORVENIR,7,CORRIENTES
loc_7577,7577,COLONIA ROLON COSSIO,7,CORRIENTES
loc_7578,7578,COLONIA SAUCE,7,CORRIENTES
loc_7579,7579,CORONA,7,CORRIENTES
loc_7580,7580,CURTIEMBRE,7,CORRIENTES
loc_7581,7581,EL ROSARIO,7,CORRIENTES
loc_7582,7582,EL TATARE,7,CORRIENTES
loc_7583,7583,EL TRANSITO,7,CORRIENTES
loc_7584,7584,FANEGAS,7,CORRIENTES
loc_7585,7585,GOYA,7,CORRIENTES
loc_7586,7586,GRANJA AMELIA,7,CORRIENTES
loc_7587,7587,IFRAN,7,CORRIENTES
loc_7588,7588,INVERNADA,7,CORRIENTES
loc_7589,7589,ISABEL VICTORIA,7,CORRIENTES
loc_7590,7590,ISLA SOLA,7,CORRIENTES
loc_7591,7591,ITA CURUBI,7,CORRIENTES
loc_7592,7592,LA CARLINA,7,CORRIENTES
loc_7593,7593,LA CELIA,7,CORRIENTES
loc_7594,7594,LA CRUZ,7,CORRIENTES
loc_7595,7595,LA DIANA,7,CORRIENTES
loc_7596,7596,LA ELVIRA,7,CORRIENTES
loc_7597,7597,LAGUNA PUCU,7,CORRIENTES
loc_7598,7598,LOS CEIBOS,7,CORRIENTES
loc_7599,7599,LUJAN,7,CORRIENTES
loc_7600,7600,MANCHITA,7,CORRIENTES
loc_7601,7601,MARUCHAS,7,CORRIENTES
loc_7602,7602,MARUCHITAS,7,CORRIENTES
loc_7603,7603,MASDEU ESCUELA 197,7,CORRIENTES
loc_7604,7604,MORA,7,CORRIENTES
loc_7606,7606,PAGO REDONDO,7,CORRIENTES
loc_7607,7607,PASO BANDERA,7,CORRIENTES
loc_7608,7608,PASO CORONEL,7,CORRIENTES
loc_7609,7609,PASO LOS ANGELES,7,CORRIENTES
loc_7610,7610,PASO RUBIO,7,CORRIENTES
loc_7611,7611,PASO SAN JUAN,7,CORRIENTES
loc_7612,7612,PASO SANTA ROSA,7,CORRIENTES
loc_7613,7613,PUENTE MACHUCA,7,CORRIENTES
loc_7614,7614,PUERTO GOYA,7,CORRIENTES
loc_7615,7615,PUNTA IFRAN,7,CORRIENTES
loc_7616,7616,RANEGAS,7,CORRIENTES
loc_7617,7617,REMANSO,7,CORRIENTES
loc_7618,7618,RINCON DE GOMEZ,7,CORRIENTES
loc_7619,7619,RINCON DE PAGO,7,CORRIENTES
loc_7620,7620,ROLON JACINTO,7,CORRIENTES
loc_7621,7621,SAN ALEJO,7,CORRIENTES
loc_7622,7622,SAN DIONISIO,7,CORRIENTES
loc_7623,7623,SAN GREGORIO,7,CORRIENTES
loc_7624,7624,SAN ISIDRO,7,CORRIENTES
loc_7625,7625,SAN MANUEL,7,CORRIENTES
loc_7626,7626,SAN MARCOS,7,CORRIENTES
loc_7627,7627,SAN MARTIN,7,CORRIENTES
loc_7628,7628,SAN PEDRO,7,CORRIENTES
loc_7629,7629,SANTILLAN,7,CORRIENTES
loc_7630,7630,SOLEDAD,7,CORRIENTES
loc_7631,7631,TARTARIA,7,CORRIENTES
loc_7632,7632,TRES BOCAS,7,CORRIENTES
loc_7633,7633,VILLA ROLON,7,CORRIENTES
loc_7634,7634,BONPLAND,7,CORRIENTES
loc_7635,7635,CABRED,7,CORRIENTES
loc_7636,7636,EL PROGRESO,7,CORRIENTES
loc_7637,7637,ESTANCIA LA CAROLINA,7,CORRIENTES
loc_7638,7638,ESTANCIA LOMATORA,7,CORRIENTES
loc_7639,7639,KILOMETRO 204,7,CORRIENTES
loc_7640,7640,KILOMETRO 235,7,CORRIENTES
loc_7641,7641,KILOMETRO 268,7,CORRIENTES
loc_7642,7642,LA AMELIA,7,CORRIENTES
loc_7643,7643,LA COLORADA,7,CORRIENTES
loc_7644,7644,LA CONSTANCIA,7,CORRIENTES
loc_7645,7645,LA ELENA,7,CORRIENTES
loc_7646,7646,LA VERDE,7,CORRIENTES
loc_7647,7647,LOS PINOS,7,CORRIENTES
loc_7648,7648,MADARIAGA,7,CORRIENTES
loc_7649,7649,MIRADOR,7,CORRIENTES
loc_7650,7650,MIRUNGA,7,CORRIENTES
loc_7651,7651,NUEVA ESPERANZA,7,CORRIENTES
loc_7652,7652,NUEVA PALMIRA,7,CORRIENTES
loc_7654,7654,OMBUCITO,7,CORRIENTES
loc_7655,7655,PALMAR,7,CORRIENTES
loc_7656,7656,PALMITA,7,CORRIENTES
loc_7657,7657,PARADA PUCHETA,7,CORRIENTES
loc_7658,7658,PASO DE LOS LIBRES,7,CORRIENTES
loc_7659,7659,PASO LEDESMA,7,CORRIENTES
loc_7660,7660,PASO ROSARIO,7,CORRIENTES
loc_7661,7661,QUINTA SECCION OMBUCITO,7,CORRIENTES
loc_7662,7662,QUIYATI,7,CORRIENTES
loc_7663,7663,RECREO,7,CORRIENTES
loc_7664,7664,REDUCCION,7,CORRIENTES
loc_7665,7665,RINCON DE YAGUARY,7,CORRIENTES
loc_7666,7666,SAN ANTONIO,7,CORRIENTES
loc_7667,7667,SAN CARLOS,7,CORRIENTES
loc_7668,7668,SAN FELIPE,7,CORRIENTES
loc_7669,7669,SAN FRANCISCO,7,CORRIENTES
loc_7670,7670,SAN FRANCISCO GUAVIRARI,7,CORRIENTES
loc_7671,7671,SAN IGNACIO,7,CORRIENTES
loc_7672,7672,SAN ISIDRO,7,CORRIENTES
loc_7673,7673,SAN JOAQUIN,7,CORRIENTES
loc_7674,7674,SAN JUAN,7,CORRIENTES
loc_7675,7675,SAN PALADIO,7,CORRIENTES
loc_7676,7676,SAN PEDRO,7,CORRIENTES
loc_7677,7677,SAN ROQUITO,7,CORRIENTES
loc_7678,7678,SAN SALVADOR,7,CORRIENTES
loc_7679,7679,SANTA EMILIA,7,CORRIENTES
loc_7680,7680,SANTA ISABEL,7,CORRIENTES
loc_7681,7681,SANTA RITA PARADA PUCHETA,7,CORRIENTES
loc_7682,7682,TAPEBICUA,7,CORRIENTES
loc_7683,7683,TRES HOJAS,7,CORRIENTES
loc_7684,7684,TRISTAN CHICO,7,CORRIENTES
loc_7685,7685,YAPEYU,7,CORRIENTES
loc_7686,7686,ABRA GUAZU,7,CORRIENTES
loc_7687,7687,ALEJANDRIA,7,CORRIENTES
loc_7688,7688,ARROYO SARANDI,7,CORRIENTES
loc_7689,7689,ARROYO SATURNO,7,CORRIENTES
loc_7690,7690,ARROYO SORO,7,CORRIENTES
loc_7691,7691,ARROYO VEGA,7,CORRIENTES
loc_7692,7692,BORANZA,7,CORRIENTES
loc_7693,7693,BUENA VISTA,7,CORRIENTES
loc_7694,7694,CABRAL,7,CORRIENTES
loc_7695,7695,CAMPO BORDON,7,CORRIENTES
loc_7696,7696,CAMPO CAFFERATA,7,CORRIENTES
loc_7697,7697,CAMPO DE CARLOS,7,CORRIENTES
loc_7698,7698,CAMPO MORATO,7,CORRIENTES
loc_7699,7699,CAMPO ROMERO,7,CORRIENTES
loc_7700,7700,CAMPO SAN JACINTO,7,CORRIENTES
loc_7701,7701,CHACRAS NORTE,7,CORRIENTES
loc_7702,7702,CHACRAS SECCION EJIDO,7,CORRIENTES
loc_7703,7703,CHACRAS SUD,7,CORRIENTES
loc_7704,7704,CORONEL ABRAHAM SCHWEIZER,7,CORRIENTES
loc_7706,7706,EL CARMEN,7,CORRIENTES
loc_7707,7707,EL COQUITO,7,CORRIENTES
loc_7708,7708,EL PARQUE,7,CORRIENTES
loc_7709,7709,EL PORVENIR,7,CORRIENTES
loc_7710,7710,EL YAPU,7,CORRIENTES
loc_7711,7711,ESQUINA,7,CORRIENTES
loc_7712,7712,ESTANCIA CAFFERATTA,7,CORRIENTES
loc_7713,7713,ESTANCIA EL CARMEN,7,CORRIENTES
loc_7714,7714,ESTANCIA LAGUNA LIMPIA,7,CORRIENTES
loc_7715,7715,ESTANCIA MARQUEZ LUI,7,CORRIENTES
loc_7716,7716,ESTERO GRANDE,7,CORRIENTES
loc_7717,7717,ESTERO SAUCE,7,CORRIENTES
loc_7718,7718,ESTERO YATAY,7,CORRIENTES
loc_7719,7719,GUAYQUIRARO,7,CORRIENTES
loc_7720,7720,INGA,7,CORRIENTES
loc_7721,7721,JESUS MARIA,7,CORRIENTES
loc_7722,7722,LA AMISTAD,7,CORRIENTES
loc_7723,7723,LA CASUALIDAD,7,CORRIENTES
loc_7724,7724,LA CONCEPCION,7,CORRIENTES
loc_7725,7725,LA EMILIA,7,CORRIENTES
loc_7726,7726,LA FLORENCIA,7,CORRIENTES
loc_7727,7727,LA ISABEL,7,CORRIENTES
loc_7728,7728,LA MOROCHA,7,CORRIENTES
loc_7729,7729,LA NENA,7,CORRIENTES
loc_7730,7730,LA PALMERA,7,CORRIENTES
loc_7731,7731,LAS CUCHILLAS,7,CORRIENTES
loc_7732,7732,LIBERTAD,7,CORRIENTES
loc_7733,7733,LIBERTADOR,7,CORRIENTES
loc_7734,7734,LOS ALGARROBOS,7,CORRIENTES
loc_7735,7735,LOS EUCALIPTOS,7,CORRIENTES
loc_7736,7736,LOS FLOTADORES,7,CORRIENTES
loc_7737,7737,LOS LAURELES,7,CORRIENTES
loc_7738,7738,LOS MEDIOS,7,CORRIENTES
loc_7739,7739,LOS PARAISOS,7,CORRIENTES
loc_7740,7740,MALEZAL,7,CORRIENTES
loc_7741,7741,MALVINAS,7,CORRIENTES
loc_7742,7742,MALVINAS CENTRO,7,CORRIENTES
loc_7743,7743,MALVINAS NORTE,7,CORRIENTES
loc_7744,7744,MALVINAS SUR,7,CORRIENTES
loc_7745,7745,OMBU SOLO,7,CORRIENTES
loc_7746,7746,PARAJE POTON,7,CORRIENTES
loc_7747,7747,PASO ALGARROBO,7,CORRIENTES
loc_7748,7748,PASO CEJAS,7,CORRIENTES
loc_7749,7749,PUEBLITO,7,CORRIENTES
loc_7750,7750,RINCON DE SARANDY,7,CORRIENTES
loc_7751,7751,SAN AGUSTIN,7,CORRIENTES
loc_7752,7752,SAN ANTONIO,7,CORRIENTES
loc_7753,7753,SAN FERNANDO,7,CORRIENTES
loc_7754,7754,SAN FRANCISCO,7,CORRIENTES
loc_7755,7755,SAN GUSTAVO,7,CORRIENTES
loc_7756,7756,SAN JACINTO,7,CORRIENTES
loc_7757,7757,SAN JUAN,7,CORRIENTES
loc_7758,7758,SAN LORENZO,7,CORRIENTES
loc_7759,7759,SAN LUIS,7,CORRIENTES
loc_7760,7760,SAN MARTIN,7,CORRIENTES
loc_7761,7761,SAN ROQUE,7,CORRIENTES
loc_7762,7762,SAN VICENTE,7,CORRIENTES
loc_7763,7763,SANTA ANA,7,CORRIENTES
loc_7764,7764,SANTA CATALINA,7,CORRIENTES
loc_7765,7765,SANTA CECILIA,7,CORRIENTES
loc_7766,7766,SANTA ISABEL,7,CORRIENTES
loc_7767,7767,SANTA LIBRADA,7,CORRIENTES
loc_7768,7768,SANTA RITA,7,CORRIENTES
loc_7769,7769,SARANDI,7,CORRIENTES
loc_7770,7770,TORO CHIPAY,7,CORRIENTES
loc_7771,7771,TRES BOCAS,7,CORRIENTES
loc_7772,7772,VILLA CRISTIA,7,CORRIENTES
loc_7773,7773,AGUIRRE CUE,7,CORRIENTES
loc_7774,7774,AGUIRRE LOMAS,7,CORRIENTES
loc_7775,7775,ALBARDONES,7,CORRIENTES
loc_7776,7776,ALTA MORA,7,CORRIENTES
loc_7777,7777,ARROYO PONTON,7,CORRIENTES
loc_7778,7778,BARGONE,7,CORRIENTES
loc_7779,7779,BREGAIN CUE,7,CORRIENTES
loc_7780,7780,BRIGANIS,7,CORRIENTES
loc_7781,7781,BROJA CUE,7,CORRIENTES
loc_7782,7782,CAMPO GRANDE,7,CORRIENTES
loc_7784,7784,CARABAJAL,7,CORRIENTES
loc_7785,7785,CARUSO APEADERO FCGU,7,CORRIENTES
loc_7786,7786,CAVIA CUE,7,CORRIENTES
loc_7787,7787,CERRUDO CUE,7,CORRIENTES
loc_7788,7788,COLONIA LLANO,7,CORRIENTES
loc_7789,7789,COSTA GRANDE,7,CORRIENTES
loc_7790,7790,EL PONTON,7,CORRIENTES
loc_7791,7791,EL VASCO,7,CORRIENTES
loc_7792,7792,EMPEDRADO LIMPIO,7,CORRIENTES
loc_7793,7793,ESQUIVEL CUE,7,CORRIENTES
loc_7794,7794,GARABATA,7,CORRIENTES
loc_7795,7795,GARRIDO,7,CORRIENTES
loc_7796,7796,GDOR JUAN EUSEBIO TORREN,7,CORRIENTES
loc_7797,7797,HERLITZKA,7,CORRIENTES
loc_7798,7798,KILOMETRO 31,7,CORRIENTES
loc_7799,7799,KILOMETRO 42,7,CORRIENTES
loc_7800,7800,KILOMETRO 49,7,CORRIENTES
loc_7801,7801,KILOMETRO 55,7,CORRIENTES
loc_7802,7802,KILOMETRO 57,7,CORRIENTES
loc_7803,7803,KILOMETRO 61,7,CORRIENTES
loc_7804,7804,KILOMETRO 76,7,CORRIENTES
loc_7805,7805,KILOMETRO 84,7,CORRIENTES
loc_7806,7806,KILOMETRO 89,7,CORRIENTES
loc_7807,7807,KILOMETRO 95,7,CORRIENTES
loc_7808,7808,LA ELOISA,7,CORRIENTES
loc_7809,7809,LAGUNA ALFONSO,7,CORRIENTES
loc_7810,7810,LAS PALMITAS,7,CORRIENTES
loc_7811,7811,LOMAS DE AGUIRRE,7,CORRIENTES
loc_7812,7812,LOMAS DE GALARZA,7,CORRIENTES
loc_7813,7813,LOMAS DE GONZALEZ,7,CORRIENTES
loc_7814,7814,LOMAS ESQUIVEL,7,CORRIENTES
loc_7815,7815,MALOYA,7,CORRIENTES
loc_7816,7816,MONTE GRANDE,7,CORRIENTES
loc_7817,7817,ORATORIO,7,CORRIENTES
loc_7818,7818,PUEBLITO ESPINOSA,7,CORRIENTES
loc_7819,7819,RALERA SUD,7,CORRIENTES
loc_7820,7820,RIACHUELITO,7,CORRIENTES
loc_7821,7821,RIACHUELO BARDECI,7,CORRIENTES
loc_7822,7822,RINCON DE LAS MERCEDES,7,CORRIENTES
loc_7823,7823,SAN LUIS DEL PALMAR,7,CORRIENTES
loc_7824,7824,SANTA TERESA,7,CORRIENTES
loc_7825,7825,SANTOS LUGARES,7,CORRIENTES
loc_7826,7826,SOMBRERO,7,CORRIENTES
loc_7827,7827,TIQUINO,7,CORRIENTES
loc_7828,7828,TRES CRUCES,7,CORRIENTES
loc_7829,7829,TRIPOLI,7,CORRIENTES
loc_7830,7830,BEDOYA,7,CORRIENTES
loc_7831,7831,BERON DE ASTRADA,7,CORRIENTES
loc_7832,7832,COLONIA,7,CORRIENTES
loc_7833,7833,COLONIA BERON DE ASTRADA,7,CORRIENTES
loc_7834,7834,ESTANCIA LA CARMENCHA,7,CORRIENTES
loc_7835,7835,ESTANCIA MBOTA,7,CORRIENTES
loc_7836,7836,ESTANCIA SAN ANTONIO,7,CORRIENTES
loc_7837,7837,ISLA TACUARA,7,CORRIENTES
loc_7838,7838,MARTINEZ CUE,7,CORRIENTES
loc_7839,7839,MBARIGUI,7,CORRIENTES
loc_7840,7840,PALMAR,7,CORRIENTES
loc_7841,7841,PASO POTRERO,7,CORRIENTES
loc_7842,7842,PIRAYU,7,CORRIENTES
loc_7843,7843,PUESTO DE ISLA,7,CORRIENTES
loc_7844,7844,RINCON,7,CORRIENTES
loc_7845,7845,RUIZ CUE,7,CORRIENTES
loc_7846,7846,TORO I,7,CORRIENTES
loc_7847,7847,TORO PICHAY,7,CORRIENTES
loc_7848,7848,VALENCIA,7,CORRIENTES
loc_7849,7849,VILLA LUJAN,7,CORRIENTES
loc_7850,7850,YAHAPE,7,CORRIENTES
loc_7851,7851,ARROYO BALMACEDA,7,CORRIENTES
loc_7852,7852,BARRANQUERAS,7,CORRIENTES
loc_7853,7853,BASTIDORES,7,CORRIENTES
loc_7854,7854,CARANDAITI,7,CORRIENTES
loc_7855,7855,CARRETA PASO,7,CORRIENTES
loc_7856,7856,CASUALIDAD,7,CORRIENTES
loc_7857,7857,CATALAN CUE,7,CORRIENTES
loc_7858,7858,COLONIA,7,CORRIENTES
loc_7859,7859,COLONIA CAIMAN,7,CORRIENTES
loc_7860,7860,COLONIA GAIMAN,7,CORRIENTES
loc_7861,7861,COLONIA LA UNION,7,CORRIENTES
loc_7862,7862,COLONIA MADARIAGA,7,CORRIENTES
loc_7863,7863,COLONIA SAN ANTONIO,7,CORRIENTES
loc_7864,7864,COSTA CENISAL,7,CORRIENTES
loc_7865,7865,CURUPAYTI,7,CORRIENTES
loc_7866,7866,CURUZU LAUREL,7,CORRIENTES
loc_7867,7867,INFANTE,7,CORRIENTES
loc_7868,7868,IPACARAPA,7,CORRIENTES
loc_7869,7869,ITA PASO,7,CORRIENTES
loc_7870,7870,LA ANGELA,7,CORRIENTES
loc_7871,7871,LA PACHINA,7,CORRIENTES
loc_7872,7872,LAPACHO,7,CORRIENTES
loc_7873,7873,LOMAS SAN JUAN,7,CORRIENTES
loc_7874,7874,LORETO,7,CORRIENTES
loc_7875,7875,LOS SAUCES,7,CORRIENTES
loc_7876,7876,MBOI CUA,7,CORRIENTES
loc_7879,7879,OBRAJE DEL VASCO,7,CORRIENTES
loc_7880,7880,OMBU,7,CORRIENTES
loc_7881,7881,PALMA SOLA,7,CORRIENTES
loc_7882,7882,SAN MIGUEL,7,CORRIENTES
loc_7883,7883,SAN NICOLAS,7,CORRIENTES
loc_7884,7884,SAN SEBASTIAN,7,CORRIENTES
loc_7885,7885,SANTA ISABEL,7,CORRIENTES
loc_7886,7886,SILVERO CUE,7,CORRIENTES
loc_7887,7887,TACUARAL,7,CORRIENTES
loc_7888,7888,TACUAREMBO,7,CORRIENTES
loc_7889,7889,TAPE RATI,7,CORRIENTES
loc_7890,7890,TIMBO PASO,7,CORRIENTES
loc_7891,7891,VERON CUE,7,CORRIENTES
loc_7892,7892,YATAYTI POI,7,CORRIENTES
loc_7893,7893,YATAYTI SATA,7,CORRIENTES
loc_7894,7894,YTA PASO,7,CORRIENTES
loc_7895,7895,YUQUERI,7,CORRIENTES
loc_7896,7896,ARISTIA,7,CORRIENTES
loc_7897,7897,ARROYO SECO,7,CORRIENTES
loc_7898,7898,BARRANCAS,7,CORRIENTES
loc_7899,7899,BUENA VENTURA,7,CORRIENTES
loc_7900,7900,BUENA VISTA,7,CORRIENTES
loc_7901,7901,CAMPO MAIDANA,7,CORRIENTES
loc_7902,7902,CAMPO POY,7,CORRIENTES
loc_7904,7904,CAVI POY,7,CORRIENTES
loc_7905,7905,DOS HERMANAS,7,CORRIENTES
loc_7906,7906,EL TESORO,7,CORRIENTES
loc_7907,7907,EL TIGRE,7,CORRIENTES
loc_7908,7908,ESTANCIA RINCON GRANDE,7,CORRIENTES
loc_7909,7909,FERRET,7,CORRIENTES
loc_7910,7910,LA CONCEPCION,7,CORRIENTES
loc_7911,7911,LA DELICIA,7,CORRIENTES
loc_7912,7912,LA ESTRELLA,7,CORRIENTES
loc_7913,7913,LA FE,7,CORRIENTES
loc_7914,7914,LA GARCIA,7,CORRIENTES
loc_7915,7915,LA LEONOR,7,CORRIENTES
loc_7917,7917,LAS TAPERAS,7,CORRIENTES
loc_7918,7918,LIMAS CUE,7,CORRIENTES
loc_7919,7919,LINDA VISTA,7,CORRIENTES
loc_7920,7920,LOMA ALTA,7,CORRIENTES
loc_7921,7921,LOS EUCALIPTOS,7,CORRIENTES
loc_7922,7922,MARTIN GARCIA,7,CORRIENTES
loc_7923,7923,PASO BERMUDEZ,7,CORRIENTES
loc_7924,7924,PASO DE MULA,7,CORRIENTES
loc_7925,7925,PUJOL BEDOYA,7,CORRIENTES
loc_7926,7926,PUNTAS DE FRANCISCO GOMEZ,7,CORRIENTES
loc_7927,7927,PUNTAS DEL TIGRE,7,CORRIENTES
loc_7928,7928,RINCON DE ANIMAS,7,CORRIENTES
loc_7929,7929,RINCON DEL TIGRE,7,CORRIENTES
loc_7930,7930,SAN JOSE,7,CORRIENTES
loc_7931,7931,SAN LUIS,7,CORRIENTES
loc_7932,7932,SAN LUIS CUE,7,CORRIENTES
loc_7933,7933,SAN MARTIN,7,CORRIENTES
loc_7934,7934,SANTA ROSA,7,CORRIENTES
loc_7935,7935,SANTA TERESA,7,CORRIENTES
loc_7936,7936,SAUCE,7,CORRIENTES
loc_7937,7937,SAUCESITO,7,CORRIENTES
loc_7938,7938,SERIANO CUE,7,CORRIENTES
loc_7939,7939,SOTO,7,CORRIENTES
loc_7940,7940,VILLA ORTIZ,7,CORRIENTES
loc_7941,7941,VILLA SOTO,7,CORRIENTES
loc_7942,7942,VILLA TESARO,7,CORRIENTES
loc_7943,7943,ALFONSO LOMAS,7,CORRIENTES
loc_7944,7944,ARBOL SOLO,7,CORRIENTES
loc_7945,7945,ARROYO GRANDE,7,CORRIENTES
loc_7946,7946,BAYGORRIA,7,CORRIENTES
loc_7947,7947,BOQUERON,7,CORRIENTES
loc_7948,7948,CAAGUAZU,7,CORRIENTES
loc_7949,7949,CALLEJON,7,CORRIENTES
loc_7950,7950,CAPI VARI,7,CORRIENTES
loc_7951,7951,CAPIGUARI,7,CORRIENTES
loc_7952,7952,CAPITA MINI,7,CORRIENTES
loc_7953,7953,CAPITAN JOAQUIN MADARIAGA,7,CORRIENTES
loc_7954,7954,EL CERRITO,7,CORRIENTES
loc_7955,7955,EL PILAR,7,CORRIENTES
loc_7956,7956,EL REMANSO,7,CORRIENTES
loc_7957,7957,EST SOLARI,7,CORRIENTES
loc_7958,7958,ESTANCIA AGUACEROS,7,CORRIENTES
loc_7959,7959,ESTANCIA CERRO VERDE,7,CORRIENTES
loc_7960,7960,ESTANCIA GONZALEZ CRUZ,7,CORRIENTES
loc_7961,7961,ESTANCIA ITA CAABO,7,CORRIENTES
loc_7962,7962,ESTANCIA LA CALERA,7,CORRIENTES
loc_7963,7963,ESTANCIA LA MARIA,7,CORRIENTES
loc_7964,7964,ESTANCIA MANDURE,7,CORRIENTES
loc_7965,7965,ESTANCIA ROSARIO,7,CORRIENTES
loc_7966,7966,ESTANCIA SANTA CRUZ,7,CORRIENTES
loc_7967,7967,ESTANCIA TUNAS,7,CORRIENTES
loc_7968,7968,FELIPE YOFRE,7,CORRIENTES
loc_7969,7969,IBIRA PITA,7,CORRIENTES
loc_7970,7970,ITA CORA,7,CORRIENTES
loc_7971,7971,ITA PUCU,7,CORRIENTES
loc_7972,7972,ITATI RINCON,7,CORRIENTES
loc_7973,7973,JUSTINO SOLARI,7,CORRIENTES
loc_7974,7974,KILOMETRO 261,7,CORRIENTES
loc_7975,7975,KILOMETRO 287 FCGU,7,CORRIENTES
loc_7976,7976,KILOMETRO 296,7,CORRIENTES
loc_7977,7977,LA AGRIPINA,7,CORRIENTES
loc_7978,7978,LA AURORA,7,CORRIENTES
loc_7979,7979,LA BELERMINA,7,CORRIENTES
loc_7980,7980,LA CARLOTA,7,CORRIENTES
loc_7981,7981,LA ESTRELLA,7,CORRIENTES
loc_7982,7982,LA HAYDEE,7,CORRIENTES
loc_7983,7983,LAS ELINAS,7,CORRIENTES
loc_7984,7984,LAS ROSAS,7,CORRIENTES
loc_7985,7985,MARIA DEL CARMEN,7,CORRIENTES
loc_7986,7986,MARIA IDALINA,7,CORRIENTES
loc_7987,7987,MARIANO I LOZA EST SOLARI,7,CORRIENTES
loc_7988,7988,MERCEDES,7,CORRIENTES
loc_7989,7989,NARANJITO,7,CORRIENTES
loc_7990,7990,PAIMBRE,7,CORRIENTES
loc_7991,7991,PASAJE SANTA JUANA,7,CORRIENTES
loc_7992,7992,PASO MESA,7,CORRIENTES
loc_7993,7993,PASO PUCHETA,7,CORRIENTES
loc_7994,7994,PAY UBRE CHICO,7,CORRIENTES
loc_7995,7995,PIEDRA ITA PUCU,7,CORRIENTES
loc_7996,7996,RINCON DE YAGUARY,7,CORRIENTES
loc_7997,7997,RINCON TRANQUERA GENERAL,7,CORRIENTES
loc_7998,7998,SALTO ITA JHASE,7,CORRIENTES
loc_7999,7999,SAN CARLOS,7,CORRIENTES
loc_8000,8000,SAN EDUARDO,7,CORRIENTES
loc_8001,8001,SAN NICOLAS,7,CORRIENTES
loc_8002,8002,TACURAL,7,CORRIENTES
loc_8003,8003,TACURAL MERCEDES,7,CORRIENTES
loc_8004,8004,TARANGULLO,7,CORRIENTES
loc_8005,8005,TATARE,7,CORRIENTES
loc_8006,8006,UGUAY,7,CORRIENTES
loc_8007,8007,YUQUERI,7,CORRIENTES
loc_8008,8008,AGUAPEY,7,CORRIENTES
loc_8009,8009,BOQUERON,7,CORRIENTES
loc_8010,8010,CAA GARAY GDOR VALENTIN,7,CORRIENTES
loc_8011,8011,CAABY POY,7,CORRIENTES
loc_8012,8012,CAMBAL,7,CORRIENTES
loc_8013,8013,CARABI POY,7,CORRIENTES
loc_8014,8014,CASUALIDAD,7,CORRIENTES
loc_8015,8015,CAU GARAY,7,CORRIENTES
loc_8016,8016,CAZA PAVA,7,CORRIENTES
loc_8017,8017,COLONIA GOBERNADOR RUIZ,7,CORRIENTES
loc_8018,8018,COLONIA JOSE R GOMEZ,7,CORRIENTES
loc_8019,8019,COLONIA SAN MATEO,7,CORRIENTES
loc_8020,8020,CORONEL DESIDERIO SOSA,7,CORRIENTES
loc_8021,8021,CUAY CHICO,7,CORRIENTES
loc_8022,8022,CUAY GRANDE,7,CORRIENTES
loc_8023,8023,DON MAXIMO,7,CORRIENTES
loc_8024,8024,EL CARMEN,7,CORRIENTES
loc_8025,8025,ESTANCIA BUENA VISTA,7,CORRIENTES
loc_8026,8026,ESTANCIA CASURINA,7,CORRIENTES
loc_8027,8027,ESTANCIA DURRUTI,7,CORRIENTES
loc_8028,8028,ESTANCIA EL OMBU,7,CORRIENTES
loc_8029,8029,ESTANCIA SAN MATEO,7,CORRIENTES
loc_8030,8030,ESTANCIA SAN MIGUEL,7,CORRIENTES
loc_8031,8031,GALARZA CUE,7,CORRIENTES
loc_8032,8032,GARRUCHOS,7,CORRIENTES
loc_8033,8033,GDOR ING V VIRASORO,7,CORRIENTES
loc_8034,8034,GOBERNADOR RUIZ,7,CORRIENTES
loc_8035,8035,GOMEZ CUE,7,CORRIENTES
loc_8036,8036,GUAY GRANDE,7,CORRIENTES
loc_8037,8037,IBERA,7,CORRIENTES
loc_8038,8038,ISLA GRANDE,7,CORRIENTES
loc_8039,8039,ISLA SAN MATEO,7,CORRIENTES
loc_8040,8040,ITA CUA,7,CORRIENTES
loc_8041,8041,JOSE RAFAEL GOMEZ GARABI,7,CORRIENTES
loc_8042,8042,KILOMETRO 442,7,CORRIENTES
loc_8043,8043,KILOMETRO 459,7,CORRIENTES
loc_8044,8044,KILOMETRO 470,7,CORRIENTES
loc_8045,8045,KILOMETRO 475,7,CORRIENTES
loc_8046,8046,KILOMETRO 479,7,CORRIENTES
loc_8047,8047,KILOMETRO 489,7,CORRIENTES
loc_8048,8048,KILOMETRO 506,7,CORRIENTES
loc_8049,8049,KILOMETRO 517,7,CORRIENTES
loc_8050,8050,LA CRIOLLA,7,CORRIENTES
loc_8051,8051,LAS RATAS,7,CORRIENTES
loc_8052,8052,LOS BRETES,7,CORRIENTES
loc_8053,8053,NUEVO PARAISO,7,CORRIENTES
loc_8054,8054,PASO CONCEPCION,7,CORRIENTES
loc_8055,8055,PUERTO HORMIGUERO,7,CORRIENTES
loc_8056,8056,PUERTO LAS LAJAS,7,CORRIENTES
loc_8057,8057,PUERTO LAS TACUARITAS,7,CORRIENTES
loc_8058,8058,PUERTO PIEDRA,7,CORRIENTES
loc_8059,8059,RINCON DE MERCEDES,7,CORRIENTES
loc_8060,8060,RINCON MERCEDES ESTANCIA,7,CORRIENTES
loc_8061,8061,SAN ALONSO,7,CORRIENTES
loc_8062,8062,SAN ANTONIO,7,CORRIENTES
loc_8063,8063,SAN FRANCISCO,7,CORRIENTES
loc_8064,8064,SAN GABRIEL,7,CORRIENTES
loc_8065,8065,SAN JUSTO,7,CORRIENTES
loc_8066,8066,SAN VICENTE,7,CORRIENTES
loc_8067,8067,SANTO TOME,7,CORRIENTES
loc_8068,8068,SOSA,7,CORRIENTES
loc_8069,8069,TABLADA,7,CORRIENTES
loc_8070,8070,TAREIRI,7,CORRIENTES
loc_8071,8071,TOPADOR,7,CORRIENTES
loc_8072,8072,TRES TAPERAS,7,CORRIENTES
loc_8073,8073,VUELTA DEL OMBU,7,CORRIENTES
loc_8074,8074,AGUAY,7,CORRIENTES
loc_8075,8075,ALGARROBAL,7,CORRIENTES
loc_8076,8076,ALGARROBAL PUISOYE,7,CORRIENTES
loc_8077,8077,ALGARROBALES,7,CORRIENTES
loc_8078,8078,ALTAMORA PARADA,7,CORRIENTES
loc_8079,8079,ANGOSTURA,7,CORRIENTES
loc_8080,8080,ARERUNGUA,7,CORRIENTES
loc_8081,8081,AYALA CUE,7,CORRIENTES
loc_8082,8082,BLANCO CUE,7,CORRIENTES
loc_8083,8083,CAA CATI,7,CORRIENTES
loc_8085,8085,CAPILLITA,7,CORRIENTES
loc_8086,8086,CERRITO,7,CORRIENTES
loc_8087,8087,CHIRCAL,7,CORRIENTES
loc_8088,8088,COLONIA AMADEI,7,CORRIENTES
loc_8089,8089,COLONIA BRANCHI,7,CORRIENTES
loc_8090,8090,COLONIA DANUZZO,7,CORRIENTES
loc_8091,8091,COLONIA DURAZNO,7,CORRIENTES
loc_8092,8092,COLONIA FLORENCIA,7,CORRIENTES
loc_8093,8093,COLONIA JUAN PUJOL,7,CORRIENTES
loc_8094,8094,COLONIA PUCHETA,7,CORRIENTES
loc_8095,8095,COLONIA ROMERO,7,CORRIENTES
loc_8096,8096,COLONIA SAN MARTIN,7,CORRIENTES
loc_8097,8097,COLONIA TACUARALITO,7,CORRIENTES
loc_8098,8098,COSTA SANTA LUCIA,7,CORRIENTES
loc_8099,8099,COSTAS,7,CORRIENTES
loc_8100,8100,EL PALMAR,7,CORRIENTES
loc_8101,8101,EL SALVADOR,7,CORRIENTES
loc_8102,8102,FERNANDEZ,7,CORRIENTES
loc_8103,8103,FRONTERA,7,CORRIENTES
loc_8104,8104,GENERAL PAZ,7,CORRIENTES
loc_8105,8105,IBAHAY,7,CORRIENTES
loc_8106,8106,ITA IBATE,7,CORRIENTES
loc_8107,8107,KILOMETRO 151,7,CORRIENTES
loc_8108,8108,LA FLECHA,7,CORRIENTES
loc_8109,8109,LA JAULA,7,CORRIENTES
loc_8110,8110,LA LOMA,7,CORRIENTES
loc_8111,8111,LA LOMA TORRENT,7,CORRIENTES
loc_8112,8112,LA PARADA,7,CORRIENTES
loc_8113,8113,LOMA ALTA,7,CORRIENTES
loc_8114,8114,LOMA VILLANUEVA,7,CORRIENTES
loc_8115,8115,LOMAS DE VALLEJOS,7,CORRIENTES
loc_8116,8116,LOMAS DE VERGARA,7,CORRIENTES
loc_8117,8117,LOMAS RAMIREZ,7,CORRIENTES
loc_8118,8118,LOMAS REDONDAS,7,CORRIENTES
loc_8119,8119,LOMAS VAZQUEZ,7,CORRIENTES
loc_8120,8120,LOS VENCES,7,CORRIENTES
loc_8121,8121,MALOYITA,7,CORRIENTES
loc_8122,8122,NARANJATY,7,CORRIENTES
loc_8123,8123,NTRA SRA DEL ROS DE CAA CATI,7,CORRIENTES
loc_8124,8124,OBRAJE CUE,7,CORRIENTES
loc_8125,8125,OMBU LOMAS,7,CORRIENTES
loc_8126,8126,PALMAR ARERUNGUA,7,CORRIENTES
loc_8127,8127,PALMAR GRANDE,7,CORRIENTES
loc_8128,8128,PARAJE BARRANQUITAS,7,CORRIENTES
loc_8129,8129,PASO FLORENTIN,7,CORRIENTES
loc_8130,8130,PASO GALLEGO,7,CORRIENTES
loc_8131,8131,PASO LUCERO,7,CORRIENTES
loc_8133,8133,PUESTO LATA,7,CORRIENTES
loc_8134,8134,PUISOYE,7,CORRIENTES
loc_8135,8135,PUNTA GRANDE,7,CORRIENTES
loc_8136,8136,RINCON DE VENCES,7,CORRIENTES
loc_8137,8137,RINCON ZALAZAR,7,CORRIENTES
loc_8138,8138,RODEITO,7,CORRIENTES
loc_8139,8139,ROMERO,7,CORRIENTES
loc_8140,8140,ROSADITO,7,CORRIENTES
loc_8141,8141,SAN JOSE,7,CORRIENTES
loc_8142,8142,SANTA ISABEL,7,CORRIENTES
loc_8143,8143,TACUARACARENDY,7,CORRIENTES
loc_8144,8144,TACUARAL,7,CORRIENTES
loc_8145,8145,TALATY,7,CORRIENTES
loc_8146,8146,TILITA,7,CORRIENTES
loc_8147,8147,TIMBO CORA,7,CORRIENTES
loc_8148,8148,TOLATU,7,CORRIENTES
loc_8149,8149,VERGARA,7,CORRIENTES
loc_8150,8150,VERGARA LOMAS,7,CORRIENTES
loc_8151,8151,VILLA SAN RAMON,7,CORRIENTES
loc_8152,8152,ZAPALLAR,7,CORRIENTES
loc_8153,8153,ZAPALLOS,7,CORRIENTES
loc_8154,8154,ACASAPE,19,SAN LUIS
loc_8155,8155,AGUA SEBALLE,19,SAN LUIS
loc_8156,8156,AGUAS DE PIEDRAS,19,SAN LUIS
loc_8157,8157,ALGARROBITOS,19,SAN LUIS
loc_8158,8158,ALTO BLANCO,19,SAN LUIS
loc_8159,8159,ALTO DEL LEON,19,SAN LUIS
loc_8160,8160,ALTO DEL VALLE,19,SAN LUIS
loc_8161,8161,ALTO GRANDE,19,SAN LUIS
loc_8162,8162,ALTO PELADO,19,SAN LUIS
loc_8163,8163,ALTO PENCOSO,19,SAN LUIS
loc_8164,8164,BALDA,19,SAN LUIS
loc_8165,8165,BALDE,19,SAN LUIS
loc_8166,8166,BARRANCA COLORADA,19,SAN LUIS
loc_8167,8167,BEAZLEY,19,SAN LUIS
loc_8168,8168,BEBEDERO,19,SAN LUIS
loc_8169,8169,BELLA VISTA,19,SAN LUIS
loc_8170,8170,CAMPO DE SAN PEDRO,19,SAN LUIS
loc_8171,8171,CAÑA LARGA,19,SAN LUIS
loc_8172,8172,CERRO VARELA,19,SAN LUIS
loc_8173,8173,CERRO VIEJO,19,SAN LUIS
loc_8174,8174,CHARLONE,19,SAN LUIS
loc_8175,8175,CHICHAQUITA,19,SAN LUIS
loc_8176,8176,CHISCHACA,19,SAN LUIS
loc_8177,8177,CHOSMES,19,SAN LUIS
loc_8178,8178,COLONIA SANTA VIRGINIA,19,SAN LUIS
loc_8179,8179,CORTADERAS,19,SAN LUIS
loc_8180,8180,CUCHI CORRAL,19,SAN LUIS
loc_8181,8181,DANIEL DONOVAN,19,SAN LUIS
loc_8182,8182,EL CAZADOR,19,SAN LUIS
loc_8183,8183,EL CHAÑAR,19,SAN LUIS
loc_8184,8184,EL CHARCO,19,SAN LUIS
loc_8185,8185,EL CHORRILLO,19,SAN LUIS
loc_8186,8186,EL LECHUZO,19,SAN LUIS
loc_8187,8187,EL MATACO,19,SAN LUIS
loc_8188,8188,EL MILAGRO,19,SAN LUIS
loc_8189,8189,EL MOLLE,19,SAN LUIS
loc_8190,8190,EL NEGRO,19,SAN LUIS
loc_8191,8191,EL QUEBRACHO,19,SAN LUIS
loc_8192,8192,EL RIECITO,19,SAN LUIS
loc_8193,8193,EL SOCORRO,19,SAN LUIS
loc_8194,8194,EL TALITA,19,SAN LUIS
loc_8195,8195,EL TOTORAL,19,SAN LUIS
loc_8196,8196,EL VOLCAN,19,SAN LUIS
loc_8197,8197,ESTACION ZANJITAS,19,SAN LUIS
loc_8198,8198,ESTANCIA RIVADAVIA,19,SAN LUIS
loc_8199,8199,FORTIN SALTO,19,SAN LUIS
loc_8200,8200,GORGONTA,19,SAN LUIS
loc_8201,8201,GUASQUITA,19,SAN LUIS
loc_8202,8202,HUEJEDA,19,SAN LUIS
loc_8203,8203,JARILLA,19,SAN LUIS
loc_8204,8204,JUAN W GEZ,19,SAN LUIS
loc_8205,8205,JUANA KOSLAY,19,SAN LUIS
loc_8206,8206,LA AGUA NUEVA,19,SAN LUIS
loc_8207,8207,LA AMARGA,19,SAN LUIS
loc_8208,8208,LA BONITA,19,SAN LUIS
loc_8209,8209,LA BREA,19,SAN LUIS
loc_8210,8210,LA CABRA,19,SAN LUIS
loc_8211,8211,LA CAÑADA,19,SAN LUIS
loc_8212,8212,LA CORTADERA,19,SAN LUIS
loc_8213,8213,LA COSTA,19,SAN LUIS
loc_8214,8214,LA DULCE,19,SAN LUIS
loc_8215,8215,LA ESPESURA,19,SAN LUIS
loc_8216,8216,LA IRENE,19,SAN LUIS
loc_8217,8217,LA JERGA,19,SAN LUIS
loc_8218,8218,LA NELIDA,19,SAN LUIS
loc_8219,8219,LA PAMPA,19,SAN LUIS
loc_8220,8220,LA PEREGRINA,19,SAN LUIS
loc_8221,8221,LA PUNTA,19,SAN LUIS
loc_8222,8222,LA REFORMA,19,SAN LUIS
loc_8223,8223,LA REPRESA,19,SAN LUIS
loc_8224,8224,LA SELVA,19,SAN LUIS
loc_8225,8225,LA SEÑA,19,SAN LUIS
loc_8226,8226,LA TOSCA,19,SAN LUIS
loc_8227,8227,LA TOTORA,19,SAN LUIS
loc_8228,8228,LA UNION,19,SAN LUIS
loc_8229,8229,LA VERDE,19,SAN LUIS
loc_8230,8230,LAGUNA SECA,19,SAN LUIS
loc_8231,8231,LAS BARRANCAS,19,SAN LUIS
loc_8232,8232,LAS CAÑITAS,19,SAN LUIS
loc_8233,8233,LAS CHACRAS DE SAN MARTIN,19,SAN LUIS
loc_8234,8234,LAS COLONIAS,19,SAN LUIS
loc_8235,8235,LAS GAMAS,19,SAN LUIS
loc_8236,8236,LAS LAGUNITAS,19,SAN LUIS
loc_8237,8237,LAS PIEDRITAS,19,SAN LUIS
loc_8238,8238,LAS TRES CAÑADAS,19,SAN LUIS
loc_8239,8239,LAS VIZCACHERAS,19,SAN LUIS
loc_8240,8240,LINCE,19,SAN LUIS
loc_8241,8241,LOS CERRILLOS,19,SAN LUIS
loc_8242,8242,LOS CHAÑARITOS,19,SAN LUIS
loc_8243,8243,LOS CLAVELES,19,SAN LUIS
loc_8244,8244,LOS COROS,19,SAN LUIS
loc_8245,8245,LOS JAGUELES,19,SAN LUIS
loc_8246,8246,LOS PUQUIOS,19,SAN LUIS
loc_8247,8247,LOS TAMARIÑOS,19,SAN LUIS
loc_8248,8248,MANTILLA,19,SAN LUIS
loc_8249,8249,MATACO,19,SAN LUIS
loc_8250,8250,MOSMOTA,19,SAN LUIS
loc_8251,8251,NEGRO MUERTO,19,SAN LUIS
loc_8252,8252,PAJE,19,SAN LUIS
loc_8253,8253,PALOMAR,19,SAN LUIS
loc_8254,8254,PASO ANCHO,19,SAN LUIS
loc_8255,8255,PASO DE LA TIERRA,19,SAN LUIS
loc_8256,8256,PASO DE LAS SALINAS,19,SAN LUIS
loc_8257,8257,PASO DE LAS TOSCAS,19,SAN LUIS
loc_8258,8258,PASO DE LAS VACAS,19,SAN LUIS
loc_8259,8259,PASO DE LOS BAYOS,19,SAN LUIS
loc_8260,8260,PASO LOS ALGARROBOS,19,SAN LUIS
loc_8261,8261,PESCADORES,19,SAN LUIS
loc_8262,8262,POTRERO DE LOS FUNES,19,SAN LUIS
loc_8263,8263,POZO CERCADO,19,SAN LUIS
loc_8264,8264,POZO DEL CARRIL,19,SAN LUIS
loc_8265,8265,POZO ESCONDIDO,19,SAN LUIS
loc_8266,8266,PUENTE LA ORQUETA,19,SAN LUIS
loc_8267,8267,PUERTA DE LA ISLA,19,SAN LUIS
loc_8268,8268,PUESTO DE LOS JUMES,19,SAN LUIS
loc_8269,8269,PUNTA DEL CERRO,19,SAN LUIS
loc_8270,8270,PUNTOS DE AGUA,19,SAN LUIS
loc_8271,8271,REFORMA CHICA,19,SAN LUIS
loc_8272,8272,REPRESA DEL CHAÑAR,19,SAN LUIS
loc_8273,8273,REPRESA DEL MONTE,19,SAN LUIS
loc_8274,8274,SALINAS DEL BEBEDERO,19,SAN LUIS
loc_8275,8275,SALITRAL,19,SAN LUIS
loc_8276,8276,SALTO CHICO,19,SAN LUIS
loc_8279,8279,SAN JORGE,19,SAN LUIS
loc_8280,8280,SAN LUIS,19,SAN LUIS
loc_8281,8281,SAN MARTIN,19,SAN LUIS
loc_8282,8282,SAN RAIMUNDO,19,SAN LUIS
loc_8283,8283,SAN ROQUE,19,SAN LUIS
loc_8284,8284,SAN VICENTE,19,SAN LUIS
loc_8285,8285,SANTA DIONISIA,19,SAN LUIS
loc_8286,8286,SANTA ISABEL,19,SAN LUIS
loc_8287,8287,SANTA RITA,19,SAN LUIS
loc_8289,8289,SANTA TERESA,19,SAN LUIS
loc_8291,8291,TAMASCANES,19,SAN LUIS
loc_8292,8292,TRANSVAL,19,SAN LUIS
loc_8293,8293,TRAVESIA,19,SAN LUIS
loc_8294,8294,TRES CAÑADAS,19,SAN LUIS
loc_8295,8295,TRES MARIAS,19,SAN LUIS
loc_8296,8296,TUKIROS,19,SAN LUIS
loc_8297,8297,VACAS MUERTAS,19,SAN LUIS
loc_8298,8298,VARELA,19,SAN LUIS
loc_8299,8299,9 DE JULIO,19,SAN LUIS
loc_8300,8300,AGUA LINDA,19,SAN LUIS
loc_8301,8301,ALANICES,19,SAN LUIS
loc_8302,8302,ALTO DEL MOLLE,19,SAN LUIS
loc_8303,8303,ALTO DEL VALLE,19,SAN LUIS
loc_8304,8304,ANCAMILLA,19,SAN LUIS
loc_8305,8305,ARBOLES BLANCOS,19,SAN LUIS
loc_8306,8306,ARROYO DE VILCHES,19,SAN LUIS
loc_8307,8307,ARROYO LA CAL,19,SAN LUIS
loc_8308,8308,BAJO DE CONLARA,19,SAN LUIS
loc_8309,8309,BAJO LA LAGUNA,19,SAN LUIS
loc_8310,8310,BARRANQUITAS,19,SAN LUIS
loc_8311,8311,CABEZA DE NOVILLO,19,SAN LUIS
loc_8312,8312,CAIN DE LOS TIGRES,19,SAN LUIS
loc_8316,8316,CAÑADA DE LOS TIGRES,19,SAN LUIS
loc_8320,8320,CAÑADITAS,19,SAN LUIS
loc_8321,8321,CAÑITAS,19,SAN LUIS
loc_8322,8322,CASA DE CONDOR,19,SAN LUIS
loc_8323,8323,CASA DE PIEDRA,19,SAN LUIS
loc_8324,8324,CERRITO,19,SAN LUIS
loc_8325,8325,CERRITO NEGRO,19,SAN LUIS
loc_8326,8326,CERRO COLORADO,19,SAN LUIS
loc_8327,8327,CHACRITAS,19,SAN LUIS
loc_8328,8328,CHUTUNSA,19,SAN LUIS
loc_8329,8329,CONSUELO,19,SAN LUIS
loc_8330,8330,CORRAL DEL TALA,19,SAN LUIS
loc_8331,8331,CORRALES,19,SAN LUIS
loc_8332,8332,CORTADERAS,19,SAN LUIS
loc_8333,8333,CRUCECITAS,19,SAN LUIS
loc_8334,8334,CRUZ BRILLANTE,19,SAN LUIS
loc_8335,8335,CUEVA DE TIGRE,19,SAN LUIS
loc_8336,8336,DIVISADERO,19,SAN LUIS
loc_8337,8337,DORMIDA,19,SAN LUIS
loc_8338,8338,DURAZNITO,19,SAN LUIS
loc_8339,8339,EL BAJO,19,SAN LUIS
loc_8340,8340,EL BALDECITO,19,SAN LUIS
loc_8341,8341,EL BURRITO,19,SAN LUIS
loc_8342,8342,EL CARDAL,19,SAN LUIS
loc_8343,8343,EL CERRITO,19,SAN LUIS
loc_8344,8344,EL CONDOR,19,SAN LUIS
loc_8345,8345,EL CORO,19,SAN LUIS
loc_8346,8346,EL HORNITO,19,SAN LUIS
loc_8347,8347,EL MANANTIAL ESCONDIDO,19,SAN LUIS
loc_8348,8348,EL OLMO,19,SAN LUIS
loc_8349,8349,EL PAJARETE,19,SAN LUIS
loc_8350,8350,EL PANTANILLO,19,SAN LUIS
loc_8351,8351,EL PANTANO,19,SAN LUIS
loc_8352,8352,EL PARAGUAY,19,SAN LUIS
loc_8353,8353,EL PARAISO,19,SAN LUIS
loc_8354,8354,EL PEJE,19,SAN LUIS
loc_8355,8355,EL POLEO,19,SAN LUIS
loc_8356,8356,EL PORVENIR,19,SAN LUIS
loc_8357,8357,EL PROGRESO,19,SAN LUIS
loc_8358,8358,EL PUERTO,19,SAN LUIS
loc_8359,8359,EL PUESTO,19,SAN LUIS
loc_8360,8360,EL RINCON,19,SAN LUIS
loc_8361,8361,EL RODEO,19,SAN LUIS
loc_8362,8362,EL SALADO,19,SAN LUIS
loc_8363,8363,EL SALADO DE AMAYA,19,SAN LUIS
loc_8364,8364,EL SALTO,19,SAN LUIS
loc_8365,8365,EL SALVADOR,19,SAN LUIS
loc_8366,8366,EL TALITA,19,SAN LUIS
loc_8367,8367,EL TORCIDO,19,SAN LUIS
loc_8368,8368,EL VALLE,19,SAN LUIS
loc_8369,8369,EL VALLECITO,19,SAN LUIS
loc_8370,8370,ENSENADA,19,SAN LUIS
loc_8371,8371,FORTUNA DE SAN JUAN,19,SAN LUIS
loc_8372,8372,GENERAL URQUIZA,19,SAN LUIS
loc_8373,8373,GUANACO PAMPA,19,SAN LUIS
loc_8374,8374,GUZMAN,19,SAN LUIS
loc_8375,8375,HINOJOS,19,SAN LUIS
loc_8376,8376,HORNITO,19,SAN LUIS
loc_8377,8377,HUERTAS,19,SAN LUIS
loc_8378,8378,LA AGUEDA,19,SAN LUIS
loc_8379,8379,LA ARMONIA,19,SAN LUIS
loc_8380,8380,LA AURORA,19,SAN LUIS
loc_8381,8381,LA CARMENCITA,19,SAN LUIS
loc_8382,8382,LA CHILLA,19,SAN LUIS
loc_8383,8383,LA CIENAGA,19,SAN LUIS
loc_8384,8384,LA COCHA,19,SAN LUIS
loc_8385,8385,LA CRUCESITA,19,SAN LUIS
loc_8386,8386,LA DORA,19,SAN LUIS
loc_8387,8387,LA ELVIRA,19,SAN LUIS
loc_8388,8388,LA ESPERANZA,19,SAN LUIS
loc_8389,8389,LA ESQUINA,19,SAN LUIS
loc_8390,8390,LA ESQUINA DEL RIO,19,SAN LUIS
loc_8391,8391,LA ESTANCIA,19,SAN LUIS
loc_8392,8392,LA FLORIDA,19,SAN LUIS
loc_8393,8393,LA HUERTA,19,SAN LUIS
loc_8394,8394,LA HUERTITA,19,SAN LUIS
loc_8395,8395,LA MESILLA,19,SAN LUIS
loc_8396,8396,LA MINA,19,SAN LUIS
loc_8397,8397,LA PUERTA,19,SAN LUIS
loc_8398,8398,LA RAMADA,19,SAN LUIS
loc_8399,8399,LA SALA,19,SAN LUIS
loc_8400,8400,LA TOTORA,19,SAN LUIS
loc_8401,8401,LA ULBARA,19,SAN LUIS
loc_8402,8402,LAGUNA DE LA CAÑADA,19,SAN LUIS
loc_8403,8403,LAGUNA DE LOS PATOS,19,SAN LUIS
loc_8404,8404,LAGUNA DE PATOS,19,SAN LUIS
loc_8405,8405,LAGUNA LARGA,19,SAN LUIS
loc_8406,8406,LAS AGUADAS,19,SAN LUIS
loc_8407,8407,LAS BARRANQUITAS,19,SAN LUIS
loc_8408,8408,LAS CAÑAS,19,SAN LUIS
loc_8409,8409,LAS CHACRAS,19,SAN LUIS
loc_8410,8410,LAS CHACRAS DE SAN MARTIN,19,SAN LUIS
loc_8411,8411,LAS CHACRITAS,19,SAN LUIS
loc_8412,8412,LAS FLORES,19,SAN LUIS
loc_8413,8413,LAS HIGUERAS,19,SAN LUIS
loc_8414,8414,LAS LAGUNAS,19,SAN LUIS
loc_8415,8415,LAS LAJAS,19,SAN LUIS
loc_8416,8416,LAS LOMAS,19,SAN LUIS
loc_8417,8417,LAS MANGAS,19,SAN LUIS
loc_8418,8418,LAS RAICES,19,SAN LUIS
loc_8419,8419,LAS TOSCAS,19,SAN LUIS
loc_8420,8420,LAS VERTIENTES,19,SAN LUIS
loc_8421,8421,LOS ALAMOS,19,SAN LUIS
loc_8422,8422,LOS ALGARROBOS,19,SAN LUIS
loc_8423,8423,LOS COMEDEROS,19,SAN LUIS
loc_8424,8424,LOS CONDORES,19,SAN LUIS
loc_8425,8425,LOS CORRALES,19,SAN LUIS
loc_8426,8426,LOS DURAZNITOS,19,SAN LUIS
loc_8427,8427,LOS HINOJOS,19,SAN LUIS
loc_8428,8428,LOS LECHUZONES,19,SAN LUIS
loc_8429,8429,LOS MOLLES,19,SAN LUIS
loc_8430,8430,LOS NOQUES,19,SAN LUIS
loc_8431,8431,LOS POLEOS,19,SAN LUIS
loc_8432,8432,LOS SAUCES,19,SAN LUIS
loc_8433,8433,LOS TALAS,19,SAN LUIS
loc_8434,8434,MANANTIAL,19,SAN LUIS
loc_8435,8435,MANANTIAL BLANCO,19,SAN LUIS
loc_8436,8436,MANANTIAL LINDO,19,SAN LUIS
loc_8437,8437,MEDIA LUNA,19,SAN LUIS
loc_8438,8438,OJO DE AGUA,19,SAN LUIS
loc_8439,8439,PAMPA,19,SAN LUIS
loc_8440,8440,PAMPA DEL BAJO,19,SAN LUIS
loc_8441,8441,PAMPA GRANDE,19,SAN LUIS
loc_8442,8442,PANTANILLO,19,SAN LUIS
loc_8443,8443,PASO GRANDE,19,SAN LUIS
loc_8444,8444,PIEDRA BOLA,19,SAN LUIS
loc_8445,8445,PIEDRA LARGA,19,SAN LUIS
loc_8446,8446,PIEDRA ROSADA,19,SAN LUIS
loc_8447,8447,PIEDRA SOLA,19,SAN LUIS
loc_8448,8448,PIEDRAS ANCHAS,19,SAN LUIS
loc_8449,8449,PLANTA DE SANDIA,19,SAN LUIS
loc_8450,8450,POTRERILLO,19,SAN LUIS
loc_8451,8451,POZO FRIO,19,SAN LUIS
loc_8452,8452,POZO SECO,19,SAN LUIS
loc_8453,8453,PUERTA COLORADA,19,SAN LUIS
loc_8454,8454,PUERTA DE PALO,19,SAN LUIS
loc_8455,8455,PUESTITO,19,SAN LUIS
loc_8456,8456,QUEBRADA DE LA MORA,19,SAN LUIS
loc_8457,8457,QUEBRADA DE LOS BARROSOS,19,SAN LUIS
loc_8458,8458,QUEBRADA DE SAN VICENTE,19,SAN LUIS
loc_8459,8459,RINCON DEL CARMEN,19,SAN LUIS
loc_8460,8460,SALADO DE AMAYA,19,SAN LUIS
loc_8461,8461,SAN FERNANDO,19,SAN LUIS
loc_8463,8463,SAN JOSE,19,SAN LUIS
loc_8464,8464,SAN LORENZO,19,SAN LUIS
loc_8465,8465,SAN MARTIN,19,SAN LUIS
loc_8466,8466,SAN MIGUEL,19,SAN LUIS
loc_8467,8467,SAN PEDRO,19,SAN LUIS
loc_8468,8468,SAN RAFAEL,19,SAN LUIS
loc_8469,8469,SAN RAMON,19,SAN LUIS
loc_8470,8470,SANTA CLARA,19,SAN LUIS
loc_8471,8471,SANTA MARIA,19,SAN LUIS
loc_8472,8472,SAUCE,19,SAN LUIS
loc_8473,8473,SOL DE ABRIL SAN MARTIN,19,SAN LUIS
loc_8474,8474,TALA VERDE,19,SAN LUIS
loc_8475,8475,TALARCITO,19,SAN LUIS
loc_8476,8476,TOTORAL,19,SAN LUIS
loc_8477,8477,UNQUILLO,19,SAN LUIS
loc_8478,8478,VENTA DE LOS RIOS,19,SAN LUIS
loc_8479,8479,VIEJA ESTANCIA,19,SAN LUIS
loc_8480,8480,VILLA DE PRAGA,19,SAN LUIS
loc_8481,8481,ALTO LINDO,19,SAN LUIS
loc_8482,8482,BAJO GRANDE,19,SAN LUIS
loc_8483,8483,BALCARCE,19,SAN LUIS
loc_8484,8484,BELLA VISTA,19,SAN LUIS
loc_8485,8485,CALERA ARGENTINA,19,SAN LUIS
loc_8486,8486,CALERAS CAÑADA GRANDE,19,SAN LUIS
loc_8487,8487,CHACRAS VIEJAS,19,SAN LUIS
loc_8488,8488,CHAÑAR DE LA LEGUA,19,SAN LUIS
loc_8489,8489,CHAÑARITOS,19,SAN LUIS
loc_8490,8490,CHILCAS,19,SAN LUIS
loc_8491,8491,CONCARAN,19,SAN LUIS
loc_8492,8492,CONLARA,19,SAN LUIS
loc_8493,8493,CORRAL DE TORRES,19,SAN LUIS
loc_8494,8494,CORTADERAS,19,SAN LUIS
loc_8495,8495,CUATRO ESQUINAS,19,SAN LUIS
loc_8496,8496,DOMINGUEZ,19,SAN LUIS
loc_8497,8497,DURAZNITO,19,SAN LUIS
loc_8498,8498,EL ALGARROBAL,19,SAN LUIS
loc_8499,8499,EL ARROYO,19,SAN LUIS
loc_8500,8500,EL BAÑADO,19,SAN LUIS
loc_8501,8501,EL CALDEN,19,SAN LUIS
loc_8502,8502,EL CAVADO,19,SAN LUIS
loc_8503,8503,EL CERRO,19,SAN LUIS
loc_8504,8504,EL POLEO,19,SAN LUIS
loc_8505,8505,EL PUESTO,19,SAN LUIS
loc_8506,8506,EL RECUERDO,19,SAN LUIS
loc_8508,8508,EL SOCORRO,19,SAN LUIS
loc_8509,8509,EL TALA,19,SAN LUIS
loc_8510,8510,EL TOTORAL,19,SAN LUIS
loc_8511,8511,ESTANCIA,19,SAN LUIS
loc_8512,8512,ESTANZUELA,19,SAN LUIS
loc_8513,8513,FENOGLIO,19,SAN LUIS
loc_8514,8514,HUCHISSON,19,SAN LUIS
loc_8515,8515,LA ARGENTINA,19,SAN LUIS
loc_8516,8516,LA AURORA,19,SAN LUIS
loc_8517,8517,LA CRISTINA,19,SAN LUIS
loc_8518,8518,LA ELVIRA,19,SAN LUIS
loc_8519,8519,LA ESCONDIDA,19,SAN LUIS
loc_8520,8520,LA ESTANZUELA,19,SAN LUIS
loc_8521,8521,LA GRAMILLA,19,SAN LUIS
loc_8522,8522,LA RIOJITA,19,SAN LUIS
loc_8523,8523,LA SUIZA,19,SAN LUIS
loc_8524,8524,LAS CANTERAS,19,SAN LUIS
loc_8525,8525,LAS NIEVES,19,SAN LUIS
loc_8526,8526,LOS CHAÑARES,19,SAN LUIS
loc_8527,8527,LOS COMEDORES,19,SAN LUIS
loc_8528,8528,LOS CORRALITOS,19,SAN LUIS
loc_8529,8529,LOS CUADROS,19,SAN LUIS
loc_8530,8530,LOS ESPINILLOS,19,SAN LUIS
loc_8531,8531,LOS MANANTIALES,19,SAN LUIS
loc_8532,8532,LOS MOLLECITOS,19,SAN LUIS
loc_8533,8533,LOS PUESTOS,19,SAN LUIS
loc_8534,8534,LOS QUEBRACHOS,19,SAN LUIS
loc_8535,8535,LOS SAUCES,19,SAN LUIS
loc_8536,8536,MANANTIAL DE FLORES,19,SAN LUIS
loc_8537,8537,MANANTIAL DE RENCA,19,SAN LUIS
loc_8538,8538,MINA LOS CONDORES,19,SAN LUIS
loc_8539,8539,MOLLECITO,19,SAN LUIS
loc_8540,8540,NASCHEL,19,SAN LUIS
loc_8541,8541,OTRA BANDA,19,SAN LUIS
loc_8542,8542,PAPAGAYOS,19,SAN LUIS
loc_8543,8543,PASO DE LOS ALGARROBOS,19,SAN LUIS
loc_8544,8544,PIEDRAS CHATAS,19,SAN LUIS
loc_8545,8545,PIQUILLINES,19,SAN LUIS
loc_8546,8546,PISCOYACO,19,SAN LUIS
loc_8547,8547,PORVENIR,19,SAN LUIS
loc_8548,8548,PUENTE HIERRO,19,SAN LUIS
loc_8549,8549,PUNTA DE LA LOMA,19,SAN LUIS
loc_8550,8550,PUNTA DEL ALTO,19,SAN LUIS
loc_8551,8551,RENCA,19,SAN LUIS
loc_8552,8552,RETAZO DEL MONTE,19,SAN LUIS
loc_8553,8553,RIOJITA,19,SAN LUIS
loc_8554,8554,SAN ANTONIO,19,SAN LUIS
loc_8555,8555,SAN FELIPE,19,SAN LUIS
loc_8556,8556,SAN PABLO,19,SAN LUIS
loc_8557,8557,SAN RAMON SUD,19,SAN LUIS
loc_8558,8558,SAN VICENTE,19,SAN LUIS
loc_8559,8559,SANTA MARTINA,19,SAN LUIS
loc_8560,8560,SANTA SIMONA,19,SAN LUIS
loc_8561,8561,SELCI,19,SAN LUIS
loc_8562,8562,TILISARAO,19,SAN LUIS
loc_8563,8563,TOIGUS,19,SAN LUIS
loc_8564,8564,USPARA,19,SAN LUIS
loc_8565,8565,VALLE SAN AGUSTIN,19,SAN LUIS
loc_8566,8566,VALLE SAN JOSE,19,SAN LUIS
loc_8567,8567,VILLA DEL CARMEN,19,SAN LUIS
loc_8568,8568,VILLA DOLORES,19,SAN LUIS
loc_8569,8569,VILLA ELENA,19,SAN LUIS
loc_8570,8570,VILLA LARCA,19,SAN LUIS
loc_8571,8571,VOLCAN ESTANZUELA,19,SAN LUIS
loc_8572,8572,13 DE ENERO,19,SAN LUIS
loc_8573,8573,20 DE FEBRERO,19,SAN LUIS
loc_8574,8574,9 DE JULIO,19,SAN LUIS
loc_8575,8575,AGUA DEL PORTEZUELO,19,SAN LUIS
loc_8576,8576,AGUA FRIA,19,SAN LUIS
loc_8577,8577,AGUADA,19,SAN LUIS
loc_8578,8578,ALFALAND,19,SAN LUIS
loc_8579,8579,ALTO VERDE,19,SAN LUIS
loc_8580,8580,AVANZADA,19,SAN LUIS
loc_8581,8581,AVIADOR ORIGONE,19,SAN LUIS
loc_8582,8582,BAJOS HONDOS,19,SAN LUIS
loc_8583,8583,BOCA DEL RIO,19,SAN LUIS
loc_8584,8584,CALDENADAS,19,SAN LUIS
loc_8585,8585,CAPELEN,19,SAN LUIS
loc_8586,8586,CENTENARIO,19,SAN LUIS
loc_8587,8587,CERRO BLANCO,19,SAN LUIS
loc_8588,8588,CERRO NEGRO,19,SAN LUIS
loc_8589,8589,CHACRA LA PRIMAVERA,19,SAN LUIS
loc_8590,8590,CHALANTA,19,SAN LUIS
loc_8591,8591,CHANCARITA,19,SAN LUIS
loc_8592,8592,CIUDAD JARDIN DE SAN LUIS,19,SAN LUIS
loc_8593,8593,COLONIA BELLA VISTA,19,SAN LUIS
loc_8594,8594,COLONIA LUNA,19,SAN LUIS
loc_8595,8595,CORONEL ALZOGARAY,19,SAN LUIS
loc_8596,8596,CRAMER,19,SAN LUIS
loc_8597,8597,EL CALDEN,19,SAN LUIS
loc_8598,8598,EL CARMEN,19,SAN LUIS
loc_8599,8599,EL CHAÑAR,19,SAN LUIS
loc_8600,8600,EL DIQUE,19,SAN LUIS
loc_8602,8602,EL FORTIN,19,SAN LUIS
loc_8603,8603,EL MANGRULLO,19,SAN LUIS
loc_8604,8604,EL MORRO,19,SAN LUIS
loc_8605,8605,EL NASAO,19,SAN LUIS
loc_8606,8606,EL PASAJERO,19,SAN LUIS
loc_8607,8607,EL PLATEADO,19,SAN LUIS
loc_8608,8608,EL SARCO,19,SAN LUIS
loc_8609,8609,EL TALITA,19,SAN LUIS
loc_8610,8610,ESTANCIA EL CHAMICO,19,SAN LUIS
loc_8611,8611,ESTANCIA EL DIVISADERO,19,SAN LUIS
loc_8612,8612,ESTANCIA EL QUEBRACHAL,19,SAN LUIS
loc_8613,8613,ESTANCIA EL SAUCECITO,19,SAN LUIS
loc_8614,8614,ESTANCIA LA GUARDIA,19,SAN LUIS
loc_8615,8615,ESTANCIA LA GUILLERMINA,19,SAN LUIS
loc_8616,8616,ESTANCIA LA MORENA,19,SAN LUIS
loc_8617,8617,ESTANCIA LA RESERVA,19,SAN LUIS
loc_8618,8618,ESTANCIA LA ZULEMITA,19,SAN LUIS
loc_8619,8619,ESTANCIA LAS BEBIDAS,19,SAN LUIS
loc_8620,8620,ESTANCIA LOS HERMANOS,19,SAN LUIS
loc_8621,8621,ESTANCIA LOS NOGALES,19,SAN LUIS
loc_8622,8622,ESTANCIA SAN ALBERTO,19,SAN LUIS
loc_8623,8623,ESTANCIA SAN ANTONIO,19,SAN LUIS
loc_8624,8624,ESTANCIA SAN FRANCISCO,19,SAN LUIS
loc_8625,8625,GENERAL PEDERNERA,19,SAN LUIS
loc_8626,8626,GUANACO,19,SAN LUIS
loc_8627,8627,ISONDU,19,SAN LUIS
loc_8628,8628,JUAN JORBA,19,SAN LUIS
loc_8629,8629,JUAN LLERENA,19,SAN LUIS
loc_8630,8630,JUANTE,19,SAN LUIS
loc_8631,8631,JUSTO DARACT,19,SAN LUIS
loc_8632,8632,KILOMETRO 656,19,SAN LUIS
loc_8633,8633,LA AGUADA,19,SAN LUIS
loc_8634,8634,LA ANGELINA,19,SAN LUIS
loc_8635,8635,LA BERTITA,19,SAN LUIS
loc_8636,8636,LA CAÑADA,19,SAN LUIS
loc_8637,8637,LA CARMEN,19,SAN LUIS
loc_8638,8638,LA ELIDA,19,SAN LUIS
loc_8639,8639,LA ELISA,19,SAN LUIS
loc_8640,8640,LA EMILIA,19,SAN LUIS
loc_8641,8641,LA ESQUINA,19,SAN LUIS
loc_8642,8642,LA FLECHA,19,SAN LUIS
loc_8643,8643,LA GAMA,19,SAN LUIS
loc_8644,8644,LA GARRAPATA,19,SAN LUIS
loc_8645,8645,LA GUARDIA,19,SAN LUIS
loc_8646,8646,LA HERMOSURA,19,SAN LUIS
loc_8647,8647,LA IBERIA,19,SAN LUIS
loc_8648,8648,LA ISABEL,19,SAN LUIS
loc_8649,8649,LA JAVIERA,19,SAN LUIS
loc_8650,8650,LA JOSEFINA,19,SAN LUIS
loc_8651,8651,LA MAGDALENA,19,SAN LUIS
loc_8652,8652,LA MASCOTA,19,SAN LUIS
loc_8653,8653,LA NEGRA,19,SAN LUIS
loc_8654,8654,LA NEGRITA,19,SAN LUIS
loc_8655,8655,LA PALMIRA,19,SAN LUIS
loc_8656,8656,LA PORTADA,19,SAN LUIS
loc_8657,8657,LA PRIMAVERA,19,SAN LUIS
loc_8658,8658,LA REALIDAD,19,SAN LUIS
loc_8659,8659,LA RIBERA,19,SAN LUIS
loc_8660,8660,LA ROSADA,19,SAN LUIS
loc_8661,8661,LA SILESIA,19,SAN LUIS
loc_8662,8662,LA TULA,19,SAN LUIS
loc_8663,8663,LA VENECIA,19,SAN LUIS
loc_8664,8664,LAGUNA CAPELEN,19,SAN LUIS
loc_8665,8665,LAGUNA SAYAPE,19,SAN LUIS
loc_8666,8666,LAS CAROLINAS,19,SAN LUIS
loc_8667,8667,LAS ENCADENADAS,19,SAN LUIS
loc_8668,8668,LAS ISLETAS,19,SAN LUIS
loc_8669,8669,LAS MELADAS,19,SAN LUIS
loc_8670,8670,LAS PALMAS,19,SAN LUIS
loc_8671,8671,LAS PRADERAS,19,SAN LUIS
loc_8672,8672,LAS TOTORITAS,19,SAN LUIS
loc_8673,8673,LAVAISSE,19,SAN LUIS
loc_8674,8674,LIBORIO LUNA,19,SAN LUIS
loc_8675,8675,LOS ALAMOS,19,SAN LUIS
loc_8676,8676,LOS CESARES,19,SAN LUIS
loc_8677,8677,LOS CISNES,19,SAN LUIS
loc_8678,8678,LOS ESQUINEROS,19,SAN LUIS
loc_8679,8679,LOS MEDANOS,19,SAN LUIS
loc_8680,8680,LOS POZOS,19,SAN LUIS
loc_8681,8681,MARLITO,19,SAN LUIS
loc_8682,8682,MEDANO CHICO,19,SAN LUIS
loc_8683,8683,MEDANO GRANDE,19,SAN LUIS
loc_8684,8684,NO ES MIA,19,SAN LUIS
loc_8685,8685,NOSSAR,19,SAN LUIS
loc_8686,8686,NUEVA ESCOCIA,19,SAN LUIS
loc_8687,8687,PEDERNERA,19,SAN LUIS
loc_8688,8688,PORTADA DEL SAUCE,19,SAN LUIS
loc_8689,8689,POSTA DE FIERRO,19,SAN LUIS
loc_8690,8690,POSTA DEL PORTEZUELO,19,SAN LUIS
loc_8691,8691,PRIMER AGUA,19,SAN LUIS
loc_8692,8692,PUESTO BELLA VISTA,19,SAN LUIS
loc_8693,8693,PUESTO EL TALA,19,SAN LUIS
loc_8694,8694,PUNILLA,19,SAN LUIS
loc_8695,8695,REAL,19,SAN LUIS
loc_8696,8696,RIO QUINTO,19,SAN LUIS
loc_8697,8697,SAN ALBERTO,19,SAN LUIS
loc_8698,8698,SAN ALEJANDRO,19,SAN LUIS
loc_8699,8699,SAN CAMILO,19,SAN LUIS
loc_8700,8700,SAN JOSE DEL DURAZNO,19,SAN LUIS
loc_8701,8701,SAN JOSE DEL MORRO,19,SAN LUIS
loc_8702,8702,SAN JUAN DE TASTU,19,SAN LUIS
loc_8703,8703,SAN NICOLAS PUNILLA,19,SAN LUIS
loc_8704,8704,SAN PEDRO,19,SAN LUIS
loc_8705,8705,SAN RAMON,19,SAN LUIS
loc_8706,8706,SANTA CATALINA,19,SAN LUIS
loc_8708,8708,SANTA FELISA,19,SAN LUIS
loc_8709,8709,SANTA ISABEL,19,SAN LUIS
loc_8710,8710,TASTO,19,SAN LUIS
loc_8711,8711,TRES ESQUINAS,19,SAN LUIS
loc_8712,8712,VILLA MERCEDES,19,SAN LUIS
loc_8713,8713,VILLA REYNOLDS,19,SAN LUIS
loc_8714,8714,VILLA SANTIAGO,19,SAN LUIS
loc_8715,8715,VISCACHERAS,19,SAN LUIS
loc_8716,8716,AGUA AMARGA,19,SAN LUIS
loc_8717,8717,AHI VEREMOS,19,SAN LUIS
loc_8718,8718,ALAZANAS,19,SAN LUIS
loc_8719,8719,ALGARROBOS GRANDES,19,SAN LUIS
loc_8720,8720,ALTA GRACIA,19,SAN LUIS
loc_8721,8721,ALTILLO,19,SAN LUIS
loc_8722,8722,ALTO,19,SAN LUIS
loc_8723,8723,ALTO NEGRO,19,SAN LUIS
loc_8724,8724,ARBOL SOLO,19,SAN LUIS
loc_8725,8725,BAJO DE LA CRUZ,19,SAN LUIS
loc_8726,8726,BALDE DE AMIRA,19,SAN LUIS
loc_8727,8727,BALDE DEL ROSARIO,19,SAN LUIS
loc_8728,8728,BEBIDA,19,SAN LUIS
loc_8729,8729,BELLA ESTANCIA,19,SAN LUIS
loc_8730,8730,CAÑADA DE VILAN,19,SAN LUIS
loc_8731,8731,DIVISADERO,19,SAN LUIS
loc_8732,8732,EL BAGUAL,19,SAN LUIS
loc_8733,8733,EL BALDE,19,SAN LUIS
loc_8734,8734,EL CALDEN,19,SAN LUIS
loc_8735,8735,EL DICHOSO,19,SAN LUIS
loc_8736,8736,EL JARILLAL,19,SAN LUIS
loc_8737,8737,EL MOLLE,19,SAN LUIS
loc_8738,8738,EL PARAISO,19,SAN LUIS
loc_8739,8739,EL PEDERNAL,19,SAN LUIS
loc_8740,8740,EL RAMBLON,19,SAN LUIS
loc_8741,8741,EL SALTO,19,SAN LUIS
loc_8742,8742,EL VALLE,19,SAN LUIS
loc_8743,8743,ESPINILLO,19,SAN LUIS
loc_8744,8744,ESTANCIA EL MEDANO,19,SAN LUIS
loc_8745,8745,ESTANCIA SAN ROQUE,19,SAN LUIS
loc_8746,8746,GIGANTE,19,SAN LUIS
loc_8747,8747,HIPOLITO YRIGOYEN,19,SAN LUIS
loc_8748,8748,HUALTARAN,19,SAN LUIS
loc_8749,8749,LA AGUADA,19,SAN LUIS
loc_8750,8750,LA ALAMEDA,19,SAN LUIS
loc_8751,8751,LA CALERA,19,SAN LUIS
loc_8752,8752,LA CHAÑARIENTA,19,SAN LUIS
loc_8753,8753,LA CHILCA,19,SAN LUIS
loc_8754,8754,LA CORINA,19,SAN LUIS
loc_8755,8755,LA DUDA,19,SAN LUIS
loc_8756,8756,LA EMPAJADA,19,SAN LUIS
loc_8757,8757,LA ESCONDIDA,19,SAN LUIS
loc_8758,8758,LA ESPERANZA,19,SAN LUIS
loc_8759,8759,LA ESTRELLA,19,SAN LUIS
loc_8760,8760,LA EULOGIA,19,SAN LUIS
loc_8761,8761,LA FLORIDA,19,SAN LUIS
loc_8762,8762,LA GARZA,19,SAN LUIS
loc_8763,8763,LA JOSEFA,19,SAN LUIS
loc_8764,8764,LA JULIA,19,SAN LUIS
loc_8765,8765,LA QUEBRADA,19,SAN LUIS
loc_8766,8766,LA SALUD,19,SAN LUIS
loc_8767,8767,LA SANDIA,19,SAN LUIS
loc_8768,8768,LA SERRANA,19,SAN LUIS
loc_8769,8769,LA UNION,19,SAN LUIS
loc_8770,8770,LA YESERA,19,SAN LUIS
loc_8771,8771,LAS CARITAS,19,SAN LUIS
loc_8772,8772,LAS GALERAS,19,SAN LUIS
loc_8773,8773,LAS LOMAS,19,SAN LUIS
loc_8774,8774,LOMAS BLANCAS,19,SAN LUIS
loc_8775,8775,LONGARI,19,SAN LUIS
loc_8776,8776,LOS AGUADOS,19,SAN LUIS
loc_8777,8777,LOS ALGARROBOS,19,SAN LUIS
loc_8778,8778,LOS ARADITOS,19,SAN LUIS
loc_8779,8779,LOS CERRITOS,19,SAN LUIS
loc_8780,8780,LOS CHANCAROS,19,SAN LUIS
loc_8781,8781,LOS CHAÑARES,19,SAN LUIS
loc_8782,8782,LOS MOLLES,19,SAN LUIS
loc_8783,8783,LOS RAMBLONES,19,SAN LUIS
loc_8784,8784,LOS TALAS,19,SAN LUIS
loc_8785,8785,LOS TELARIOS,19,SAN LUIS
loc_8786,8786,MANANTIALES,19,SAN LUIS
loc_8787,8787,NOGOLI,19,SAN LUIS
loc_8788,8788,PALIGUANTA,19,SAN LUIS
loc_8789,8789,PARAISO,19,SAN LUIS
loc_8790,8790,PORTEZUELO,19,SAN LUIS
loc_8791,8791,POZO DEL ESPINILLO,19,SAN LUIS
loc_8792,8792,POZO DEL TALA,19,SAN LUIS
loc_8793,8793,POZO SIMON,19,SAN LUIS
loc_8794,8794,PUNTA DE LA SIERRA,19,SAN LUIS
loc_8795,8795,RECREO,19,SAN LUIS
loc_8796,8796,REPRESA DEL CARMEN,19,SAN LUIS
loc_8797,8797,RETAMO,19,SAN LUIS
loc_8798,8798,RETIRO,19,SAN LUIS
loc_8799,8799,ROMANCE,19,SAN LUIS
loc_8800,8800,RUMIGUASI,19,SAN LUIS
loc_8801,8801,SAN AGUSTIN,19,SAN LUIS
loc_8802,8802,SAN ANTONIO,19,SAN LUIS
loc_8803,8803,SAN ISIDRO,19,SAN LUIS
loc_8805,8805,SAN PEDRO,19,SAN LUIS
loc_8806,8806,SANTA ROSA DEL GIGANTE,19,SAN LUIS
loc_8807,8807,TAZA BLANCA,19,SAN LUIS
loc_8808,8808,TORO NEGRO,19,SAN LUIS
loc_8809,8809,TRES LOMAS,19,SAN LUIS
loc_8810,8810,TRES PUERTAS,19,SAN LUIS
loc_8811,8811,VILLA DE LA QUEBRADA,19,SAN LUIS
loc_8812,8812,VILLA GENERAL ROCA,19,SAN LUIS
loc_8813,8813,VIZCACHERAS,19,SAN LUIS
loc_8814,8814,ADOLFO RODRIGUEZ SAA,19,SAN LUIS
loc_8815,8815,ANGELITA,19,SAN LUIS
loc_8816,8816,BALDE,19,SAN LUIS
loc_8817,8817,BALDE DE ESCUDERO,19,SAN LUIS
loc_8818,8818,BALDE DE GUIÑAZU,19,SAN LUIS
loc_8819,8819,BALDE DE NUEVO,19,SAN LUIS
loc_8820,8820,BALDE DEL ESCUDERO,19,SAN LUIS
loc_8823,8823,BARRIO BLANCO,19,SAN LUIS
loc_8824,8824,CAÑADA,19,SAN LUIS
loc_8828,8828,CAÑADA LA NEGRA,19,SAN LUIS
loc_8829,8829,CAÑADA VERDE,19,SAN LUIS
loc_8830,8830,CARPINTERIA,19,SAN LUIS
loc_8831,8831,CERRITO BLANCO,19,SAN LUIS
loc_8832,8832,CERRO DE ORO,19,SAN LUIS
loc_8833,8833,EL BARRIAL,19,SAN LUIS
loc_8834,8834,EL POCITO,19,SAN LUIS
loc_8835,8835,EL PUEBLITO,19,SAN LUIS
loc_8836,8836,EL RINCON,19,SAN LUIS
loc_8837,8837,EL RIO,19,SAN LUIS
loc_8838,8838,EL TEMBLEQUE,19,SAN LUIS
loc_8839,8839,ESTANCIA TRES ARBOLES,19,SAN LUIS
loc_8840,8840,FLORIDA,19,SAN LUIS
loc_8841,8841,INVERNADA,19,SAN LUIS
loc_8842,8842,ISLA,19,SAN LUIS
loc_8843,8843,ISLITAS,19,SAN LUIS
loc_8844,8844,LA AGUADA DE LAS ANIMAS,19,SAN LUIS
loc_8845,8845,LA ALEGRIA,19,SAN LUIS
loc_8846,8846,LA ANGOSTURA,19,SAN LUIS
loc_8847,8847,LA CELIA,19,SAN LUIS
loc_8848,8848,LA CHILCA,19,SAN LUIS
loc_8849,8849,LA CUMBRE,19,SAN LUIS
loc_8850,8850,LA FINCA,19,SAN LUIS
loc_8851,8851,LA LINEA,19,SAN LUIS
loc_8852,8852,LA LOMA,19,SAN LUIS
loc_8853,8853,LA RAMADA,19,SAN LUIS
loc_8854,8854,LA UNION,19,SAN LUIS
loc_8855,8855,LAFINUR,19,SAN LUIS
loc_8856,8856,LAS BARRANCAS,19,SAN LUIS
loc_8857,8857,LAS CABRAS,19,SAN LUIS
loc_8858,8858,LAS CHILCAS,19,SAN LUIS
loc_8859,8859,LAS ISLITAS,19,SAN LUIS
loc_8860,8860,LAS PALOMAS,19,SAN LUIS
loc_8861,8861,LAS PLAYAS,19,SAN LUIS
loc_8862,8862,LAS ROSADAS,19,SAN LUIS
loc_8863,8863,LAS TIGRAS,19,SAN LUIS
loc_8864,8864,LOMITAS,19,SAN LUIS
loc_8865,8865,LOS ALGARROBITOS,19,SAN LUIS
loc_8866,8866,LOS ARGUELLOS,19,SAN LUIS
loc_8867,8867,LOS CAJONES,19,SAN LUIS
loc_8868,8868,LOS CHAÑARES,19,SAN LUIS
loc_8869,8869,LOS LOBOS,19,SAN LUIS
loc_8871,8871,LOS PEROS,19,SAN LUIS
loc_8872,8872,LOS ROLDANES,19,SAN LUIS
loc_8873,8873,LOS TIGRES,19,SAN LUIS
loc_8874,8874,MERLO,19,SAN LUIS
loc_8875,8875,MOYAR,19,SAN LUIS
loc_8876,8876,NARANJO,19,SAN LUIS
loc_8877,8877,OJO DEL RIO,19,SAN LUIS
loc_8878,8878,PASO DE LA CRUZ,19,SAN LUIS
loc_8879,8879,PASO DE LAS SIERRAS,19,SAN LUIS
loc_8880,8880,PASO DEL MEDIO,19,SAN LUIS
loc_8881,8881,PICOS YACU,19,SAN LUIS
loc_8882,8882,PIEDRA BLANCA,19,SAN LUIS
loc_8883,8883,PIZARRAS BAJO VELEZ,19,SAN LUIS
loc_8884,8884,POCITOS,19,SAN LUIS
loc_8885,8885,POZO DE LAS RAICES,19,SAN LUIS
loc_8886,8886,POZO DEL MEDIO,19,SAN LUIS
loc_8887,8887,PUNTA DEL AGUA,19,SAN LUIS
loc_8888,8888,PUNTOS DE LA LINEA,19,SAN LUIS
loc_8889,8889,QUEBRADA DEL TIGRE,19,SAN LUIS
loc_8890,8890,REPRESA DEL MONTE,19,SAN LUIS
loc_8891,8891,RINCON DEL ESTE,19,SAN LUIS
loc_8892,8892,SAN MIGUEL,19,SAN LUIS
loc_8893,8893,SANTA ANA,19,SAN LUIS
loc_8894,8894,SANTA LUCIA,19,SAN LUIS
loc_8895,8895,SANTA LUCINDA,19,SAN LUIS
loc_8896,8896,SANTA ROSA DE CONLARA,19,SAN LUIS
loc_8897,8897,TALITA,19,SAN LUIS
loc_8898,8898,VILLA LUISA,19,SAN LUIS
loc_8899,8899,30 DE OCTUBRE,19,SAN LUIS
loc_8900,8900,ALEGRIA,19,SAN LUIS
loc_8901,8901,ANCHORENA,19,SAN LUIS
loc_8902,8902,ARIZONA,19,SAN LUIS
loc_8903,8903,BAGUAL,19,SAN LUIS
loc_8904,8904,BAJADA NUEVA,19,SAN LUIS
loc_8905,8905,BATAVIA,19,SAN LUIS
loc_8906,8906,BILLIKEN,19,SAN LUIS
loc_8907,8907,BOCA DE LA QUEBRADA,19,SAN LUIS
loc_8908,8908,BUENA ESPERANZA,19,SAN LUIS
loc_8909,8909,CASIMIRO GOMEZ,19,SAN LUIS
loc_8910,8910,COCHENELOS,19,SAN LUIS
loc_8911,8911,COCHEQUINGAN,19,SAN LUIS
loc_8912,8912,COLONIA CALZADA,19,SAN LUIS
loc_8913,8913,COLONIA EL CAMPAMENTO,19,SAN LUIS
loc_8914,8914,COLONIA LA FLORIDA,19,SAN LUIS
loc_8915,8915,COLONIA URDANIZ,19,SAN LUIS
loc_8916,8916,CORONEL SEGOVIA,19,SAN LUIS
loc_8917,8917,EL AGUILA,19,SAN LUIS
loc_8918,8918,EL CAMPAMENTO,19,SAN LUIS
loc_8919,8919,EL CINCO,19,SAN LUIS
loc_8920,8920,EL ESPINILLO,19,SAN LUIS
loc_8921,8921,EL MARTILLO,19,SAN LUIS
loc_8922,8922,EL OASIS,19,SAN LUIS
loc_8923,8923,EL PICHE,19,SAN LUIS
loc_8924,8924,EL PIGUE,19,SAN LUIS
loc_8925,8925,EL PLUMERITO,19,SAN LUIS
loc_8926,8926,EL PORVENIR,19,SAN LUIS
loc_8927,8927,EL QUINGUAL,19,SAN LUIS
loc_8928,8928,EL RECUERDO,19,SAN LUIS
loc_8929,8929,EL RODEO,19,SAN LUIS
loc_8930,8930,EL TORO MUERTO,19,SAN LUIS
loc_8931,8931,EL VERANO,19,SAN LUIS
loc_8932,8932,EL YACATAN,19,SAN LUIS
loc_8933,8933,ESTANCIA 30 DE OCTUBRE,19,SAN LUIS
loc_8934,8934,ESTANCIA DON ARTURO,19,SAN LUIS
loc_8935,8935,FAVELLI,19,SAN LUIS
loc_8936,8936,FORTIN EL PATRIA,19,SAN LUIS
loc_8937,8937,FORTUNA,19,SAN LUIS
loc_8938,8938,FRISIA,19,SAN LUIS
loc_8939,8939,GLORIA A DIOS,19,SAN LUIS
loc_8940,8940,LA ALCORTEÑA,19,SAN LUIS
loc_8941,8941,LA AMALIA,19,SAN LUIS
loc_8942,8942,LA AROMA,19,SAN LUIS
loc_8943,8943,LA AURORA,19,SAN LUIS
loc_8944,8944,LA BAVARIA,19,SAN LUIS
loc_8945,8945,LA BOLIVIA,19,SAN LUIS
loc_8946,8946,LA CALDERA,19,SAN LUIS
loc_8947,8947,LA CAÑADA,19,SAN LUIS
loc_8948,8948,LA CHERINDU,19,SAN LUIS
loc_8949,8949,LA COLINA,19,SAN LUIS
loc_8950,8950,LA COLONIA,19,SAN LUIS
loc_8951,8951,LA CORA,19,SAN LUIS
loc_8952,8952,LA DONOSTIA,19,SAN LUIS
loc_8953,8953,LA DULCE,19,SAN LUIS
loc_8954,8954,LA ELENA,19,SAN LUIS
loc_8955,8955,LA ELENITA,19,SAN LUIS
loc_8956,8956,LA EMMA,19,SAN LUIS
loc_8957,8957,LA ERNESTINA,19,SAN LUIS
loc_8958,8958,LA ESCONDIDA,19,SAN LUIS
loc_8959,8959,LA ESMERALDA,19,SAN LUIS
loc_8960,8960,LA ESPERANZA,19,SAN LUIS
loc_8961,8961,LA ESTRELLA,19,SAN LUIS
loc_8962,8962,LA ETHEL,19,SAN LUIS
loc_8963,8963,LA FELISA,19,SAN LUIS
loc_8964,8964,LA FLORIDA,19,SAN LUIS
loc_8965,8965,LA GAVIOTA,19,SAN LUIS
loc_8966,8966,LA GERMANIA,19,SAN LUIS
loc_8967,8967,LA GITANA,19,SAN LUIS
loc_8968,8968,LA HOLANDA,19,SAN LUIS
loc_8969,8969,LA HORTENSIA,19,SAN LUIS
loc_8970,8970,LA INVERNADA,19,SAN LUIS
loc_8971,8971,LA ISLA,19,SAN LUIS
loc_8972,8972,LA JOSEFA,19,SAN LUIS
loc_8973,8973,LA JUANA,19,SAN LUIS
loc_8974,8974,LA JUANITA,19,SAN LUIS
loc_8975,8975,LA LAURA,19,SAN LUIS
loc_8976,8976,LA LECHUGA,19,SAN LUIS
loc_8977,8977,LA LINDA,19,SAN LUIS
loc_8978,8978,LA LUISA,19,SAN LUIS
loc_8979,8979,LA MARAVILLA,19,SAN LUIS
loc_8980,8980,LA MARGARITA,19,SAN LUIS
loc_8981,8981,LA MARGARITA CARLOTA,19,SAN LUIS
loc_8982,8982,LA MARIA ESTHER,19,SAN LUIS
loc_8983,8983,LA MARIA LUISA,19,SAN LUIS
loc_8984,8984,LA MAROMA,19,SAN LUIS
loc_8985,8985,LA MASCOTA,19,SAN LUIS
loc_8986,8986,LA MEDIA LEGUA,19,SAN LUIS
loc_8987,8987,LA MELINA,19,SAN LUIS
loc_8988,8988,LA NUTRIA,19,SAN LUIS
loc_8989,8989,LA REINA,19,SAN LUIS
loc_8991,8991,LA ROSALIA,19,SAN LUIS
loc_8992,8992,LA ROSINA,19,SAN LUIS
loc_8993,8993,LA SEGUNDA,19,SAN LUIS
loc_8994,8994,LA TIGRA,19,SAN LUIS
loc_8995,8995,LA TRAVESIA,19,SAN LUIS
loc_8996,8996,LA URUGUAYA,19,SAN LUIS
loc_8997,8997,LA VACA,19,SAN LUIS
loc_8998,8998,LA VERDE,19,SAN LUIS
loc_8999,8999,LAS AROMAS,19,SAN LUIS
loc_9000,9000,LAS CARRETAS,19,SAN LUIS
loc_9001,9001,LAS CORTADERAS,19,SAN LUIS
loc_9002,9002,LAS GITANAS,19,SAN LUIS
loc_9003,9003,LAS LAGUNAS,19,SAN LUIS
loc_9004,9004,LAS MARTINETAS,19,SAN LUIS
loc_9005,9005,LAS MESTIZAS,19,SAN LUIS
loc_9006,9006,LAURA ELISA,19,SAN LUIS
loc_9007,9007,LOS BARRIALES,19,SAN LUIS
loc_9008,9008,LOS CHAÑARES,19,SAN LUIS
loc_9009,9009,LOS DOS RIOS,19,SAN LUIS
loc_9010,9010,LOS DUEROS,19,SAN LUIS
loc_9011,9011,LOS DURAZNOS,19,SAN LUIS
loc_9012,9012,LOS HUAYCOS,19,SAN LUIS
loc_9013,9013,LOS LOBOS,19,SAN LUIS
loc_9014,9014,LOS OSCUROS,19,SAN LUIS
loc_9015,9015,LOS VALLES,19,SAN LUIS
loc_9016,9016,MACHAO,19,SAN LUIS
loc_9017,9017,MARTIN DE LOYOLA,19,SAN LUIS
loc_9018,9018,MILAGRO,19,SAN LUIS
loc_9019,9019,MONTE COCHEQUINGAN,19,SAN LUIS
loc_9020,9020,NAHUEL MAPA,19,SAN LUIS
loc_9021,9021,NAVIA,19,SAN LUIS
loc_9022,9022,NILINAST,19,SAN LUIS
loc_9023,9023,NUEVA CONSTITUCION,19,SAN LUIS
loc_9024,9024,NUEVA ESPERANZA,19,SAN LUIS
loc_9025,9025,NUEVA GALIA,19,SAN LUIS
loc_9027,9027,PASO DE LOS GAUCHOS,19,SAN LUIS
loc_9028,9028,PENICE,19,SAN LUIS
loc_9029,9029,PLACILLA,19,SAN LUIS
loc_9030,9030,PLUMERITO,19,SAN LUIS
loc_9031,9031,POLLEDO,19,SAN LUIS
loc_9032,9032,RANQUELCO,19,SAN LUIS
loc_9033,9033,ROSALES,19,SAN LUIS
loc_9034,9034,SAN ANTONIO,19,SAN LUIS
loc_9035,9035,SAN CARLOS,19,SAN LUIS
loc_9036,9036,SAN ISIDRO,19,SAN LUIS
loc_9037,9037,SAN JORGE,19,SAN LUIS
loc_9038,9038,SAN JOSE,19,SAN LUIS
loc_9039,9039,SAN JUAN,19,SAN LUIS
loc_9040,9040,SANTA CECILIA,19,SAN LUIS
loc_9041,9041,SANTA LUCIA,19,SAN LUIS
loc_9042,9042,SANTA MARIA,19,SAN LUIS
loc_9044,9044,SANTO DOMINGO,19,SAN LUIS
loc_9045,9045,TOINGUA,19,SAN LUIS
loc_9046,9046,TORO BAYO,19,SAN LUIS
loc_9047,9047,TOSCAL,19,SAN LUIS
loc_9048,9048,UCHAIMA,19,SAN LUIS
loc_9049,9049,UNION,19,SAN LUIS
loc_9050,9050,USIYAL,19,SAN LUIS
loc_9051,9051,VALLE HERMOSO,19,SAN LUIS
loc_9052,9052,VIVA LA PATRIA,19,SAN LUIS
loc_9053,9053,6 DE SEPTIEMBRE,19,SAN LUIS
loc_9054,9054,AGUA HEDIONDA,19,SAN LUIS
loc_9055,9055,AGUADITA,19,SAN LUIS
loc_9056,9056,AGUADITAS,19,SAN LUIS
loc_9057,9057,ALGARROBAL,19,SAN LUIS
loc_9058,9058,ARBOL VERDE,19,SAN LUIS
loc_9059,9059,BAJADA,19,SAN LUIS
loc_9060,9060,BALDE AHUMADA,19,SAN LUIS
loc_9061,9061,BALDE DE ARRIBA,19,SAN LUIS
loc_9062,9062,BALDE DE AZCURRA,19,SAN LUIS
loc_9063,9063,BALDE DE GARCIA,19,SAN LUIS
loc_9064,9064,BALDE DE GUARDIA,19,SAN LUIS
loc_9065,9065,BALDE DE LA LINEA,19,SAN LUIS
loc_9066,9066,BALDE DE LEDESMA,19,SAN LUIS
loc_9067,9067,BALDE DE MONTE,19,SAN LUIS
loc_9068,9068,BALDE DE PUERTAS,19,SAN LUIS
loc_9069,9069,BALDE DE QUINES,19,SAN LUIS
loc_9070,9070,BALDE DE TORRES,19,SAN LUIS
loc_9071,9071,BALDE EL CARRIL,19,SAN LUIS
loc_9072,9072,BALDE HONDO,19,SAN LUIS
loc_9073,9073,BALDE RETAMO,19,SAN LUIS
loc_9074,9074,BALDE VIEJO,19,SAN LUIS
loc_9075,9075,BALDECITO,19,SAN LUIS
loc_9076,9076,BALDECITO LA PAMPA,19,SAN LUIS
loc_9077,9077,BANDA SUD,19,SAN LUIS
loc_9078,9078,BAÑADITO VIEJO,19,SAN LUIS
loc_9080,9080,BAÑADO LINDO,19,SAN LUIS
loc_9081,9081,BAÑOS ZAPALLAR,19,SAN LUIS
loc_9082,9082,BARRIALES,19,SAN LUIS
loc_9083,9083,BARZOLA,19,SAN LUIS
loc_9084,9084,BECERRA,19,SAN LUIS
loc_9085,9085,BELLA VISTA,19,SAN LUIS
loc_9086,9086,BELLA VISTA BOTIJAS,19,SAN LUIS
loc_9087,9087,BOTIJAS,19,SAN LUIS
loc_9088,9088,CAMPANARIO,19,SAN LUIS
loc_9089,9089,CANDELARIA,19,SAN LUIS
loc_9090,9090,CANTANTAL,19,SAN LUIS
loc_9091,9091,CAÑADA ANGOSTA,19,SAN LUIS
loc_9092,9092,CAÑADA QUEMADA,19,SAN LUIS
loc_9093,9093,CARMELO,19,SAN LUIS
loc_9094,9094,CEBOLLAR,19,SAN LUIS
loc_9095,9095,CERRO BAYO,19,SAN LUIS
loc_9096,9096,CERRO NEGRO,19,SAN LUIS
loc_9097,9097,CHACRAS DEL CANTARO,19,SAN LUIS
loc_9098,9098,CHARLONES,19,SAN LUIS
loc_9099,9099,CHIMBAS,19,SAN LUIS
loc_9100,9100,CHIMBORAZO,19,SAN LUIS
loc_9101,9101,CHIPISCU,19,SAN LUIS
loc_9102,9102,CONSULTA,19,SAN LUIS
loc_9103,9103,CORRAL DE PIEDRA,19,SAN LUIS
loc_9104,9104,EL ALTO,19,SAN LUIS
loc_9105,9105,EL BAÑADO,19,SAN LUIS
loc_9106,9106,EL BARRIAL,19,SAN LUIS
loc_9107,9107,EL CADILLO,19,SAN LUIS
loc_9108,9108,EL CALDEN,19,SAN LUIS
loc_9109,9109,EL CARMEN,19,SAN LUIS
loc_9110,9110,EL CHAÑAR,19,SAN LUIS
loc_9111,9111,EL CHARABON,19,SAN LUIS
loc_9112,9112,EL ESPINILLO,19,SAN LUIS
loc_9113,9113,EL HORMIGUERO,19,SAN LUIS
loc_9114,9114,EL INJERTO,19,SAN LUIS
loc_9115,9115,EL MANANTIAL,19,SAN LUIS
loc_9116,9116,EL MOLINO,19,SAN LUIS
loc_9117,9117,EL MOLLAR,19,SAN LUIS
loc_9118,9118,EL MOLLARCITO,19,SAN LUIS
loc_9119,9119,EL PAYERO,19,SAN LUIS
loc_9120,9120,EL PIMPOLLO,19,SAN LUIS
loc_9121,9121,EL POTRERILLO,19,SAN LUIS
loc_9122,9122,EL POTRERO DE LEYES,19,SAN LUIS
loc_9123,9123,EL PUESTITO,19,SAN LUIS
loc_9124,9124,EL PUESTO,19,SAN LUIS
loc_9125,9125,EL QUEBRACHO,19,SAN LUIS
loc_9126,9126,EL RETAMO,19,SAN LUIS
loc_9127,9127,EL RINCON,19,SAN LUIS
loc_9128,9128,EL SEMBRADO,19,SAN LUIS
loc_9129,9129,EL VERANO,19,SAN LUIS
loc_9130,9130,EL ZAMPAL,19,SAN LUIS
loc_9131,9131,EL ZAPALLAR,19,SAN LUIS
loc_9132,9132,ENTRE RIOS,19,SAN LUIS
loc_9133,9133,ESTANCIA LA BLANCA,19,SAN LUIS
loc_9134,9134,ESTANCIA LA UNION,19,SAN LUIS
loc_9135,9135,GUALTARAN,19,SAN LUIS
loc_9136,9136,LA AGUADA,19,SAN LUIS
loc_9137,9137,LA BAJADA,19,SAN LUIS
loc_9138,9138,LA BAVA,19,SAN LUIS
loc_9139,9139,LA BREA,19,SAN LUIS
loc_9140,9140,LA COLONIA,19,SAN LUIS
loc_9141,9141,LA ESQUINA,19,SAN LUIS
loc_9142,9142,LA FLORIDA,19,SAN LUIS
loc_9143,9143,LA JUANITA,19,SAN LUIS
loc_9144,9144,LA LEGUA,19,SAN LUIS
loc_9145,9145,LA MAJADA,19,SAN LUIS
loc_9146,9146,LA MEDULA,19,SAN LUIS
loc_9147,9147,LA MERCED,19,SAN LUIS
loc_9148,9148,LA MODERNA,19,SAN LUIS
loc_9149,9149,LA PATRIA,19,SAN LUIS
loc_9150,9150,LA PLATA,19,SAN LUIS
loc_9151,9151,LA PORFIA,19,SAN LUIS
loc_9152,9152,LA PRIMAVERA,19,SAN LUIS
loc_9153,9153,LA RAMADA,19,SAN LUIS
loc_9155,9155,LA RESISTENCIA,19,SAN LUIS
loc_9156,9156,LA SALVADORA,19,SAN LUIS
loc_9157,9157,LA SIRENA,19,SAN LUIS
loc_9158,9158,LA TRANCA,19,SAN LUIS
loc_9159,9159,LA TUSCA,19,SAN LUIS
loc_9160,9160,LA VERTIENTE,19,SAN LUIS
loc_9161,9161,LAS BAJADAS,19,SAN LUIS
loc_9162,9162,LAS CHIMBAS,19,SAN LUIS
loc_9163,9163,LAS CLARITAS,19,SAN LUIS
loc_9164,9164,LAS LAGUNAS,19,SAN LUIS
loc_9165,9165,LAS LAGUNITAS,19,SAN LUIS
loc_9166,9166,LAS MESIAS,19,SAN LUIS
loc_9167,9167,LAS PAMPITAS,19,SAN LUIS
loc_9168,9168,LAS PLAYAS ARGENTINAS,19,SAN LUIS
loc_9169,9169,LAS PUERTAS,19,SAN LUIS
loc_9170,9170,LAS SALINAS,19,SAN LUIS
loc_9171,9171,LEANDRO N ALEM,19,SAN LUIS
loc_9172,9172,LINDO,19,SAN LUIS
loc_9173,9173,LOMAS BLANCAS,19,SAN LUIS
loc_9174,9174,LOS ALMACIGOS,19,SAN LUIS
loc_9175,9175,LOS ARCES,19,SAN LUIS
loc_9176,9176,LOS CERRILLOS,19,SAN LUIS
loc_9177,9177,LOS CHENAS,19,SAN LUIS
loc_9178,9178,LOS MENDOCINOS,19,SAN LUIS
loc_9179,9179,LOS PEJES,19,SAN LUIS
loc_9180,9180,LUJAN,19,SAN LUIS
loc_9181,9181,MANANTIAL,19,SAN LUIS
loc_9182,9182,MARAVILLA,19,SAN LUIS
loc_9183,9183,MEDANO BELLO,19,SAN LUIS
loc_9184,9184,MONTE CARMELO,19,SAN LUIS
loc_9185,9185,MONTE VERDE,19,SAN LUIS
loc_9186,9186,MOYARCITO,19,SAN LUIS
loc_9187,9187,PAMPA GRANDE,19,SAN LUIS
loc_9188,9188,PAMPA INVERNADA,19,SAN LUIS
loc_9189,9189,PASO DE PIEDRA,19,SAN LUIS
loc_9190,9190,PASTAL,19,SAN LUIS
loc_9191,9191,PATIO LIMPIO,19,SAN LUIS
loc_9192,9192,PEÑON COLORADO,19,SAN LUIS
loc_9193,9193,PIE DE LA CUESTA,19,SAN LUIS
loc_9194,9194,POZO CAVADO,19,SAN LUIS
loc_9195,9195,POZO DE LOS RAYOS,19,SAN LUIS
loc_9196,9196,POZO DEL MOLLE,19,SAN LUIS
loc_9197,9197,POZO SANTIAGO,19,SAN LUIS
loc_9198,9198,PUERTO ALEGRE,19,SAN LUIS
loc_9199,9199,PUERTO RICO,19,SAN LUIS
loc_9200,9200,PUESTO DE TABARES,19,SAN LUIS
loc_9201,9201,PUESTO PAMPA INVERNADA,19,SAN LUIS
loc_9202,9202,PUESTO QUEBRADA CAL,19,SAN LUIS
loc_9203,9203,PUESTO ROBERTO,19,SAN LUIS
loc_9204,9204,PUESTO TALAR,19,SAN LUIS
loc_9205,9205,QUEBRACHITO,19,SAN LUIS
loc_9206,9206,QUINES,19,SAN LUIS
loc_9207,9207,RAMADITA,19,SAN LUIS
loc_9208,9208,RAMBLONES,19,SAN LUIS
loc_9209,9209,RECONQUISTA,19,SAN LUIS
loc_9210,9210,RIO JUAN GOMEZ,19,SAN LUIS
loc_9211,9211,RODEO CADENAS,19,SAN LUIS
loc_9212,9212,SALINAS,19,SAN LUIS
loc_9213,9213,SAN CELESTINO,19,SAN LUIS
loc_9214,9214,SAN FRANCISCO DEL MONTE DE ORO,19,SAN LUIS
loc_9215,9215,SAN JORGE,19,SAN LUIS
loc_9216,9216,SAN MARTIN,19,SAN LUIS
loc_9217,9217,SAN MIGUEL,19,SAN LUIS
loc_9218,9218,SAN PEDRO,19,SAN LUIS
loc_9220,9220,SAN RUFINO,19,SAN LUIS
loc_9221,9221,SAN SALVADOR,19,SAN LUIS
loc_9222,9222,SANTA ANA,19,SAN LUIS
loc_9223,9223,SANTA ANA QUINES,19,SAN LUIS
loc_9224,9224,SANTA CLARA,19,SAN LUIS
loc_9225,9225,SANTA MARIA,19,SAN LUIS
loc_9226,9226,SANTA ROSA,19,SAN LUIS
loc_9227,9227,SANTA RUFINA,19,SAN LUIS
loc_9228,9228,SANTA TERESITA,19,SAN LUIS
loc_9229,9229,SANTA VICTORIA,19,SAN LUIS
loc_9230,9230,SANTO DOMINGO,19,SAN LUIS
loc_9231,9231,SERAFINA,19,SAN LUIS
loc_9232,9232,SOCOSCORA,19,SAN LUIS
loc_9233,9233,SOL DE ABRIL,19,SAN LUIS
loc_9234,9234,TEMERARIA,19,SAN LUIS
loc_9235,9235,TINTITACO,19,SAN LUIS
loc_9236,9236,TRES CAÑADAS,19,SAN LUIS
loc_9237,9237,VISTA ALEGRE,19,SAN LUIS
loc_9238,9238,11 DE MAYO,19,SAN LUIS
loc_9239,9239,AGUA SALADA,19,SAN LUIS
loc_9240,9240,ALTO DE LA LEÑA,19,SAN LUIS
loc_9241,9241,ALTO GRANDE,19,SAN LUIS
loc_9242,9242,ANTIHUASI,19,SAN LUIS
loc_9243,9243,ARBOLEDA,19,SAN LUIS
loc_9244,9244,ARENILLA,19,SAN LUIS
loc_9245,9245,BALDE DE LA ISLA,19,SAN LUIS
loc_9246,9246,BUENA VENTURA,19,SAN LUIS
loc_9247,9247,BUENA VISTA,19,SAN LUIS
loc_9248,9248,CANTERAS SANTA ISABEL,19,SAN LUIS
loc_9252,9252,CAÑADA SAN ANTONIO,19,SAN LUIS
loc_9253,9253,CAROLINA,19,SAN LUIS
loc_9254,9254,CASA DE PIEDRA,19,SAN LUIS
loc_9255,9255,CASAS VIEJAS,19,SAN LUIS
loc_9256,9256,CERRO BLANCO,19,SAN LUIS
loc_9257,9257,CERRO DE LA PILA,19,SAN LUIS
loc_9258,9258,CERRO DE PIEDRA,19,SAN LUIS
loc_9259,9259,CERRO VERDE,19,SAN LUIS
loc_9260,9260,CERROS LARGOS,19,SAN LUIS
loc_9261,9261,CHIPICAL,19,SAN LUIS
loc_9262,9262,COMANDANTE GRANVILLE,19,SAN LUIS
loc_9263,9263,CRUZ DE CAÑA,19,SAN LUIS
loc_9264,9264,CRUZ DE PIEDRA,19,SAN LUIS
loc_9265,9265,CUATRO ESQUINAS,19,SAN LUIS
loc_9266,9266,DIQUE LA FLORIDA,19,SAN LUIS
loc_9267,9267,EL AMPARO,19,SAN LUIS
loc_9268,9268,EL ARENAL,19,SAN LUIS
loc_9269,9269,EL BLANCO,19,SAN LUIS
loc_9270,9270,EL CHAÑAR,19,SAN LUIS
loc_9271,9271,EL DURAZNO,19,SAN LUIS
loc_9272,9272,EL PORTEZUELO,19,SAN LUIS
loc_9273,9273,EL POZO,19,SAN LUIS
loc_9274,9274,EL ROSARIO,19,SAN LUIS
loc_9275,9275,EL SALADO,19,SAN LUIS
loc_9276,9276,EL TALA,19,SAN LUIS
loc_9277,9277,EL TALITA,19,SAN LUIS
loc_9278,9278,EL VALLE,19,SAN LUIS
loc_9279,9279,EL VALLECITO,19,SAN LUIS
loc_9280,9280,ELEODORO LOBOS,19,SAN LUIS
loc_9281,9281,EMBALSE LA FLORIDA,19,SAN LUIS
loc_9282,9282,ESTABLECIMIENTO LAS FLORES,19,SAN LUIS
loc_9283,9283,ESTANCIA EL SALADO,19,SAN LUIS
loc_9284,9284,ESTANCIA GRANDE,19,SAN LUIS
loc_9285,9285,FRAGA,19,SAN LUIS
loc_9286,9286,GRUTA DE INTIHUASI,19,SAN LUIS
loc_9287,9287,HINOJITO,19,SAN LUIS
loc_9288,9288,INTIHUASI,19,SAN LUIS
loc_9289,9289,ISLA,19,SAN LUIS
loc_9290,9290,LA ADELA,19,SAN LUIS
loc_9291,9291,LA AGUADA,19,SAN LUIS
loc_9292,9292,LA ALAMEDA,19,SAN LUIS
loc_9293,9293,LA ALIANZA,19,SAN LUIS
loc_9294,9294,LA ARBOLEDA,19,SAN LUIS
loc_9295,9295,LA ATALAYA,19,SAN LUIS
loc_9296,9296,LA BAJADA,19,SAN LUIS
loc_9297,9297,LA CALAGUALA,19,SAN LUIS
loc_9298,9298,LA CAÑADA,19,SAN LUIS
loc_9299,9299,LA CAUTIVA,19,SAN LUIS
loc_9300,9300,LA DELIA,19,SAN LUIS
loc_9301,9301,LA FLORIDA,19,SAN LUIS
loc_9302,9302,LA FRAGUA,19,SAN LUIS
loc_9303,9303,LA HIGUERITA,19,SAN LUIS
loc_9304,9304,LA JUSTA,19,SAN LUIS
loc_9305,9305,LA MARIA,19,SAN LUIS
loc_9306,9306,LA PETRA,19,SAN LUIS
loc_9307,9307,LA PROVIDENCIA,19,SAN LUIS
loc_9308,9308,LA RINCONADA,19,SAN LUIS
loc_9309,9309,LA TOMA,19,SAN LUIS
loc_9310,9310,LA TOTORA,19,SAN LUIS
loc_9311,9311,LA YERBA BUENA,19,SAN LUIS
loc_9312,9312,LAGUNA BRAVA,19,SAN LUIS
loc_9313,9313,LAS BARRANQUITAS,19,SAN LUIS
loc_9314,9314,LAS DELICIAS,19,SAN LUIS
loc_9315,9315,LAS FLORES,19,SAN LUIS
loc_9316,9316,LAS HIGUERAS,19,SAN LUIS
loc_9317,9317,LAS PEÑAS,19,SAN LUIS
loc_9318,9318,LAS ROSAS,19,SAN LUIS
loc_9319,9319,LOMA DEL MEDIO,19,SAN LUIS
loc_9320,9320,LOS ARROYOS,19,SAN LUIS
loc_9321,9321,LOS CARRICITOS,19,SAN LUIS
loc_9322,9322,LOS MEDANITOS,19,SAN LUIS
loc_9323,9323,LOS MEMBRILLOS,19,SAN LUIS
loc_9324,9324,LOS MONTES,19,SAN LUIS
loc_9325,9325,LOS PASITOS,19,SAN LUIS
loc_9326,9326,LOS TAPIALES,19,SAN LUIS
loc_9327,9327,MANANTIAL GRANDE,19,SAN LUIS
loc_9328,9328,MARAY,19,SAN LUIS
loc_9329,9329,MARMOL VERDE,19,SAN LUIS
loc_9330,9330,MEDANOS,19,SAN LUIS
loc_9331,9331,MINA CAROLINA,19,SAN LUIS
loc_9332,9332,MINA SANTO DOMINGO,19,SAN LUIS
loc_9333,9333,MONTE CHIQUITO,19,SAN LUIS
loc_9335,9335,PAINES,19,SAN LUIS
loc_9336,9336,PAMPA DE LOS GOBERNADORES,19,SAN LUIS
loc_9337,9337,PAMPA DEL TAMBORERO,19,SAN LUIS
loc_9338,9338,PAMPITA,19,SAN LUIS
loc_9339,9339,PANTANILLOS,19,SAN LUIS
loc_9340,9340,PASO DE CUERO,19,SAN LUIS
loc_9341,9341,PASO DE LAS CARRETAS,19,SAN LUIS
loc_9342,9342,PASO DEL REY,19,SAN LUIS
loc_9343,9343,PASO JUAN GOMEZ,19,SAN LUIS
loc_9344,9344,PIEDRAS BLANCAS,19,SAN LUIS
loc_9345,9345,QUEBRADA DE LA BURRA,19,SAN LUIS
loc_9346,9346,QUEBRADA HONDA,19,SAN LUIS
loc_9347,9347,RIECITO,19,SAN LUIS
loc_9348,9348,RIO GRANDE,19,SAN LUIS
loc_9349,9349,SALADILLO,19,SAN LUIS
loc_9350,9350,SALADO,19,SAN LUIS
loc_9351,9351,SAN ANTONIO,19,SAN LUIS
loc_9352,9352,SAN GREGORIO,19,SAN LUIS
loc_9353,9353,SAN IGNACIO,19,SAN LUIS
loc_9354,9354,SAN JOSE DE LOS CHAÑARES,19,SAN LUIS
loc_9355,9355,SAN LORENZO,19,SAN LUIS
loc_9356,9356,SAN MIGUEL,19,SAN LUIS
loc_9357,9357,SANTA CLARA,19,SAN LUIS
loc_9358,9358,SANTA ISABEL,19,SAN LUIS
loc_9359,9359,SAUCESITO,19,SAN LUIS
loc_9360,9360,SOLOBASTA,19,SAN LUIS
loc_9361,9361,SOLOLOSTA,19,SAN LUIS
loc_9362,9362,TAMBOREO,19,SAN LUIS
loc_9363,9363,TOTORAL,19,SAN LUIS
loc_9364,9364,TOTORILLA,19,SAN LUIS
loc_9365,9365,TRAPICHE,19,SAN LUIS
loc_9366,9366,VALLE DE LA PANCANTA,19,SAN LUIS
loc_9367,9367,VALLECITO,19,SAN LUIS
loc_9368,9368,VIRARCO,19,SAN LUIS
loc_9369,9369,VISTA HERMOSA,19,SAN LUIS
loc_9370,9370,YACORO,19,SAN LUIS
loc_9371,9371,ARROYO BLANCO,16,RÍO NEGRO
loc_9372,9372,ARROYO CHACAY,16,RÍO NEGRO
loc_9373,9373,CAÑADON CAMALLO,16,RÍO NEGRO
loc_9374,9374,CAÑADON CHILENO,16,RÍO NEGRO
loc_9376,9376,CARHUE,16,RÍO NEGRO
loc_9377,9377,CASA QUEMADA,16,RÍO NEGRO
loc_9378,9378,CERRO ALTO,16,RÍO NEGRO
loc_9379,9379,COMALLO,16,RÍO NEGRO
loc_9380,9380,COMALLO ABAJO,16,RÍO NEGRO
loc_9381,9381,COQUELEN,16,RÍO NEGRO
loc_9382,9382,CORRALITO,16,RÍO NEGRO
loc_9383,9383,COSTAS DEL PICHI LEUFU,16,RÍO NEGRO
loc_9384,9384,DINA HUAPI,16,RÍO NEGRO
loc_9385,9385,LA QUEBRADA,16,RÍO NEGRO
loc_9386,9386,LAGUNA BLANCA,16,RÍO NEGRO
loc_9387,9387,MENUCO VACA MUERTA,16,RÍO NEGRO
loc_9388,9388,NENEO RUCA,16,RÍO NEGRO
loc_9390,9390,PANQUEHUAO,16,RÍO NEGRO
loc_9391,9391,PASO CHACABUCO,16,RÍO NEGRO
loc_9392,9392,PASO DE LOS MOLLES,16,RÍO NEGRO
loc_9393,9393,PASO DEL LIMAY,16,RÍO NEGRO
loc_9394,9394,PASO FLORES,16,RÍO NEGRO
loc_9395,9395,PASO MIRANDA,16,RÍO NEGRO
loc_9396,9396,PERITO MORENO,16,RÍO NEGRO
loc_9397,9397,PERITO MORENO ESTACION FCGR,16,RÍO NEGRO
loc_9398,9398,PICHI LEUFU,16,RÍO NEGRO
loc_9399,9399,PICHI LEUFU ABAJO,16,RÍO NEGRO
loc_9400,9400,PICHI LEUFU ARRIBA,16,RÍO NEGRO
loc_9401,9401,PILCANIYEU,16,RÍO NEGRO
loc_9402,9402,PILQUINIYEU DEL LIMAY,16,RÍO NEGRO
loc_9403,9403,QUINTA PANAL,16,RÍO NEGRO
loc_9404,9404,RAYHUAO,16,RÍO NEGRO
loc_9405,9405,SAN PEDRO,16,RÍO NEGRO
loc_9406,9406,TRES OJOS DE AGUAS,16,RÍO NEGRO
loc_9407,9407,VILLA LLANQUIN,16,RÍO NEGRO
loc_9408,9408,COLONIA JULIA Y ECHARREN,16,RÍO NEGRO
loc_9409,9409,CORONEL EUGENIO DEL BUSTO,16,RÍO NEGRO
loc_9410,9410,JUAN DE GARAY,16,RÍO NEGRO
loc_9411,9411,LA ADELA,16,RÍO NEGRO
loc_9412,9412,LA MARIA INES,16,RÍO NEGRO
loc_9413,9413,PICHI MAHUIDA,16,RÍO NEGRO
loc_9414,9414,RIO COLORADO,16,RÍO NEGRO
loc_9415,9415,SAN LEON,16,RÍO NEGRO
loc_9416,9416,CASCADA LOS CANTAROS,16,RÍO NEGRO
loc_9417,9417,COSTA DEL RIO AZUL,16,RÍO NEGRO
loc_9418,9418,CUESTA DEL TERNERO,16,RÍO NEGRO
loc_9419,9419,EL BOLSON,16,RÍO NEGRO
loc_9420,9420,EL CONDOR ESTANCIA,16,RÍO NEGRO
loc_9421,9421,EL FOYEL,16,RÍO NEGRO
loc_9422,9422,EL MANSO,16,RÍO NEGRO
loc_9423,9423,LAGUNA FRIAS,16,RÍO NEGRO
loc_9424,9424,LAGUNA LOS JUNCOS,16,RÍO NEGRO
loc_9425,9425,LOS REPOLLOS,16,RÍO NEGRO
loc_9426,9426,MALLIN AHOGADO,16,RÍO NEGRO
loc_9427,9427,PUERTO BLEST,16,RÍO NEGRO
loc_9428,9428,PUERTO OJO DE AGUA,16,RÍO NEGRO
loc_9429,9429,PUERTO TIGRE ISLA VICTORIA,16,RÍO NEGRO
loc_9430,9430,RIO VILLEGAS,16,RÍO NEGRO
loc_9431,9431,SAN CARLOS DE BARILOCHE,16,RÍO NEGRO
loc_9432,9432,SAN RAMON,16,RÍO NEGRO
loc_9433,9433,TUNQUELEN,16,RÍO NEGRO
loc_9434,9434,VILLA MASCARDI,16,RÍO NEGRO
loc_9435,9435,VILLA TURISMO,16,RÍO NEGRO
loc_9436,9436,6 DE OCTUBRE,16,RÍO NEGRO
loc_9437,9437,BAJO RICO,16,RÍO NEGRO
loc_9438,9438,BENJAMIN ZORRILLA,16,RÍO NEGRO
loc_9439,9439,CHELFORO,16,RÍO NEGRO
loc_9440,9440,CHIMPAY,16,RÍO NEGRO
loc_9441,9441,CHOELE CHOEL,16,RÍO NEGRO
loc_9442,9442,COLONIA JOSEFA,16,RÍO NEGRO
loc_9443,9443,CORONEL BELISLE,16,RÍO NEGRO
loc_9444,9444,DARWIN,16,RÍO NEGRO
loc_9445,9445,ESTANCIA LAS JULIAS,16,RÍO NEGRO
loc_9446,9446,FORTIN UNO,16,RÍO NEGRO
loc_9447,9447,ISLA CHICA,16,RÍO NEGRO
loc_9448,9448,ISLA GRANDE,16,RÍO NEGRO
loc_9450,9450,LA ELVIRA,16,RÍO NEGRO
loc_9451,9451,LA JULIA,16,RÍO NEGRO
loc_9452,9452,LA SARA,16,RÍO NEGRO
loc_9453,9453,LAGUNA DE LA PRUEBA,16,RÍO NEGRO
loc_9454,9454,LAMARQUE,16,RÍO NEGRO
loc_9455,9455,LAS PIEDRAS,16,RÍO NEGRO
loc_9456,9456,LOS MOLINOS,16,RÍO NEGRO
loc_9457,9457,LUIS BELTRAN,16,RÍO NEGRO
loc_9458,9458,MARIA CRISTINA,16,RÍO NEGRO
loc_9459,9459,MEDANOS NEGROS,16,RÍO NEGRO
loc_9460,9460,NEGRO MUERTO,16,RÍO NEGRO
loc_9461,9461,PASO LEZCANO,16,RÍO NEGRO
loc_9462,9462,PASO PIEDRA,16,RÍO NEGRO
loc_9463,9463,POMONA,16,RÍO NEGRO
loc_9464,9464,PUESTO FARIA,16,RÍO NEGRO
loc_9465,9465,RINCONADA,16,RÍO NEGRO
loc_9466,9466,RIO SALADO,16,RÍO NEGRO
loc_9467,9467,SALITRAL NEGRO,16,RÍO NEGRO
loc_9468,9468,SANTA GENOVEVA,16,RÍO NEGRO
loc_9469,9469,SANTA GREGORIA,16,RÍO NEGRO
loc_9470,9470,SANTA NICOLASA,16,RÍO NEGRO
loc_9471,9471,SAUCE BLANCO,16,RÍO NEGRO
loc_9472,9472,COMI CO,16,RÍO NEGRO
loc_9473,9473,CONA NIYEU,16,RÍO NEGRO
loc_9474,9474,FALCKNER,16,RÍO NEGRO
loc_9475,9475,GANZU LAUQUEN,16,RÍO NEGRO
loc_9476,9476,MINISTRO RAMOS MEXIA,16,RÍO NEGRO
loc_9477,9477,PRAHUANIYEU,16,RÍO NEGRO
loc_9478,9478,SIERRA COLORADA,16,RÍO NEGRO
loc_9479,9479,TRENETA,16,RÍO NEGRO
loc_9480,9480,YAMINUE,16,RÍO NEGRO
loc_9481,9481,ARROYO LAS MINAS,16,RÍO NEGRO
loc_9482,9482,CERRO MESA,16,RÍO NEGRO
loc_9483,9483,CHACALHUA RUCA,16,RÍO NEGRO
loc_9484,9484,CHACAY HUARRUCA,16,RÍO NEGRO
loc_9485,9485,CHENQUENIYEU,16,RÍO NEGRO
loc_9486,9486,CHURQUIÑEO,16,RÍO NEGRO
loc_9487,9487,CORRAL DE LOS PINOS,16,RÍO NEGRO
loc_9488,9488,EL PANTANOSO,16,RÍO NEGRO
loc_9489,9489,FITALANCAO,16,RÍO NEGRO
loc_9490,9490,FITAMICHE,16,RÍO NEGRO
loc_9491,9491,FITATIMEN,16,RÍO NEGRO
loc_9492,9492,LAS BAYAS,16,RÍO NEGRO
loc_9493,9493,MAMUEL CHOIQUE,16,RÍO NEGRO
loc_9495,9495,OJOS DE AGUA EMBARCADERO FCGB,16,RÍO NEGRO
loc_9496,9496,PORTEZUELO,16,RÍO NEGRO
loc_9497,9497,REPOLLOS,16,RÍO NEGRO
loc_9498,9498,RIO CHICO,16,RÍO NEGRO
loc_9499,9499,AGUADA CECILIO,16,RÍO NEGRO
loc_9500,9500,ARROYO DE LA VENTANA,16,RÍO NEGRO
loc_9501,9501,ARROYO LOS BERROS,16,RÍO NEGRO
loc_9502,9502,ARROYO TEMBRADO,16,RÍO NEGRO
loc_9503,9503,CAMPANA MAHUIDA,16,RÍO NEGRO
loc_9504,9504,CHIPAUQUIL,16,RÍO NEGRO
loc_9505,9505,EL SALADO,16,RÍO NEGRO
loc_9506,9506,MUSTERS,16,RÍO NEGRO
loc_9507,9507,NAHUEL NIYEU,16,RÍO NEGRO
loc_9508,9508,PAJA ALTA,16,RÍO NEGRO
loc_9509,9509,PUNTA DE AGUA,16,RÍO NEGRO
loc_9510,9510,SIERRA DE LA VENTANA,16,RÍO NEGRO
loc_9511,9511,SIERRA PAILEMAN,16,RÍO NEGRO
loc_9512,9512,TENIENTE MAZA ESTACION FCGR,16,RÍO NEGRO
loc_9513,9513,VALCHETA,16,RÍO NEGRO
loc_9514,9514,AGUADA DE GUERRA,16,RÍO NEGRO
loc_9515,9515,AGUADA DE PIEDRA,16,RÍO NEGRO
loc_9516,9516,ANECON CHICO,16,RÍO NEGRO
loc_9517,9517,ANECON GRANDE,16,RÍO NEGRO
loc_9518,9518,ATRAICO,16,RÍO NEGRO
loc_9519,9519,BARRIL NIYEO,16,RÍO NEGRO
loc_9520,9520,CALTRAUNA,16,RÍO NEGRO
loc_9521,9521,CARRILAUQUEN,16,RÍO NEGRO
loc_9522,9522,CERRO ABANICO,16,RÍO NEGRO
loc_9523,9523,CHAIFUL,16,RÍO NEGRO
loc_9524,9524,CHICHIHUAO,16,RÍO NEGRO
loc_9525,9525,CLEMENTE ONELLI,16,RÍO NEGRO
loc_9526,9526,COLAN CONHUE,16,RÍO NEGRO
loc_9527,9527,COLI TORO,16,RÍO NEGRO
loc_9528,9528,EL CAIN,16,RÍO NEGRO
loc_9529,9529,EL CHEIFUL,16,RÍO NEGRO
loc_9530,9530,EL MOLIGUE,16,RÍO NEGRO
loc_9531,9531,EMPALME KILOMETRO 648,16,RÍO NEGRO
loc_9532,9532,FITA RUIN,16,RÍO NEGRO
loc_9533,9533,HUAN LUAN,16,RÍO NEGRO
loc_9534,9534,INGENIERO JACOBACCI,16,RÍO NEGRO
loc_9535,9535,INGENIERO ZIMMERMANN RESTA,16,RÍO NEGRO
loc_9536,9536,LA ESPERANZA,16,RÍO NEGRO
loc_9537,9537,LA RINCONADA,16,RÍO NEGRO
loc_9538,9538,LAGUNITA,16,RÍO NEGRO
loc_9539,9539,LENZANIYEN,16,RÍO NEGRO
loc_9540,9540,LOMA BLANCA,16,RÍO NEGRO
loc_9541,9541,LOS JUNCOS,16,RÍO NEGRO
loc_9542,9542,LOS MANANTIALES,16,RÍO NEGRO
loc_9543,9543,LOS MENUCOS,16,RÍO NEGRO
loc_9544,9544,MANCULLIQUE,16,RÍO NEGRO
loc_9545,9545,MAQUINCHAO,16,RÍO NEGRO
loc_9546,9546,NILUAN,16,RÍO NEGRO
loc_9547,9547,PILQUINIYEU,16,RÍO NEGRO
loc_9548,9548,QUETREQUILE,16,RÍO NEGRO
loc_9549,9549,RUCU LUAN,16,RÍO NEGRO
loc_9550,9550,TROMENIYEU,16,RÍO NEGRO
loc_9551,9551,VACA LAUQUEN,16,RÍO NEGRO
loc_9552,9552,YUQUINCHE,16,RÍO NEGRO
loc_9553,9553,BOCA DE LA TRAVESIA,16,RÍO NEGRO
loc_9554,9554,CHOCORI,16,RÍO NEGRO
loc_9555,9555,COLONIA GENERAL FRIAS,16,RÍO NEGRO
loc_9556,9556,COLONIA LA LUISA,16,RÍO NEGRO
loc_9557,9557,COLONIA SAN JUAN,16,RÍO NEGRO
loc_9558,9558,CORONEL FRANCISCO SOSA,16,RÍO NEGRO
loc_9559,9559,EL PORVENIR,16,RÍO NEGRO
loc_9560,9560,GENERAL CONESA,16,RÍO NEGRO
loc_9561,9561,INGENIO SAN LORENZO,16,RÍO NEGRO
loc_9562,9562,LA CAROLINA,16,RÍO NEGRO
loc_9563,9563,LA FLECHA,16,RÍO NEGRO
loc_9564,9564,LA GRANJA,16,RÍO NEGRO
loc_9565,9565,LAGUNA CORTES,16,RÍO NEGRO
loc_9566,9566,LUIS M ZAGAGLIA,16,RÍO NEGRO
loc_9567,9567,NUEVA CAROLINA,16,RÍO NEGRO
loc_9568,9568,PUESTO GAVIÑA,16,RÍO NEGRO
loc_9569,9569,RINCON DE GASTRE,16,RÍO NEGRO
loc_9570,9570,SAN JUAN,16,RÍO NEGRO
loc_9571,9571,SAN LORENZO,16,RÍO NEGRO
loc_9572,9572,SAN SIMON,16,RÍO NEGRO
loc_9573,9573,SEGUNDA ANGOSTURA,16,RÍO NEGRO
loc_9574,9574,TRAVESIA CASTRO,16,RÍO NEGRO
loc_9575,9575,TTE GRAL EUSTAQUIO FRIAS,16,RÍO NEGRO
loc_9576,9576,AGUADA DEL LORO,16,RÍO NEGRO
loc_9577,9577,BALNEARIO EL CONDOR,16,RÍO NEGRO
loc_9578,9578,BARRIO LAGUNA,16,RÍO NEGRO
loc_9579,9579,CHINA MUERTA,16,RÍO NEGRO
loc_9580,9580,CUBANEA,16,RÍO NEGRO
loc_9581,9581,EL DIQUE,16,RÍO NEGRO
loc_9582,9582,GENERAL LIBORIO BERNAL,16,RÍO NEGRO
loc_9583,9583,GUARDIA MITRE,16,RÍO NEGRO
loc_9584,9584,LA LOBERIA,16,RÍO NEGRO
loc_9585,9585,LA MESETA,16,RÍO NEGRO
loc_9586,9586,LA PRIMAVERA,16,RÍO NEGRO
loc_9587,9587,LAGUNA DEL BARRO,16,RÍO NEGRO
loc_9588,9588,MATA NEGRA,16,RÍO NEGRO
loc_9589,9589,NUEVO LEON,16,RÍO NEGRO
loc_9590,9590,PLAYA BONITA,16,RÍO NEGRO
loc_9591,9591,PRIMERA ANGOSTURA,16,RÍO NEGRO
loc_9592,9592,SAN JAVIER,16,RÍO NEGRO
loc_9593,9593,SAUCE BLANCO,16,RÍO NEGRO
loc_9594,9594,VIEDMA,16,RÍO NEGRO
loc_9595,9595,AGUADA GUZMAN,16,RÍO NEGRO
loc_9596,9596,ALANITOS,16,RÍO NEGRO
loc_9597,9597,BARDA COLORADA,16,RÍO NEGRO
loc_9598,9598,CANLLEQUIN,16,RÍO NEGRO
loc_9599,9599,CARRI YEGUA,16,RÍO NEGRO
loc_9600,9600,CERRO POLICIA,16,RÍO NEGRO
loc_9601,9601,CHASICO,16,RÍO NEGRO
loc_9602,9602,CURA LAUQUEN,16,RÍO NEGRO
loc_9603,9603,EL CACIQUE,16,RÍO NEGRO
loc_9604,9604,EL CAMARURO,16,RÍO NEGRO
loc_9605,9605,EL CUY,16,RÍO NEGRO
loc_9606,9606,EL GAUCHO POBRE,16,RÍO NEGRO
loc_9607,9607,EL JARDINERO,16,RÍO NEGRO
loc_9608,9608,HUA MICHE,16,RÍO NEGRO
loc_9609,9609,JITA RUSIA,16,RÍO NEGRO
loc_9610,9610,KILI MALAL,16,RÍO NEGRO
loc_9611,9611,LA ANGOSTURA,16,RÍO NEGRO
loc_9612,9612,LA CHILENA,16,RÍO NEGRO
loc_9613,9613,LA CRIOLLITA,16,RÍO NEGRO
loc_9614,9614,LA ESTRELLA,16,RÍO NEGRO
loc_9615,9615,LA EXCURRA,16,RÍO NEGRO
loc_9616,9616,LA MIMOSA,16,RÍO NEGRO
loc_9617,9617,LA PORTEÑA,16,RÍO NEGRO
loc_9618,9618,LA RUBIA,16,RÍO NEGRO
loc_9619,9619,LA VENCEDORA,16,RÍO NEGRO
loc_9620,9620,LANQUIÑEO,16,RÍO NEGRO
loc_9621,9621,LAS MELLIZAS,16,RÍO NEGRO
loc_9622,9622,LONCO VACA,16,RÍO NEGRO
loc_9623,9623,LOS COSTEROS,16,RÍO NEGRO
loc_9624,9624,LOS PIRINEOS,16,RÍO NEGRO
loc_9625,9625,LOS QUEBRACHOS,16,RÍO NEGRO
loc_9626,9626,MENCUE,16,RÍO NEGRO
loc_9627,9627,MICHI HONOCA,16,RÍO NEGRO
loc_9628,9628,MICHIHUAO,16,RÍO NEGRO
loc_9629,9629,MULANILLO,16,RÍO NEGRO
loc_9630,9630,NAUPA HUEN,16,RÍO NEGRO
loc_9631,9631,PALENQUE NIYEU,16,RÍO NEGRO
loc_9632,9632,PILAHUE,16,RÍO NEGRO
loc_9633,9633,PLANICIE DE JAGUELITO,16,RÍO NEGRO
loc_9634,9634,QUEMPU NIYEU,16,RÍO NEGRO
loc_9635,9635,SANTA ELENA,16,RÍO NEGRO
loc_9636,9636,TRICACO,16,RÍO NEGRO
loc_9637,9637,VALLE AZUL,16,RÍO NEGRO
loc_9638,9638,ARROYO SALADO,16,RÍO NEGRO
loc_9639,9639,ARROYO VERDE,16,RÍO NEGRO
loc_9640,9640,BAJO DEL GUALICHO,16,RÍO NEGRO
loc_9641,9641,BALNEARIO LAS GRUTAS,16,RÍO NEGRO
loc_9642,9642,CINCO CHAÑARES,16,RÍO NEGRO
loc_9643,9643,LA BOMBILLA,16,RÍO NEGRO
loc_9644,9644,LAGUNA DEL MONTE,16,RÍO NEGRO
loc_9645,9645,LAS MAQUINAS,16,RÍO NEGRO
loc_9646,9646,MANCHA BLANCA,16,RÍO NEGRO
loc_9647,9647,PERCY H SCOTT,16,RÍO NEGRO
loc_9648,9648,POZO MORO,16,RÍO NEGRO
loc_9649,9649,POZO SALADO,16,RÍO NEGRO
loc_9650,9650,PUERTO SAN ANTONIO ESTE,16,RÍO NEGRO
loc_9651,9651,SACO VIEJO,16,RÍO NEGRO
loc_9652,9652,SAN ANTONIO OESTE,16,RÍO NEGRO
loc_9653,9653,SIERRA GRANDE,16,RÍO NEGRO
loc_9654,9654,AGUADA DE LOS PAJARITOS,16,RÍO NEGRO
loc_9655,9655,AGUARA,16,RÍO NEGRO
loc_9656,9656,ALLEN,16,RÍO NEGRO
loc_9657,9657,BARDA DEL MEDIO,16,RÍO NEGRO
loc_9658,9658,BARRIO NORTE,16,RÍO NEGRO
loc_9659,9659,CATRIEL,16,RÍO NEGRO
loc_9660,9660,CERVANTES,16,RÍO NEGRO
loc_9661,9661,CHACRAS DE ALLEN,16,RÍO NEGRO
loc_9662,9662,CHICHINALES,16,RÍO NEGRO
loc_9663,9663,CINCO SALTOS,16,RÍO NEGRO
loc_9664,9664,CIPOLLETTI,16,RÍO NEGRO
loc_9665,9665,COLONIA ALTE GUERRICO,16,RÍO NEGRO
loc_9666,9666,COLONIA EL MANZANO,16,RÍO NEGRO
loc_9667,9667,COLONIA REGINA,16,RÍO NEGRO
loc_9668,9668,COLONIA RUSA,16,RÍO NEGRO
loc_9669,9669,CONTRALMIRANTE CORDERO,16,RÍO NEGRO
loc_9670,9670,CONTRALMIRANTE M GUERRICO,16,RÍO NEGRO
loc_9671,9671,CORONEL JUAN JOSE GOMEZ,16,RÍO NEGRO
loc_9672,9672,CORONEL VIDAL,16,RÍO NEGRO
loc_9673,9673,COS ZAURES,16,RÍO NEGRO
loc_9674,9674,CUATRO ESQUINAS,16,RÍO NEGRO
loc_9675,9675,CUENCA VIDAL,16,RÍO NEGRO
loc_9676,9676,EL MANZANO,16,RÍO NEGRO
loc_9677,9677,FERRI,16,RÍO NEGRO
loc_9678,9678,GENERAL ENRIQUE GODOY,16,RÍO NEGRO
loc_9679,9679,GENERAL FERNANDEZ ORO,16,RÍO NEGRO
loc_9680,9680,GENERAL ROCA,16,RÍO NEGRO
loc_9681,9681,INGENIERO HUERGO,16,RÍO NEGRO
loc_9682,9682,IRIS,16,RÍO NEGRO
loc_9683,9683,KILOMETRO 1218,16,RÍO NEGRO
loc_9684,9684,LA ALIANZA,16,RÍO NEGRO
loc_9685,9685,LA EMILIA,16,RÍO NEGRO
loc_9686,9686,LA ESMERALDA,16,RÍO NEGRO
loc_9687,9687,LA ESTANCIA VIEJA,16,RÍO NEGRO
loc_9688,9688,LA LUCINDA,16,RÍO NEGRO
loc_9689,9689,LAGO PELLEGRINI,16,RÍO NEGRO
loc_9690,9690,LOS SAUCES,16,RÍO NEGRO
loc_9691,9691,MAINQUE,16,RÍO NEGRO
loc_9692,9692,PADRE ALEJANDRO STEFANELLI,16,RÍO NEGRO
loc_9693,9693,PASO CORDOVA,16,RÍO NEGRO
loc_9694,9694,PEÑAS BLANCAS,16,RÍO NEGRO
loc_9695,9695,SAN JORGE,16,RÍO NEGRO
loc_9696,9696,SARGENTO VIDAL,16,RÍO NEGRO
loc_9697,9697,TERCERA ZONA,16,RÍO NEGRO
loc_9698,9698,VALLE DE LOS ALAMOS,16,RÍO NEGRO
loc_9699,9699,VILLA ALBERDI,16,RÍO NEGRO
loc_9700,9700,VILLA MANZANO,16,RÍO NEGRO
loc_9701,9701,VILLA REGINA,16,RÍO NEGRO
loc_9702,9702,BERMEJO,13,MENDOZA
loc_9703,9703,BUENA NUEVA,13,MENDOZA
loc_9704,9704,BUENA VISTA,13,MENDOZA
loc_9705,9705,CANAL PESCARA,13,MENDOZA
loc_9707,9707,CAPILLA DEL ROSARIO,13,MENDOZA
loc_9708,9708,COLONIA SANTA TERESA,13,MENDOZA
loc_9709,9709,COLONIA SEGOVIA,13,MENDOZA
loc_9710,9710,CORONEL DORREGO,13,MENDOZA
loc_9711,9711,EL SAUCE,13,MENDOZA
loc_9712,9712,JESUS NAZARENO,13,MENDOZA
loc_9713,9713,LA PRIMAVERA,13,MENDOZA
loc_9714,9714,LIMON,13,MENDOZA
loc_9715,9715,LOS CORRALITOS,13,MENDOZA
loc_9716,9716,LOS CORREDORES,13,MENDOZA
loc_9717,9717,NUEVA CIUDAD,13,MENDOZA
loc_9718,9718,PARADERO LA SUPERIORA,13,MENDOZA
loc_9719,9719,PRIMAVERA,13,MENDOZA
loc_9720,9720,RODEO DE LA CRUZ,13,MENDOZA
loc_9721,9721,SAN JOSE DE GUAYMALLEN,13,MENDOZA
loc_9722,9722,VERGEL,13,MENDOZA
loc_9723,9723,VILLA LOS CORRALITOS,13,MENDOZA
loc_9724,9724,VILLA NUEVA DE GUAYMALLEN,13,MENDOZA
loc_9725,9725,VILLA SUAVA,13,MENDOZA
loc_9726,9726,VILLAS UNIDAS 25 DE MAYO,13,MENDOZA
loc_9727,9727,AGUA AMARGA,13,MENDOZA
loc_9728,9728,AGUA BOTADA,13,MENDOZA
loc_9729,9729,AGUA DE CABRERA,13,MENDOZA
loc_9730,9730,AGUA DE DIAZ,13,MENDOZA
loc_9731,9731,AGUA DEL CHANCHO,13,MENDOZA
loc_9732,9732,AGUA DEL TORO,13,MENDOZA
loc_9733,9733,AGUA ESCONDIDA,13,MENDOZA
loc_9734,9734,AGUA RICA,13,MENDOZA
loc_9735,9735,AGUADA PENEPE,13,MENDOZA
loc_9736,9736,AGUADA PEREZ,13,MENDOZA
loc_9737,9737,AGUADA PUESTO LA TOTORA,13,MENDOZA
loc_9738,9738,BAJO DEL PELUDO,13,MENDOZA
loc_9740,9740,BARDAS BLANCAS,13,MENDOZA
loc_9741,9741,BARREAL COLORADO,13,MENDOZA
loc_9742,9742,BARREAL DE LA MESILLA,13,MENDOZA
loc_9743,9743,BARREAL JOSE LUIS,13,MENDOZA
loc_9744,9744,BARRIALES LOS RANCHOS,13,MENDOZA
loc_9745,9745,BELTRAN,13,MENDOZA
loc_9746,9746,BOLICHE,13,MENDOZA
loc_9747,9747,BOLICHE LOS BARREALES,13,MENDOZA
loc_9748,9748,BUTA BILLON,13,MENDOZA
loc_9749,9749,CABEZA DE VACA,13,MENDOZA
loc_9750,9750,CAJON GRANDE,13,MENDOZA
loc_9751,9751,CALMUCO,13,MENDOZA
loc_9752,9752,CAMPAMENTO CARAPACHO,13,MENDOZA
loc_9753,9753,CAMPAMENTO RANQUILCO,13,MENDOZA
loc_9754,9754,CAMPO EL ALAMO,13,MENDOZA
loc_9755,9755,CANCHA DE ESQUI,13,MENDOZA
loc_9759,9759,CHACHAO,13,MENDOZA
loc_9760,9760,CHACHARALEN,13,MENDOZA
loc_9761,9761,CHARCO VACAS,13,MENDOZA
loc_9762,9762,COIHUECO,13,MENDOZA
loc_9763,9763,COIHUECO NORTE,13,MENDOZA
loc_9764,9764,CORONEL BELTRAN,13,MENDOZA
loc_9765,9765,EL ALAMBRADO,13,MENDOZA
loc_9766,9766,EL ALAMO,13,MENDOZA
loc_9767,9767,EL AZUFRE,13,MENDOZA
loc_9768,9768,EL CAJON,13,MENDOZA
loc_9769,9769,EL CENIZO,13,MENDOZA
loc_9770,9770,EL CHACAY,13,MENDOZA
loc_9771,9771,EL CHOIQUE,13,MENDOZA
loc_9772,9772,EL CIENAGO,13,MENDOZA
loc_9773,9773,EL DURAZNO,13,MENDOZA
loc_9774,9774,EL INFIERNILLO,13,MENDOZA
loc_9775,9775,EL MANZANO,13,MENDOZA
loc_9776,9776,EL MOLLAR,13,MENDOZA
loc_9777,9777,EL PAYEN,13,MENDOZA
loc_9778,9778,EL PUESTITO,13,MENDOZA
loc_9779,9779,EL VATRO,13,MENDOZA
loc_9780,9780,EL ZAMPAL,13,MENDOZA
loc_9781,9781,EX FORTIN MALARGUE,13,MENDOZA
loc_9782,9782,GUAYQUERIA COLORADA,13,MENDOZA
loc_9783,9783,HOTEL PORTEZUELO DEL VIENTO,13,MENDOZA
loc_9784,9784,HOTEL TERMAS DEL AZUFRE,13,MENDOZA
loc_9785,9785,HOTEL TERMAS EL SOSNEADO,13,MENDOZA
loc_9786,9786,JAGUEL,13,MENDOZA
loc_9787,9787,JAGUEL AMARILLO,13,MENDOZA
loc_9788,9788,JAGUEL DE LAS CHILCAS,13,MENDOZA
loc_9789,9789,JAGUEL DE ROSAS,13,MENDOZA
loc_9790,9790,JAGUEL DEL CATALAN,13,MENDOZA
loc_9791,9791,JAGUEL DEL GAUCHO,13,MENDOZA
loc_9792,9792,JAGUEL DEL GOBIERNO,13,MENDOZA
loc_9793,9793,JUNTA DE LA VAINA,13,MENDOZA
loc_9794,9794,LA BANDERA,13,MENDOZA
loc_9795,9795,LA BARDA CORTADA,13,MENDOZA
loc_9796,9796,LA BATRA,13,MENDOZA
loc_9797,9797,LA CORTADERA,13,MENDOZA
loc_9798,9798,LA DIVISORIA,13,MENDOZA
loc_9799,9799,LA ESTRECHURA,13,MENDOZA
loc_9800,9800,LA JUNTA,13,MENDOZA
loc_9801,9801,LA NEGRITA,13,MENDOZA
loc_9802,9802,LA SALINILLA,13,MENDOZA
loc_9803,9803,LA VALENCIANA,13,MENDOZA
loc_9804,9804,LA YESERA,13,MENDOZA
loc_9805,9805,LAGUNA NEGRA,13,MENDOZA
loc_9806,9806,LAGUNA SALADA,13,MENDOZA
loc_9807,9807,LAS CHACRAS,13,MENDOZA
loc_9808,9808,LAS JUNTAS,13,MENDOZA
loc_9809,9809,LAS LOICAS,13,MENDOZA
loc_9810,9810,LAS TAGUAS,13,MENDOZA
loc_9812,9812,LAS YEGUAS,13,MENDOZA
loc_9813,9813,LLANO BLANCO,13,MENDOZA
loc_9814,9814,LOMA EXTENDIDA,13,MENDOZA
loc_9815,9815,LOMA JAGUEL DEL GAUCHO,13,MENDOZA
loc_9816,9816,LOMAS ALTAS,13,MENDOZA
loc_9817,9817,LOMAS CHICAS,13,MENDOZA
loc_9818,9818,LONCO VACAS,13,MENDOZA
loc_9819,9819,LOS ARROYOS,13,MENDOZA
loc_9820,9820,LOS BARRIALES,13,MENDOZA
loc_9821,9821,LOS CARRIZALES,13,MENDOZA
loc_9822,9822,LOS COLADOS,13,MENDOZA
loc_9823,9823,LOS CORRALES,13,MENDOZA
loc_9824,9824,LOS MOLLES,13,MENDOZA
loc_9825,9825,LOS POZOS,13,MENDOZA
loc_9826,9826,LOS RAMBLONES,13,MENDOZA
loc_9827,9827,LUANCO,13,MENDOZA
loc_9828,9828,MALAL DEL MEDIO,13,MENDOZA
loc_9829,9829,MALARGUE,13,MENDOZA
loc_9830,9830,MALLIN QUEMADO,13,MENDOZA
loc_9831,9831,MATANCILLA,13,MENDOZA
loc_9832,9832,MATONCILLA,13,MENDOZA
loc_9833,9833,MECHANQUIL,13,MENDOZA
loc_9834,9834,MECHENGUIL,13,MENDOZA
loc_9835,9835,MINA ARGENTINA,13,MENDOZA
loc_9836,9836,MINA ETHEL,13,MENDOZA
loc_9837,9837,MINA HUEMUL,13,MENDOZA
loc_9838,9838,MINA SANTA CRUZ,13,MENDOZA
loc_9839,9839,MINACAR,13,MENDOZA
loc_9840,9840,MOLINO,13,MENDOZA
loc_9841,9841,NIRE CO,13,MENDOZA
loc_9842,9842,OJO DE AGUA,13,MENDOZA
loc_9843,9843,P PLANCHON,13,MENDOZA
loc_9844,9844,PAMPA AMARILLA,13,MENDOZA
loc_9845,9845,PATA MORA,13,MENDOZA
loc_9846,9846,PATIMALAL,13,MENDOZA
loc_9847,9847,PAYUN,13,MENDOZA
loc_9848,9848,PO DEL HUANACO,13,MENDOZA
loc_9849,9849,PO MALLAN,13,MENDOZA
loc_9850,9850,PO PEHUENCHE,13,MENDOZA
loc_9851,9851,PORTEZUELO CHOIQUE,13,MENDOZA
loc_9852,9852,PUERTO RINCON ESCALONA,13,MENDOZA
loc_9853,9853,PUESTO AGUA AMARGA,13,MENDOZA
loc_9854,9854,PUESTO AGUA DE LA MERINA,13,MENDOZA
loc_9855,9855,PUESTO ATAMISQUI,13,MENDOZA
loc_9856,9856,PUESTO GENDARMERIA NACIONAL PO,13,MENDOZA
loc_9857,9857,PUESTO GENTILE,13,MENDOZA
loc_9858,9858,PUESTO LA CACHACA,13,MENDOZA
loc_9859,9859,PUESTO LA INVERNADA,13,MENDOZA
loc_9860,9860,PUESTO LA NEGRITA,13,MENDOZA
loc_9861,9861,PUESTO LA NIEBLA,13,MENDOZA
loc_9863,9863,PUESTO LA SUIZA,13,MENDOZA
loc_9864,9864,PUESTO LA VENTANA,13,MENDOZA
loc_9865,9865,PUESTO LORETO,13,MENDOZA
loc_9866,9866,PUESTO MALO,13,MENDOZA
loc_9867,9867,PUESTO MARFIL,13,MENDOZA
loc_9868,9868,PUESTO RINCON DEL SAUCE,13,MENDOZA
loc_9869,9869,PUESTO RINCON ESCALONA,13,MENDOZA
loc_9870,9870,QUIRCACO,13,MENDOZA
loc_9871,9871,RANCHITOS,13,MENDOZA
loc_9872,9872,RANQUIL NORTE,13,MENDOZA
loc_9873,9873,RANQUILCO POZOS PETROLIFEROS,13,MENDOZA
loc_9874,9874,REFUGIO MILITAR GRAL ALVARADO,13,MENDOZA
loc_9875,9875,RINCON CHICO,13,MENDOZA
loc_9876,9876,RINCON DE CORREA,13,MENDOZA
loc_9877,9877,RINCON DE LA RAMADA CHATO,13,MENDOZA
loc_9878,9878,RINCON ESCONDIDO,13,MENDOZA
loc_9879,9879,RIO BARRANCAS,13,MENDOZA
loc_9880,9880,RIO CHICO,13,MENDOZA
loc_9881,9881,RIO GRANDE,13,MENDOZA
loc_9882,9882,TAPERA DE LOS VIEJOS,13,MENDOZA
loc_9883,9883,TOSCAL DEL TORO,13,MENDOZA
loc_9884,9884,V N DE COCHIQUITA,13,MENDOZA
loc_9886,9886,VEGA FERRAINA,13,MENDOZA
loc_9887,9887,AGUADA,13,MENDOZA
loc_9888,9888,ARAGANITA,13,MENDOZA
loc_9889,9889,BAJADA DE LA SALADA,13,MENDOZA
loc_9890,9890,BAJADA DE LOS GAUCHOS,13,MENDOZA
loc_9891,9891,BAJADA DE LOS PAPAGAYOS,13,MENDOZA
loc_9892,9892,BAJADA DE YAUCHA,13,MENDOZA
loc_9893,9893,BAJADA DEL AGUA ESCONDIDA,13,MENDOZA
loc_9894,9894,BAJADA DEL FUERTE,13,MENDOZA
loc_9895,9895,BAJADA DEL SAUCE,13,MENDOZA
loc_9898,9898,BORDO AMARILLO DE LA CRUZ PIED,13,MENDOZA
loc_9899,9899,BORDO EL ALGARROBO,13,MENDOZA
loc_9900,9900,BORDO LECHUZO,13,MENDOZA
loc_9901,9901,BORDOS DEL PLUMERILLO,13,MENDOZA
loc_9902,9902,CAMP VIZCACHERAS YPF,13,MENDOZA
loc_9903,9903,CAPIZ,13,MENDOZA
loc_9904,9904,CASAS VIEJAS,13,MENDOZA
loc_9905,9905,CEPILLO VIEJO,13,MENDOZA
loc_9906,9906,CERRITO MORO,13,MENDOZA
loc_9907,9907,CERRO AGUA NEGRA,13,MENDOZA
loc_9909,9909,CERRO ALVARADO CENTRO,13,MENDOZA
loc_9910,9910,CERRO ARROYO HONDO,13,MENDOZA
loc_9911,9911,CERRO BALEADO,13,MENDOZA
loc_9912,9912,CERRO BARBARAN O TRES PICOS,13,MENDOZA
loc_9913,9913,CERRO CHATO,13,MENDOZA
loc_9914,9914,CERRO COLORADO,13,MENDOZA
loc_9915,9915,CERRO COLORADO DE LAS LAGUNILL,13,MENDOZA
loc_9916,9916,CERRO DE LA BANDEROLA,13,MENDOZA
loc_9917,9917,CERRO DE LOS LEONES,13,MENDOZA
loc_9918,9918,CERRO DEL POZO,13,MENDOZA
loc_9919,9919,CERRO DEL ZORRO,13,MENDOZA
loc_9920,9920,CERRO DIVISADERO DE LA CIENEGU,13,MENDOZA
loc_9921,9921,CERRO FIERO,13,MENDOZA
loc_9922,9922,CERRO GASPAR,13,MENDOZA
loc_9923,9923,CERRO GUADALOSO,13,MENDOZA
loc_9924,9924,CERRO LA INVERNADA,13,MENDOZA
loc_9925,9925,CERRO LAS PIEDRAS,13,MENDOZA
loc_9926,9926,CERRO LOS BAJOS,13,MENDOZA
loc_9927,9927,CERRO LOS BARROS,13,MENDOZA
loc_9928,9928,CERRO NEGROS DE LAS MESILLAS,13,MENDOZA
loc_9929,9929,CERRO PIEDRA COLORADA,13,MENDOZA
loc_9930,9930,CERRO PLOMO,13,MENDOZA
loc_9931,9931,CERRO POTRERILLOS,13,MENDOZA
loc_9932,9932,CHILECITO,13,MENDOZA
loc_9933,9933,CIENAGA DEL ALTO,13,MENDOZA
loc_9934,9934,COLONIA ALAZANES,13,MENDOZA
loc_9935,9935,COLONIA ASPERA,13,MENDOZA
loc_9936,9936,COLONIA CHALET,13,MENDOZA
loc_9937,9937,COLONIA CHATO,13,MENDOZA
loc_9938,9938,COLONIA COLINA,13,MENDOZA
loc_9940,9940,COLONIA DE LOS GUANAQUEROS,13,MENDOZA
loc_9941,9941,COLONIA DEL LEON,13,MENDOZA
loc_9942,9942,COLONIA DIVISADERO DEL CARDAL,13,MENDOZA
loc_9943,9943,COLONIA DIVISADERO NEGRO,13,MENDOZA
loc_9944,9944,COLONIA DURAZNO,13,MENDOZA
loc_9945,9945,COLONIA EL CAMPANARIO,13,MENDOZA
loc_9946,9946,COLONIA GUADAL,13,MENDOZA
loc_9947,9947,COLONIA GUANACO,13,MENDOZA
loc_9948,9948,COLONIA LOLA,13,MENDOZA
loc_9949,9949,COLONIA LOS HUEVOS,13,MENDOZA
loc_9950,9950,COLONIA MIRADOR,13,MENDOZA
loc_9951,9951,COLONIA MURALLA,13,MENDOZA
loc_9952,9952,COLONIA NACIONAL DE LOS INDIOS,13,MENDOZA
loc_9953,9953,COLONIA NEGRO,13,MENDOZA
loc_9954,9954,COLONIA OSAMENTA,13,MENDOZA
loc_9955,9955,COLONIA PAPAL,13,MENDOZA
loc_9956,9956,COLONIA PEDERNALES,13,MENDOZA
loc_9957,9957,COLONIA PENCAL,13,MENDOZA
loc_9958,9958,COLONIA PICO COLORADO,13,MENDOZA
loc_9959,9959,COLONIA SAN AGUSTIN,13,MENDOZA
loc_9960,9960,COLONIA TORRECILLAS,13,MENDOZA
loc_9961,9961,COLONIA TORRECITO,13,MENDOZA
loc_9962,9962,COLONIA TRES ALTITOS,13,MENDOZA
loc_9963,9963,CONTROL YPF,13,MENDOZA
loc_9964,9964,CRUZ DE PIEDRA PTO GENDARMERIA,13,MENDOZA
loc_9965,9965,DIVISADERO COLORADO,13,MENDOZA
loc_9966,9966,DIVISADERO NEGRO,13,MENDOZA
loc_9967,9967,EL CAPACHO,13,MENDOZA
loc_9968,9968,EL CEPILLO,13,MENDOZA
loc_9969,9969,EL GUADAL DE CAMPOS,13,MENDOZA
loc_9970,9970,EL LECHUCITO,13,MENDOZA
loc_9971,9971,EL PARRAL,13,MENDOZA
loc_9972,9972,EL PUMA,13,MENDOZA
loc_9973,9973,EL RINCON,13,MENDOZA
loc_9974,9974,ESTANCIA AGUANDA,13,MENDOZA
loc_9975,9975,ESTANCIA ARROYO HONDO,13,MENDOZA
loc_9976,9976,ESTANCIA CASAS VIEJAS,13,MENDOZA
loc_9977,9977,ESTANCIA LA PUMA,13,MENDOZA
loc_9978,9978,ESTANCIA VILUCO,13,MENDOZA
loc_9979,9979,ESTANCIA YAUCHA,13,MENDOZA
loc_9980,9980,EUGENIO BUSTOS,13,MENDOZA
loc_9981,9981,HUAIQUERIA DE LA HORQUETA,13,MENDOZA
loc_9982,9982,HUAIQUERIA DE LOS BURROS,13,MENDOZA
loc_9983,9983,ISLA DEL CUCHILLO,13,MENDOZA
loc_9984,9984,J CAMPOS,13,MENDOZA
loc_9985,9985,J VERON,13,MENDOZA
loc_9986,9986,JAUCHA,13,MENDOZA
loc_9987,9987,L PRADO,13,MENDOZA
loc_9988,9988,LA ARGENTINA,13,MENDOZA
loc_9990,9990,LA CONSULTA,13,MENDOZA
loc_9991,9991,LA FLORIDA,13,MENDOZA
loc_9992,9992,LA JAULA,13,MENDOZA
loc_9993,9993,LA PICAZA,13,MENDOZA
loc_9994,9994,LAS MINAS,13,MENDOZA
loc_9996,9996,LAS VIOLETAS,13,MENDOZA
loc_9997,9997,LOMA ALTA,13,MENDOZA
loc_9998,9998,LOMA DEL CERRO ASPERO,13,MENDOZA
loc_9999,9999,LOMA DEL MEDIO,13,MENDOZA
loc_10000,10000,LOMA NEGRA,13,MENDOZA
loc_10001,10001,LOMA NEGRA GRANDE,13,MENDOZA
loc_10002,10002,LOMA PELADA,13,MENDOZA
loc_10003,10003,LOMITA LARGA,13,MENDOZA
loc_10004,10004,LOMITA MORADA,13,MENDOZA
loc_10005,10005,LOS ALAMOS,13,MENDOZA
loc_10006,10006,LOS PARAMILLOS,13,MENDOZA
loc_10007,10007,LOS TOSCALES,13,MENDOZA
loc_10008,10008,MESETA COLORADA,13,MENDOZA
loc_10009,10009,MINA VOLCAN OVERO,13,MENDOZA
loc_10010,10010,MORRO DEL CUERO,13,MENDOZA
loc_10011,10011,PAMPA DE LAS YARETAS,13,MENDOZA
loc_10012,10012,PAMPA DE LOS BAYOS,13,MENDOZA
loc_10013,10013,PAPAGAYO,13,MENDOZA
loc_10014,10014,PAREDITAS,13,MENDOZA
loc_10015,10015,PASO DE LAS CARRETAS,13,MENDOZA
loc_10016,10016,PICOS BAYOS,13,MENDOZA
loc_10017,10017,PIEDRAS BLANCAS,13,MENDOZA
loc_10018,10018,PIRCAS DE OSORIO,13,MENDOZA
loc_10019,10019,PO ALVARADO NORTE,13,MENDOZA
loc_10020,10020,PO ALVARADO SUR,13,MENDOZA
loc_10021,10021,PO AMARILLO,13,MENDOZA
loc_10022,10022,PO DE LOS ESCALONES,13,MENDOZA
loc_10023,10023,PO MAIPU,13,MENDOZA
loc_10024,10024,PORTILLO CANALES,13,MENDOZA
loc_10025,10025,PORTILLO CRUZ DE PIEDRA,13,MENDOZA
loc_10026,10026,PORTILLO DE COLINA,13,MENDOZA
loc_10027,10027,PORTILLO DE LA G  DEL CAMINO,13,MENDOZA
loc_10028,10028,PORTILLO DE LA YESERA,13,MENDOZA
loc_10029,10029,PORTILLO DE LAS CABEZAS,13,MENDOZA
loc_10030,10030,PORTILLO DEL PAPAL,13,MENDOZA
loc_10031,10031,PORTILLO DEL VIENTO,13,MENDOZA
loc_10032,10032,PORTILLO OCCIDENTAL DEL BAYO,13,MENDOZA
loc_10033,10033,PORTILLO PEDERNALES,13,MENDOZA
loc_10034,10034,PUESTO A MARTINEZ,13,MENDOZA
loc_10035,10035,PUESTO AGUA DE LA ZORRA,13,MENDOZA
loc_10036,10036,PUESTO CANALES,13,MENDOZA
loc_10037,10037,PUESTO DE LA SALADA,13,MENDOZA
loc_10038,10038,PUESTO EL CARRIZALITO,13,MENDOZA
loc_10039,10039,PUESTO EL JAGUAL,13,MENDOZA
loc_10040,10040,PUESTO F TELLO,13,MENDOZA
loc_10041,10041,PUESTO HORQUETA,13,MENDOZA
loc_10042,10042,PUESTO J ALVAREZ,13,MENDOZA
loc_10043,10043,PUESTO J CASTRO,13,MENDOZA
loc_10044,10044,PUESTO LAS AGUADAS,13,MENDOZA
loc_10045,10045,PUESTO LAS CORTADERAS,13,MENDOZA
loc_10046,10046,PUESTO LOS RAMBLONES,13,MENDOZA
loc_10047,10047,PUESTO LUFFI,13,MENDOZA
loc_10048,10048,PUESTO LUNA,13,MENDOZA
loc_10049,10049,PUESTO MALLIN,13,MENDOZA
loc_10050,10050,PUESTO MANGA DE ARRIBA,13,MENDOZA
loc_10051,10051,PUESTO NIEVES NEGRAS,13,MENDOZA
loc_10052,10052,PUESTO OJO DE AGUA,13,MENDOZA
loc_10053,10053,PUESTO P MIRANDA,13,MENDOZA
loc_10054,10054,PUESTO P MONTRIEL,13,MENDOZA
loc_10055,10055,PUESTO PUNTA DEL AGUA,13,MENDOZA
loc_10056,10056,PUESTO QUEMADO,13,MENDOZA
loc_10057,10057,PUESTO QUIROGA,13,MENDOZA
loc_10058,10058,PUESTO RINCON DE LA PAMPA,13,MENDOZA
loc_10059,10059,PUESTO S PEREZ,13,MENDOZA
loc_10060,10060,PUESTO SECO,13,MENDOZA
loc_10061,10061,PUESTO SOSA,13,MENDOZA
loc_10062,10062,PUESTO ULTIMA AGUADA,13,MENDOZA
loc_10063,10063,PUESTO VIUDA DE ESTRELLA,13,MENDOZA
loc_10064,10064,R BARRI,13,MENDOZA
loc_10065,10065,REAL BAYO,13,MENDOZA
loc_10066,10066,REAL DE MOYANO,13,MENDOZA
loc_10067,10067,REAL DEL COLORADO,13,MENDOZA
loc_10068,10068,REAL DEL LEON,13,MENDOZA
loc_10069,10069,REAL DEL PELAMBRE,13,MENDOZA
loc_10070,10070,REAL ESCONDIDO,13,MENDOZA
loc_10071,10071,REAL LOMA BLANCA,13,MENDOZA
loc_10072,10072,REAL PIEDRA HORADADA,13,MENDOZA
loc_10073,10073,REAL PRIMER RIO,13,MENDOZA
loc_10074,10074,REAL RINCON DE LAS OVEJAS,13,MENDOZA
loc_10075,10075,REFUGIO LA FAJA,13,MENDOZA
loc_10076,10076,REFUGIO VIALIDAD,13,MENDOZA
loc_10077,10077,RINCON HUAIQUERIAS,13,MENDOZA
loc_10078,10078,RIVAS,13,MENDOZA
loc_10079,10079,S ESTRELLA,13,MENDOZA
loc_10080,10080,SAN CARLOS,13,MENDOZA
loc_10081,10081,TIERRAS BLANCAS,13,MENDOZA
loc_10082,10082,TRES BANDERAS,13,MENDOZA
loc_10083,10083,TRES ESQUINAS,13,MENDOZA
loc_10084,10084,VEGA DE PRASO,13,MENDOZA
loc_10085,10085,VEGAS DE LAS OVEJAS,13,MENDOZA
loc_10086,10086,VIUDA DE SATELO,13,MENDOZA
loc_10087,10087,VOLCAN MAIPU,13,MENDOZA
loc_10088,10088,GODOY CRUZ,13,MENDOZA
loc_10089,10089,SAN FRANCISCO DEL MONTE,13,MENDOZA
loc_10090,10090,VILLA HIPODROMO,13,MENDOZA
loc_10091,10091,25 DE MAYO,13,MENDOZA
loc_10092,10092,AGUA DE LA MULA,13,MENDOZA
loc_10093,10093,AGUA NUEVA,13,MENDOZA
loc_10094,10094,ALGARROBO DE SORTUE,13,MENDOZA
loc_10095,10095,ARISTIDES VILLANUEVA,13,MENDOZA
loc_10096,10096,ATUEL SUD,13,MENDOZA
loc_10097,10097,BALDE EL SOSNEADO,13,MENDOZA
loc_10098,10098,CAJON DE MAYO,13,MENDOZA
loc_10099,10099,CALLE LARGA VIEJA,13,MENDOZA
loc_10102,10102,CAPITAN MONTOYA,13,MENDOZA
loc_10103,10103,CENTRAL HIDROELECTRICA 1,13,MENDOZA
loc_10104,10104,CENTRAL HIDROELECTRICA 2,13,MENDOZA
loc_10105,10105,CERRO ALQUITRAN,13,MENDOZA
loc_10106,10106,COLONIA ATUEL,13,MENDOZA
loc_10107,10107,COLONIA ATUEL NORTE,13,MENDOZA
loc_10108,10108,COLONIA BOMBAL Y TABANERA,13,MENDOZA
loc_10109,10109,COLONIA COLOMER,13,MENDOZA
loc_10110,10110,COLONIA ELENA,13,MENDOZA
loc_10112,10112,COLONIA JAUREGUI,13,MENDOZA
loc_10113,10113,COLONIA LA LLAVE,13,MENDOZA
loc_10114,10114,COLONIA LOPEZ,13,MENDOZA
loc_10115,10115,COLONIA PASCUAL IACARINI,13,MENDOZA
loc_10116,10116,COLONIA RUSA,13,MENDOZA
loc_10117,10117,COLONIA SOITUE,13,MENDOZA
loc_10118,10118,COM NAC DE ENERGIA ATOMICA,13,MENDOZA
loc_10119,10119,COMISION NAC DE EMERGENCIA,13,MENDOZA
loc_10120,10120,CUADRO BENEGAS,13,MENDOZA
loc_10121,10121,CUADRO BOMBAL,13,MENDOZA
loc_10122,10122,CUADRO NACIONAL,13,MENDOZA
loc_10123,10123,CUESTA DE LOS TERNEROS,13,MENDOZA
loc_10124,10124,CUPILES,13,MENDOZA
loc_10125,10125,EL ALGARROBAL,13,MENDOZA
loc_10126,10126,EL ALGARROBO,13,MENDOZA
loc_10127,10127,EL CAMPAMENTO,13,MENDOZA
loc_10128,10128,EL CERRITO,13,MENDOZA
loc_10129,10129,EL NIHUIL,13,MENDOZA
loc_10130,10130,EL PICONA,13,MENDOZA
loc_10131,10131,EL PLATEADO,13,MENDOZA
loc_10132,10132,EL PORVENIR,13,MENDOZA
loc_10133,10133,EL SOSNEADO,13,MENDOZA
loc_10134,10134,EL TROPEZON,13,MENDOZA
loc_10135,10135,EL USILLAL,13,MENDOZA
loc_10136,10136,EL VILTEGUINO,13,MENDOZA
loc_10137,10137,EMBALSE VALLE GRANDE,13,MENDOZA
loc_10138,10138,ESTANCIA EL CAMPAMENTO,13,MENDOZA
loc_10139,10139,ESTANCIA LA SARITA,13,MENDOZA
loc_10140,10140,ESTANCIA LA TRINTRICA,13,MENDOZA
loc_10141,10141,ESTANCIA LAS CHILCAS,13,MENDOZA
loc_10142,10142,ESTANCIA LOS HUAICOS,13,MENDOZA
loc_10143,10143,ESTANCIA LOS LEONES,13,MENDOZA
loc_10144,10144,ESTANCIA SOFIA RAQUEL,13,MENDOZA
loc_10145,10145,ESTANCIA TIERRAS BLANCAS,13,MENDOZA
loc_10146,10146,FINCA LOPEZ,13,MENDOZA
loc_10147,10147,GOUDGE,13,MENDOZA
loc_10148,10148,GUADALES,13,MENDOZA
loc_10149,10149,IGUAZU,13,MENDOZA
loc_10150,10150,INGENIERO BALLOFFET,13,MENDOZA
loc_10151,10151,JAIME PRATS,13,MENDOZA
loc_10152,10152,KILOMETRO 47,13,MENDOZA
loc_10153,10153,LA CARUSINA,13,MENDOZA
loc_10154,10154,LA CHILCA,13,MENDOZA
loc_10155,10155,LA GUEVARINA,13,MENDOZA
loc_10156,10156,LA JAULA,13,MENDOZA
loc_10157,10157,LA LATA,13,MENDOZA
loc_10158,10158,LA LLAVE,13,MENDOZA
loc_10159,10159,LA LLAVE NUEVA,13,MENDOZA
loc_10160,10160,LA LLAVE VIEJA,13,MENDOZA
loc_10162,10162,LA PICARONA,13,MENDOZA
loc_10163,10163,LA PICASA,13,MENDOZA
loc_10164,10164,LA PICHANA,13,MENDOZA
loc_10165,10165,LA QUEBRADA,13,MENDOZA
loc_10166,10166,LA TOSCA,13,MENDOZA
loc_10167,10167,LA VASCONIA,13,MENDOZA
loc_10168,10168,LAGUNITA,13,MENDOZA
loc_10169,10169,LAS MALVINAS,13,MENDOZA
loc_10170,10170,LAS PAREDES,13,MENDOZA
loc_10171,10171,LOS BRITOS,13,MENDOZA
loc_10172,10172,LOS CLAVELES,13,MENDOZA
loc_10173,10173,LOS EMBARQUES,13,MENDOZA
loc_10174,10174,LOS HUARPES,13,MENDOZA
loc_10175,10175,LOS PARLAMENTOS,13,MENDOZA
loc_10176,10176,LOS PATOS,13,MENDOZA
loc_10177,10177,LOS PEJECITOS,13,MENDOZA
loc_10178,10178,LOS PEJES,13,MENDOZA
loc_10179,10179,LOS REPUNTES,13,MENDOZA
loc_10180,10180,LOS REYUNOS,13,MENDOZA
loc_10181,10181,LOS TERNEROS,13,MENDOZA
loc_10182,10182,LOS TOLDITOS,13,MENDOZA
loc_10183,10183,MINAS DEL NEVADO,13,MENDOZA
loc_10184,10184,MINAS EL SOSNEADO,13,MENDOZA
loc_10185,10185,MONTE COMAN,13,MENDOZA
loc_10186,10186,NEGRO QUEMADO,13,MENDOZA
loc_10187,10187,NIHUIL,13,MENDOZA
loc_10188,10188,PALERMO CHICO,13,MENDOZA
loc_10189,10189,PEDRO VARGAS,13,MENDOZA
loc_10190,10190,PIEDRA DE AFILAR,13,MENDOZA
loc_10191,10191,PTA DEL AGUA VIEJA,13,MENDOZA
loc_10192,10192,PUEBLO DIAMANTE,13,MENDOZA
loc_10193,10193,PUEBLO ECHEVARRIETA,13,MENDOZA
loc_10194,10194,PUEBLO SOTO,13,MENDOZA
loc_10195,10195,PUESTA EL CAVADO,13,MENDOZA
loc_10196,10196,PUESTO AGUA DE LA LIEBRE,13,MENDOZA
loc_10197,10197,PUESTO AGUA DEL MEDANO,13,MENDOZA
loc_10198,10198,PUESTO EL JILGUERO,13,MENDOZA
loc_10199,10199,PUESTO LAS PUNTANAS,13,MENDOZA
loc_10200,10200,PUNTA DEL AGUA,13,MENDOZA
loc_10201,10201,RAMA CAIDA,13,MENDOZA
loc_10202,10202,REAL DEL PADRE,13,MENDOZA
loc_10203,10203,RESOLANA,13,MENDOZA
loc_10204,10204,RINCON DEL ATUEL,13,MENDOZA
loc_10205,10205,RODOLFO ISELIN,13,MENDOZA
loc_10206,10206,SALINAS EL DIAMANTE,13,MENDOZA
loc_10207,10207,SALTO DE LAS ROSAS,13,MENDOZA
loc_10208,10208,SAN RAFAEL,13,MENDOZA
loc_10209,10209,SANTA TERESA,13,MENDOZA
loc_10210,10210,SOITUE,13,MENDOZA
loc_10211,10211,TABANERA,13,MENDOZA
loc_10212,10212,VILLA ATUEL,13,MENDOZA
loc_10213,10213,ANDRADE,13,MENDOZA
loc_10214,10214,BARRIO LENCINA,13,MENDOZA
loc_10215,10215,BARRIO RIVADAVIA,13,MENDOZA
loc_10216,10216,EL ALTO,13,MENDOZA
loc_10217,10217,EL MIRADOR,13,MENDOZA
loc_10218,10218,EL RETIRO,13,MENDOZA
loc_10219,10219,ESTANCIA LA ARGENTINA,13,MENDOZA
loc_10220,10220,LA CENTRAL RIVADAVIA,13,MENDOZA
loc_10221,10221,LA FLORIDA,13,MENDOZA
loc_10222,10222,LA LIBERTAD,13,MENDOZA
loc_10223,10223,LA SIRENA,13,MENDOZA
loc_10224,10224,LA VERDE,13,MENDOZA
loc_10225,10225,LOS ARBOLES,13,MENDOZA
loc_10226,10226,LOS CAMPAMENTOS,13,MENDOZA
loc_10227,10227,MEDRANO,13,MENDOZA
loc_10228,10228,MINELLI,13,MENDOZA
loc_10229,10229,MUNDO NUEVO,13,MENDOZA
loc_10230,10230,PACHANGO,13,MENDOZA
loc_10231,10231,REDUCCION,13,MENDOZA
loc_10232,10232,RIVADAVIA,13,MENDOZA
loc_10233,10233,SANTA MARIA DE ORO,13,MENDOZA
loc_10234,10234,VILLA RIVADAVIA,13,MENDOZA
loc_10235,10235,VILLA SAN ISIDRO,13,MENDOZA
loc_10236,10236,ADRIAN MATURANO,13,MENDOZA
loc_10237,10237,ALEJANDRO PEREZ,13,MENDOZA
loc_10238,10238,ALFREDO LUCERO,13,MENDOZA
loc_10239,10239,ALPATACAL,13,MENDOZA
loc_10240,10240,ALTO DE LOS PERROS,13,MENDOZA
loc_10241,10241,ALTO DE LOS SAPOS,13,MENDOZA
loc_10242,10242,ALVAREZ,13,MENDOZA
loc_10243,10243,ANA DE DONAIRE,13,MENDOZA
loc_10244,10244,ANACLETA VIUDA DE PEREZ,13,MENDOZA
loc_10245,10245,ANDRES PEREZ,13,MENDOZA
loc_10246,10246,ANTONIO SOSA,13,MENDOZA
loc_10247,10247,B ELENA,13,MENDOZA
loc_10248,10248,BAJADA DEL PERRO,13,MENDOZA
loc_10250,10250,BECERRA,13,MENDOZA
loc_10251,10251,BLAS PANELO,13,MENDOZA
loc_10252,10252,BOYEROS,13,MENDOZA
loc_10253,10253,C GONZALES VIDELA,13,MENDOZA
loc_10254,10254,CADETES DE CHILE,13,MENDOZA
loc_10255,10255,CAMPO EL TORO,13,MENDOZA
loc_10256,10256,CHACRAS DE LIMA,13,MENDOZA
loc_10257,10257,CHAMUSCAO,13,MENDOZA
loc_10259,10259,CIRCUNVALACION,13,MENDOZA
loc_10260,10260,CIRILO MAHONA,13,MENDOZA
loc_10261,10261,CLARENTINO ROLDAN,13,MENDOZA
loc_10262,10262,COLONIA EL REGADIO,13,MENDOZA
loc_10263,10263,CORRAL DE CUERO,13,MENDOZA
loc_10264,10264,CORRAL DEL MOLLE,13,MENDOZA
loc_10265,10265,CRUZ DEL YUGO,13,MENDOZA
loc_10266,10266,CRUZ LEDESMA,13,MENDOZA
loc_10267,10267,DALMIRO ZAPATA,13,MENDOZA
loc_10268,10268,DANIEL LUCERO,13,MENDOZA
loc_10269,10269,DANIEL MORGAN,13,MENDOZA
loc_10270,10270,DELGADILLO,13,MENDOZA
loc_10271,10271,DESAGUADERO,13,MENDOZA
loc_10273,10273,DIONISIO ORTUBIA,13,MENDOZA
loc_10274,10274,DOMINGO GIMENEZ,13,MENDOZA
loc_10275,10275,DOMINGO LARA,13,MENDOZA
loc_10276,10276,DOMINGO OGA,13,MENDOZA
loc_10277,10277,DOMINGO REAL,13,MENDOZA
loc_10278,10278,DONATO OJEDA,13,MENDOZA
loc_10280,10280,DULCE,13,MENDOZA
loc_10281,10281,E ROSALES,13,MENDOZA
loc_10282,10282,EL CARANCHITO,13,MENDOZA
loc_10283,10283,EL CAVADO CHICO,13,MENDOZA
loc_10284,10284,EL CERCADO,13,MENDOZA
loc_10285,10285,EL CHALET,13,MENDOZA
loc_10286,10286,EL COLORADO,13,MENDOZA
loc_10287,10287,EL CONSUELO,13,MENDOZA
loc_10288,10288,EL GIGANTILLO,13,MENDOZA
loc_10289,10289,EL GONZANO,13,MENDOZA
loc_10290,10290,EL GUERRINO,13,MENDOZA
loc_10291,10291,EL JILGUERO,13,MENDOZA
loc_10292,10292,EL LECHUCITO,13,MENDOZA
loc_10293,10293,EL PERINO,13,MENDOZA
loc_10294,10294,EL REGADIO,13,MENDOZA
loc_10295,10295,EL VAQUERO,13,MENDOZA
loc_10296,10296,EL ZAMPAL,13,MENDOZA
loc_10297,10297,EL ZAPATINO,13,MENDOZA
loc_10298,10298,ELOY FUNES,13,MENDOZA
loc_10299,10299,EMILIO NIETA,13,MENDOZA
loc_10300,10300,EPIFANIO FERNANDEZ,13,MENDOZA
loc_10301,10301,ERNESTO ALCARAZ,13,MENDOZA
loc_10302,10302,ESTANCIA LA SALCEDINA,13,MENDOZA
loc_10303,10303,ESTANCIA LA VIZCACHERA,13,MENDOZA
loc_10304,10304,ESTANCIA LAS VIZCACHERAS,13,MENDOZA
loc_10306,10306,EUSEBIA VIUDA DE GOMEZ,13,MENDOZA
loc_10307,10307,EVARISTO ACEVEDO,13,MENDOZA
loc_10308,10308,EVARISTO SALAS,13,MENDOZA
loc_10309,10309,FABRICIANO ROJAS,13,MENDOZA
loc_10310,10310,FELIPE GARRO,13,MENDOZA
loc_10311,10311,FERMIN PEREZ,13,MENDOZA
loc_10312,10312,FLORENCIO GARRO,13,MENDOZA
loc_10313,10313,FLORENCIO MOLINA,13,MENDOZA
loc_10315,10315,FRANCISCO MOLINA,13,MENDOZA
loc_10316,10316,FRANCISCO ROJAS,13,MENDOZA
loc_10317,10317,FRUCTUOSO DIAZ,13,MENDOZA
loc_10318,10318,GERMAN MATURANO,13,MENDOZA
loc_10319,10319,GERTRUDIS DE OJEDA,13,MENDOZA
loc_10320,10320,GILBERTO PEREZ,13,MENDOZA
loc_10321,10321,GREGORIO ZAPATA,13,MENDOZA
loc_10322,10322,GUILLERMO DONAIRE,13,MENDOZA
loc_10323,10323,H GARZALA,13,MENDOZA
loc_10324,10324,HERMENEGILDO DIAZ,13,MENDOZA
loc_10325,10325,HONORIO ZAPATA,13,MENDOZA
loc_10326,10326,HUAICOS DE RUFINO,13,MENDOZA
loc_10327,10327,HUECOS DE LOS TORDILLOS,13,MENDOZA
loc_10328,10328,IGNACIO VILLEGAS,13,MENDOZA
loc_10329,10329,IRINEO ZAPATA,13,MENDOZA
loc_10330,10330,ISLA RETAMITO,13,MENDOZA
loc_10331,10331,J ORTUBIA,13,MENDOZA
loc_10332,10332,JOSE DIAZ,13,MENDOZA
loc_10333,10333,JOSE FERNANDEZ,13,MENDOZA
loc_10334,10334,JOSE LUCERO,13,MENDOZA
loc_10335,10335,JOSE R MOLINA,13,MENDOZA
loc_10336,10336,JOSE SUAREZ,13,MENDOZA
loc_10337,10337,JUAN B DUFAU,13,MENDOZA
loc_10338,10338,JUAN H ORTIZ,13,MENDOZA
loc_10339,10339,JUAN MILLAN,13,MENDOZA
loc_10340,10340,JUAN ZAPATA,13,MENDOZA
loc_10341,10341,JULIO COMEGLIO,13,MENDOZA
loc_10342,10342,JUNTA DE LOS RIOS,13,MENDOZA
loc_10343,10343,KILOMETRO 935 DESVIO FCGSM,13,MENDOZA
loc_10345,10345,LA CAUTIVA,13,MENDOZA
loc_10346,10346,LA CHAPINA,13,MENDOZA
loc_10347,10347,LA COLA,13,MENDOZA
loc_10348,10348,LA CORTADERA,13,MENDOZA
loc_10349,10349,LA ESQUINA,13,MENDOZA
loc_10350,10350,LA ESTANCIA,13,MENDOZA
loc_10351,10351,LA FAVORITA,13,MENDOZA
loc_10352,10352,LA FORTUNA,13,MENDOZA
loc_10353,10353,LA ISLA,13,MENDOZA
loc_10354,10354,LA JACINTITA,13,MENDOZA
loc_10355,10355,LA LEONA,13,MENDOZA
loc_10356,10356,LA PAZ,13,MENDOZA
loc_10358,10358,LA PRIMAVERA,13,MENDOZA
loc_10359,10359,LADISLAO,13,MENDOZA
loc_10360,10360,LADISLAO CAMPOS,13,MENDOZA
loc_10361,10361,LAS CRUCES,13,MENDOZA
loc_10362,10362,LAS ROSAS,13,MENDOZA
loc_10363,10363,LAS TOTORITAS,13,MENDOZA
loc_10364,10364,LAS VISCACHERAS,13,MENDOZA
loc_10365,10365,LAS VISTAS,13,MENDOZA
loc_10366,10366,LAS VIZCACHAS,13,MENDOZA
loc_10367,10367,LINO PEREZ,13,MENDOZA
loc_10368,10368,LISANDRO ESCUDERO,13,MENDOZA
loc_10369,10369,LOS ALGARROBOS,13,MENDOZA
loc_10370,10370,LOS ALTAMIQUES,13,MENDOZA
loc_10371,10371,LOS BURGOS,13,MENDOZA
loc_10372,10372,LOS COLORADOS,13,MENDOZA
loc_10373,10373,LOS HORCONCITOS,13,MENDOZA
loc_10374,10374,LOS RAMBLONES,13,MENDOZA
loc_10375,10375,LOS ROSETI,13,MENDOZA
loc_10376,10376,LOS TAMARINDOS,13,MENDOZA
loc_10377,10377,LOS TORDILLOS,13,MENDOZA
loc_10378,10378,LOS VERDES,13,MENDOZA
loc_10379,10379,LOS VILLEGAS,13,MENDOZA
loc_10380,10380,LUCAS DONAIRE,13,MENDOZA
loc_10381,10381,LUIS MARQUEZ,13,MENDOZA
loc_10382,10382,M ESCUDERO,13,MENDOZA
loc_10383,10383,M QUIROGA,13,MENDOZA
loc_10384,10384,MAQUINISTA LEVET,13,MENDOZA
loc_10385,10385,MARAVILLA,13,MENDOZA
loc_10386,10386,MARIA GARCIA,13,MENDOZA
loc_10387,10387,MARIA VIUDA DE DONAIRE,13,MENDOZA
loc_10388,10388,MARIO OLGUIN,13,MENDOZA
loc_10389,10389,MATIAS GARRO,13,MENDOZA
loc_10390,10390,MAURICIO CALDERON,13,MENDOZA
loc_10391,10391,MEDARDO MIRANDA,13,MENDOZA
loc_10392,10392,MOSMOTA,13,MENDOZA
loc_10393,10393,NATALIA DONAIRE,13,MENDOZA
loc_10394,10394,NECTO SOSA,13,MENDOZA
loc_10395,10395,NESTOR AGUILERA,13,MENDOZA
loc_10397,10397,ONOTRE PUEBLA,13,MENDOZA
loc_10398,10398,PAMPITA EMBARCADERO FCGSM,13,MENDOZA
loc_10399,10399,PASCUAL SOSA,13,MENDOZA
loc_10400,10400,PASO DE LAS CANOAS,13,MENDOZA
loc_10401,10401,PAULINO MATURA,13,MENDOZA
loc_10402,10402,PEDRO CASTELU,13,MENDOZA
loc_10403,10403,PEDRO PABLO PEREZ,13,MENDOZA
loc_10404,10404,PIRQUITA EMBARCADERO FCGSM,13,MENDOZA
loc_10405,10405,PUENTE VIEJO,13,MENDOZA
loc_10406,10406,PUERTA DE LA ISLA,13,MENDOZA
loc_10407,10407,PUESTO DE GARRO,13,MENDOZA
loc_10408,10408,PUESTO DE LAS CARRETAS,13,MENDOZA
loc_10409,10409,PUESTO DE LAS TROPAS,13,MENDOZA
loc_10410,10410,PUESTO DE OLGUIN,13,MENDOZA
loc_10411,10411,PUESTO DE OROZCO,13,MENDOZA
loc_10412,10412,PUESTO DE PETRA,13,MENDOZA
loc_10413,10413,PUESTO DE SOSA,13,MENDOZA
loc_10415,10415,PUESTO EL RETAMITO,13,MENDOZA
loc_10416,10416,PUESTO NUERAS,13,MENDOZA
loc_10417,10417,PUESTO ZAMPAL,13,MENDOZA
loc_10418,10418,PUNTOS DE AGUA,13,MENDOZA
loc_10419,10419,R BEBEDERA,13,MENDOZA
loc_10420,10420,RAMBLON DE LA PAMPA,13,MENDOZA
loc_10421,10421,RAMBLON GRANDE,13,MENDOZA
loc_10422,10422,RAMON DONAIRE,13,MENDOZA
loc_10423,10423,RAMON GIMENEZ,13,MENDOZA
loc_10424,10424,REGINO OJEDA,13,MENDOZA
loc_10425,10425,RETAMO,13,MENDOZA
loc_10426,10426,RETAMO PARTIDO,13,MENDOZA
loc_10427,10427,ROSARIO GATICA,13,MENDOZA
loc_10428,10428,RUFINO GOMEZ,13,MENDOZA
loc_10429,10429,S CORTIS,13,MENDOZA
loc_10430,10430,SAN ANTONIO,13,MENDOZA
loc_10431,10431,SAN PEDRO,13,MENDOZA
loc_10432,10432,SANTIAGO ROMERO,13,MENDOZA
loc_10433,10433,SATURNINO ROMERO,13,MENDOZA
loc_10434,10434,SERVILIANO OJEDA,13,MENDOZA
loc_10435,10435,SIXTO LEDESMA,13,MENDOZA
loc_10436,10436,SOPANTA,13,MENDOZA
loc_10437,10437,TAPON,13,MENDOZA
loc_10438,10438,TEODORO GARRO,13,MENDOZA
loc_10439,10439,TEODORO VILLARUEL,13,MENDOZA
loc_10440,10440,TEOFILA ACEVEDO,13,MENDOZA
loc_10441,10441,TEOFILO RUBEN,13,MENDOZA
loc_10442,10442,TEOFILO ZAPATA,13,MENDOZA
loc_10443,10443,TILA,13,MENDOZA
loc_10444,10444,TILIO ALCARAZ,13,MENDOZA
loc_10445,10445,TOMAS MERCADO,13,MENDOZA
loc_10446,10446,TRAVESIA,13,MENDOZA
loc_10447,10447,TRINO ROSALESO,13,MENDOZA
loc_10449,10449,VICENTE PELETAY,13,MENDOZA
loc_10450,10450,VILLA ANTIGUA,13,MENDOZA
loc_10451,10451,VILLA LA PAZ,13,MENDOZA
loc_10452,10452,VILLA VIEJA,13,MENDOZA
loc_10453,10453,VIUDA DE OROZCO,13,MENDOZA
loc_10454,10454,ZANON CANAL,13,MENDOZA
loc_10455,10455,12 DE OCTUBRE,13,MENDOZA
loc_10456,10456,ALTO CON ZAMPA,13,MENDOZA
loc_10457,10457,ARANCIBIA,13,MENDOZA
loc_10458,10458,ARANZABAL,13,MENDOZA
loc_10459,10459,B DE ARAYA,13,MENDOZA
loc_10460,10460,B DE QUEBRADO,13,MENDOZA
loc_10461,10461,BAJO DEL YUYO,13,MENDOZA
loc_10462,10462,BALDE DE PIEDRA,13,MENDOZA
loc_10463,10463,BALDE LAS LAGUNITAS,13,MENDOZA
loc_10464,10464,BALDE NUEVO,13,MENDOZA
loc_10465,10465,BANDERITA,13,MENDOZA
loc_10466,10466,BELLE VILLE,13,MENDOZA
loc_10467,10467,BORDE DE LA LINEA,13,MENDOZA
loc_10468,10468,CASA DE ADOBE,13,MENDOZA
loc_10469,10469,CATITAS VIEJAS,13,MENDOZA
loc_10470,10470,CHILOTE,13,MENDOZA
loc_10471,10471,CLODOMIRO RETA,13,MENDOZA
loc_10472,10472,COLONIA SAN JORGE,13,MENDOZA
loc_10473,10473,COMANDANTE SALAS,13,MENDOZA
loc_10474,10474,CRISTOBAL LOPEZ,13,MENDOZA
loc_10475,10475,CRUZ GIMENEZ,13,MENDOZA
loc_10476,10476,D LOPEZ,13,MENDOZA
loc_10477,10477,DIVISADERO,13,MENDOZA
loc_10478,10478,EL ALGARROBO,13,MENDOZA
loc_10479,10479,EL BONITO,13,MENDOZA
loc_10480,10480,EL CABAO VIEJO,13,MENDOZA
loc_10481,10481,EL CARBALINO,13,MENDOZA
loc_10482,10482,EL CARMEN,13,MENDOZA
loc_10483,10483,EL CHACALLAL,13,MENDOZA
loc_10484,10484,EL COLORADO,13,MENDOZA
loc_10485,10485,EL CORBALNO,13,MENDOZA
loc_10486,10486,EL DIVISADERO,13,MENDOZA
loc_10487,10487,EL ESCONDIDO,13,MENDOZA
loc_10488,10488,EL GORGINO,13,MENDOZA
loc_10489,10489,EL GUANACO,13,MENDOZA
loc_10490,10490,EL LEMINO,13,MENDOZA
loc_10491,10491,EL LUQUINO,13,MENDOZA
loc_10492,10492,EL MARCADO,13,MENDOZA
loc_10493,10493,EL MARUCHO,13,MENDOZA
loc_10494,10494,EL MAURINO,13,MENDOZA
loc_10495,10495,EL MOLINO,13,MENDOZA
loc_10496,10496,EL PLUMERO,13,MENDOZA
loc_10497,10497,EL PORVENIR,13,MENDOZA
loc_10498,10498,EL RETAMOSO,13,MENDOZA
loc_10499,10499,EL RETIRO,13,MENDOZA
loc_10500,10500,EL TAMARINDO,13,MENDOZA
loc_10501,10501,EL VALLE,13,MENDOZA
loc_10502,10502,EL VILLEGUINO,13,MENDOZA
loc_10503,10503,EL ZAMPAL,13,MENDOZA
loc_10504,10504,EL ZORZAL,13,MENDOZA
loc_10505,10505,EMILIANO LUCERO,13,MENDOZA
loc_10506,10506,ERNESTO LOPEZ,13,MENDOZA
loc_10507,10507,ESCUDERO,13,MENDOZA
loc_10508,10508,ESTANCIA EL BONITO,13,MENDOZA
loc_10509,10509,ESTANCIA GIL,13,MENDOZA
loc_10511,10511,FELIPE PEREZ,13,MENDOZA
loc_10512,10512,GOBERNADOR CIVIT,13,MENDOZA
loc_10513,10513,HUAICOS DE RUFINO,13,MENDOZA
loc_10514,10514,JARILLOSO,13,MENDOZA
loc_10515,10515,JOFRE,13,MENDOZA
loc_10516,10516,JOSE CAMPOS,13,MENDOZA
loc_10517,10517,JOSE SOSA,13,MENDOZA
loc_10518,10518,KILOMETRO 947,13,MENDOZA
loc_10519,10519,L DEL AGUERO,13,MENDOZA
loc_10520,10520,L PEREZ,13,MENDOZA
loc_10521,10521,LA ANGELINA,13,MENDOZA
loc_10522,10522,LA ARGENTINA,13,MENDOZA
loc_10523,10523,LA BANDERA,13,MENDOZA
loc_10524,10524,LA CHUNA,13,MENDOZA
loc_10525,10525,LA CIENAGUITA,13,MENDOZA
loc_10526,10526,LA CLARITA,13,MENDOZA
loc_10527,10527,LA COLONIA SUD,13,MENDOZA
loc_10528,10528,LA COSTA,13,MENDOZA
loc_10529,10529,LA DORMIDA,13,MENDOZA
loc_10530,10530,LA FLORIDA,13,MENDOZA
loc_10531,10531,LA JACINTO,13,MENDOZA
loc_10532,10532,LA LAGUNITA,13,MENDOZA
loc_10534,10534,LA SOMBRILLA,13,MENDOZA
loc_10535,10535,LAS ARABIAS,13,MENDOZA
loc_10536,10536,LAS CATITAS,13,MENDOZA
loc_10537,10537,LAS GATITAS,13,MENDOZA
loc_10538,10538,LAS RAJADURAS,13,MENDOZA
loc_10539,10539,LAS VAYAS,13,MENDOZA
loc_10540,10540,LEZCANO,13,MENDOZA
loc_10541,10541,LIRA,13,MENDOZA
loc_10543,10543,LOMAS BLANCAS,13,MENDOZA
loc_10544,10544,LOMAS COLORADAS,13,MENDOZA
loc_10545,10545,LOS MEDANOS NEGROS,13,MENDOZA
loc_10546,10546,LOS MOROS,13,MENDOZA
loc_10547,10547,LOS VERDES,13,MENDOZA
loc_10548,10548,LOS YOLES,13,MENDOZA
loc_10549,10549,MATURANA,13,MENDOZA
loc_10550,10550,MELITON CAMPOS,13,MENDOZA
loc_10551,10551,MIGUEZ,13,MENDOZA
loc_10552,10552,MORON CHICO,13,MENDOZA
loc_10553,10553,MORON VIEJO,13,MENDOZA
loc_10554,10554,N ZAPATA,13,MENDOZA
loc_10555,10555,NAVARRO,13,MENDOZA
loc_10558,10558,P ROSALES,13,MENDOZA
loc_10560,10560,PICHI CIEGO ESTACION FCGSM,13,MENDOZA
loc_10561,10561,PONCE,13,MENDOZA
loc_10562,10562,PUESTO EL TRUENO,13,MENDOZA
loc_10563,10563,PUESTO GARCIA,13,MENDOZA
loc_10564,10564,PUESTO LORCA,13,MENDOZA
loc_10565,10565,PUESTO SAN VICENTE,13,MENDOZA
loc_10566,10566,PUNTA DEL CANAL,13,MENDOZA
loc_10567,10567,R BUSTOS,13,MENDOZA
loc_10568,10568,RECOARO,13,MENDOZA
loc_10569,10569,RODRIGUEZ,13,MENDOZA
loc_10570,10570,SAN PEDRO,13,MENDOZA
loc_10571,10571,SANTA ANA,13,MENDOZA
loc_10572,10572,SANTA MARIA,13,MENDOZA
loc_10573,10573,SANTA ROSA,13,MENDOZA
loc_10574,10574,SANTO DOMINGO,13,MENDOZA
loc_10575,10575,T OROZCO,13,MENDOZA
loc_10576,10576,TALQUENCA,13,MENDOZA
loc_10577,10577,URISA,13,MENDOZA
loc_10578,10578,VILLA CATALA,13,MENDOZA
loc_10579,10579,BARCALA,13,MENDOZA
loc_10580,10580,BARRIO FERRI,13,MENDOZA
loc_10581,10581,BARRIO JARDIN LUZURIAGA,13,MENDOZA
loc_10582,10582,BARRIO SAN EDUARDO,13,MENDOZA
loc_10583,10583,CARTELLONE,13,MENDOZA
loc_10584,10584,CESPEDES,13,MENDOZA
loc_10585,10585,CHACHINGO,13,MENDOZA
loc_10586,10586,COLONIA BOMBAL,13,MENDOZA
loc_10587,10587,COLONIA JARA,13,MENDOZA
loc_10588,10588,COQUIMBITO,13,MENDOZA
loc_10589,10589,CRUZ DE PIEDRA,13,MENDOZA
loc_10590,10590,EL ALTILLO,13,MENDOZA
loc_10591,10591,EL PARAISO,13,MENDOZA
loc_10592,10592,FINCA EL ARROZ,13,MENDOZA
loc_10593,10593,FINCA LOS ALAMOS,13,MENDOZA
loc_10594,10594,FRAY LUIS BELTRAN,13,MENDOZA
loc_10595,10595,GENERAL GUTIERREZ,13,MENDOZA
loc_10596,10596,GENERAL ORTEGA,13,MENDOZA
loc_10597,10597,ISLA CHICA,13,MENDOZA
loc_10598,10598,ISLA GRANDE,13,MENDOZA
loc_10599,10599,LA JAULA,13,MENDOZA
loc_10600,10600,LAS BARRANCAS,13,MENDOZA
loc_10601,10601,LOS ALAMOS,13,MENDOZA
loc_10602,10602,LUNLUNTA,13,MENDOZA
loc_10603,10603,LUZURIAGA,13,MENDOZA
loc_10604,10604,MAIPU,13,MENDOZA
loc_10605,10605,MARQUEZ ESCUELA117,13,MENDOZA
loc_10606,10606,MAZA,13,MENDOZA
loc_10607,10607,PEDREGAL,13,MENDOZA
loc_10608,10608,RODEO DEL MEDIO,13,MENDOZA
loc_10609,10609,RUSSELL,13,MENDOZA
loc_10610,10610,SAN ROQUE,13,MENDOZA
loc_10611,10611,SANTA BLANCA,13,MENDOZA
loc_10612,10612,SARMIENTO,13,MENDOZA
loc_10613,10613,TERESA B DE TITTARELLI,13,MENDOZA
loc_10614,10614,VALLE HERMOSO,13,MENDOZA
loc_10615,10615,VILLA SECA,13,MENDOZA
loc_10616,10616,ALGARROBO GRANDE,13,MENDOZA
loc_10617,10617,ALTO GRANDE,13,MENDOZA
loc_10619,10619,COLONIA DELFINO,13,MENDOZA
loc_10620,10620,EL CIPRES,13,MENDOZA
loc_10621,10621,EL JUME,13,MENDOZA
loc_10622,10622,EL MOYANO,13,MENDOZA
loc_10623,10623,INGENIERO GIAGNONI,13,MENDOZA
loc_10624,10624,JORGE NEWBERY,13,MENDOZA
loc_10625,10625,JUNIN,13,MENDOZA
loc_10626,10626,LA COLONIA,13,MENDOZA
loc_10627,10627,LA ISLA,13,MENDOZA
loc_10628,10628,LA ISLA CHICA,13,MENDOZA
loc_10629,10629,LA ISLA GRANDE,13,MENDOZA
loc_10630,10630,LOS BARRIALES,13,MENDOZA
loc_10631,10631,LOS OTOYANES,13,MENDOZA
loc_10632,10632,PHILLIPS,13,MENDOZA
loc_10633,10633,PUESTO LA COSTA,13,MENDOZA
loc_10634,10634,RAMBLON,13,MENDOZA
loc_10635,10635,RETAMO,13,MENDOZA
loc_10636,10636,RICARDO VIDELA,13,MENDOZA
loc_10637,10637,ROBERTS,13,MENDOZA
loc_10639,10639,TRES ACEQUIAS,13,MENDOZA
loc_10640,10640,VILLA MOLINO ORFILA,13,MENDOZA
loc_10641,10641,ALBERTO FLORES,13,MENDOZA
loc_10642,10642,ALTO DEL SALVADOR,13,MENDOZA
loc_10643,10643,ALTO VERDE,13,MENDOZA
loc_10644,10644,AZCURRA,13,MENDOZA
loc_10645,10645,BALDE DE LA JARILLA,13,MENDOZA
loc_10646,10646,BALDE DE LOS GAUCHOS,13,MENDOZA
loc_10647,10647,BALDE E AQUERA,13,MENDOZA
loc_10648,10648,BALDE JOFRE,13,MENDOZA
loc_10649,10649,BALDE LA PICHANA VIEJA,13,MENDOZA
loc_10650,10650,BALDE LAS CARPAS,13,MENDOZA
loc_10651,10651,BALDE LAS CATITAS,13,MENDOZA
loc_10652,10652,BALDE SAN AGUSTIN,13,MENDOZA
loc_10653,10653,BARRIO VILLA ADELA,13,MENDOZA
loc_10654,10654,BUEN ORDEN,13,MENDOZA
loc_10655,10655,CARRIL NORTE,13,MENDOZA
loc_10656,10656,CHAPANAY,13,MENDOZA
loc_10657,10657,CHIMBA,13,MENDOZA
loc_10658,10658,CHIVILCOY,13,MENDOZA
loc_10659,10659,COLONIA LAMBARE,13,MENDOZA
loc_10660,10660,COLONIA MONTE CASEROS,13,MENDOZA
loc_10661,10661,COLONIA REINA,13,MENDOZA
loc_10662,10662,EL ALTO SALVADOR,13,MENDOZA
loc_10663,10663,EL CENTRAL,13,MENDOZA
loc_10664,10664,EL DIVISADERO,13,MENDOZA
loc_10666,10666,EL PLUMERO,13,MENDOZA
loc_10667,10667,EL PUNTIAGUDO,13,MENDOZA
loc_10668,10668,ESPINO,13,MENDOZA
loc_10669,10669,FLORINDO FLORES,13,MENDOZA
loc_10670,10670,GURRUCHAGA,13,MENDOZA
loc_10671,10671,ISABEL FLORES,13,MENDOZA
loc_10672,10672,LA CHIMBA,13,MENDOZA
loc_10673,10673,LA PASTORAL,13,MENDOZA
loc_10674,10674,LA PICHANA,13,MENDOZA
loc_10675,10675,LA VERDE,13,MENDOZA
loc_10676,10676,LAS COLONIAS,13,MENDOZA
loc_10677,10677,LAS TORRECITAS,13,MENDOZA
loc_10678,10678,LOLA MORA,13,MENDOZA
loc_10679,10679,LOS AHUMADOS,13,MENDOZA
loc_10680,10680,LOS EUCALIPTOS,13,MENDOZA
loc_10681,10681,LOS OLMOS,13,MENDOZA
loc_10682,10682,LOS TORDILLOS,13,MENDOZA
loc_10683,10683,MASA,13,MENDOZA
loc_10684,10684,MONTE CASEROS,13,MENDOZA
loc_10685,10685,NUEVA CALIFORNIA,13,MENDOZA
loc_10686,10686,PALMIRA,13,MENDOZA
loc_10687,10687,PUESTO LA FLORIDA,13,MENDOZA
loc_10688,10688,PUESTO LAS JUNTITAS,13,MENDOZA
loc_10689,10689,PUESTO LAS PICHANAS,13,MENDOZA
loc_10690,10690,PUESTO LAS VIBORAS,13,MENDOZA
loc_10691,10691,PUESTO LOS CAUSES,13,MENDOZA
loc_10692,10692,PUESTO LOS GAUCHOS,13,MENDOZA
loc_10693,10693,PUESTO SAN JOSE,13,MENDOZA
loc_10694,10694,PUESTO SAN MIGUEL,13,MENDOZA
loc_10695,10695,PUESTO SANTA MARIA,13,MENDOZA
loc_10696,10696,PUESTO VEGA,13,MENDOZA
loc_10697,10697,REINA,13,MENDOZA
loc_10698,10698,REYES,13,MENDOZA
loc_10699,10699,RUTA 7 KILOMETRO 1014,13,MENDOZA
loc_10700,10700,SAN MARTIN,13,MENDOZA
loc_10701,10701,TAPERA NEGRA,13,MENDOZA
loc_10703,10703,VILLA CENTENARIO,13,MENDOZA
loc_10704,10704,VILLA DEL CARMEN,13,MENDOZA
loc_10705,10705,ARROYO CLARO,13,MENDOZA
loc_10706,10706,ARROYO LOS SAUCES,13,MENDOZA
loc_10707,10707,CAMPO DE LOS ANDES,13,MENDOZA
loc_10709,10709,COLONIA DE LAS MULAS,13,MENDOZA
loc_10710,10710,COLONIA DEL DIABLO,13,MENDOZA
loc_10711,10711,COLONIA FARO,13,MENDOZA
loc_10712,10712,COLONIA LA ESCONDIDA,13,MENDOZA
loc_10713,10713,COLONIA LA TORRECILLA,13,MENDOZA
loc_10714,10714,COLONIA LAS ROSAS,13,MENDOZA
loc_10715,10715,COLONIA LOS OSCUROS,13,MENDOZA
loc_10716,10716,COLONIA LOS TAPONES,13,MENDOZA
loc_10717,10717,COLONIA TABANERA,13,MENDOZA
loc_10718,10718,DIQUE DEL VALLE DE UCO,13,MENDOZA
loc_10719,10719,DOCTOR ANTONIO SOOMAS,13,MENDOZA
loc_10720,10720,EL MANZANO HISTORICO,13,MENDOZA
loc_10721,10721,EL PORTILLO,13,MENDOZA
loc_10722,10722,EL TOPON,13,MENDOZA
loc_10723,10723,EL TOSCAL,13,MENDOZA
loc_10724,10724,ESTANCIA AVEIRO,13,MENDOZA
loc_10725,10725,ESTANCIA BELLA VISTA,13,MENDOZA
loc_10726,10726,ESTANCIA CORREA,13,MENDOZA
loc_10727,10727,ESTANCIA EL CARRIZALITO,13,MENDOZA
loc_10728,10728,ESTANCIA GUINAZU,13,MENDOZA
loc_10729,10729,ESTANCIA LA PAMPA,13,MENDOZA
loc_10730,10730,ESTANCIA LA ROSA,13,MENDOZA
loc_10731,10731,ESTANCIA LAS HIGUERAS,13,MENDOZA
loc_10732,10732,ESTANCIA LOS CHACAYES,13,MENDOZA
loc_10733,10733,ESTANCIA MALLEA,13,MENDOZA
loc_10734,10734,ESTANCIA SILVA,13,MENDOZA
loc_10735,10735,LA ESTACADA,13,MENDOZA
loc_10736,10736,LA PRIMAVERA,13,MENDOZA
loc_10737,10737,LAS PINTADAS,13,MENDOZA
loc_10738,10738,LAS ROSAS,13,MENDOZA
loc_10739,10739,LAS TORRECITAS,13,MENDOZA
loc_10740,10740,LOMA CHATA,13,MENDOZA
loc_10741,10741,LOS ARBOLES,13,MENDOZA
loc_10742,10742,LOS COMETIERRAS,13,MENDOZA
loc_10743,10743,LOS SAUCES,13,MENDOZA
loc_10744,10744,LOS SAUCES LAVALLE,13,MENDOZA
loc_10745,10745,MELOCOTON,13,MENDOZA
loc_10746,10746,PASO LOS PALOS,13,MENDOZA
loc_10747,10747,PORTILLO DE PINQUENES,13,MENDOZA
loc_10748,10748,PORTILLO DEL DIABLO,13,MENDOZA
loc_10749,10749,POTRERO SAN PABLO,13,MENDOZA
loc_10750,10750,PUESTO EL MANZANO,13,MENDOZA
loc_10751,10751,PUESTO LA TOSCA,13,MENDOZA
loc_10752,10752,PUESTO MANZANITO,13,MENDOZA
loc_10753,10753,PUESTO MIRONDA,13,MENDOZA
loc_10754,10754,PUESTO SANTA MARIA,13,MENDOZA
loc_10755,10755,RUIZ HUIDOBRO,13,MENDOZA
loc_10756,10756,SAN PABLO,13,MENDOZA
loc_10757,10757,TOTORAL,13,MENDOZA
loc_10758,10758,TUNUYAN,13,MENDOZA
loc_10759,10759,VILLA SECA DE TUNUYAN,13,MENDOZA
loc_10760,10760,VISTA FLORES,13,MENDOZA
loc_10761,10761,AGRELO,13,MENDOZA
loc_10762,10762,AGUA DE LOS MANANTIALES,13,MENDOZA
loc_10763,10763,ALTO DE LOS MANANTIALES,13,MENDOZA
loc_10764,10764,ALTO DEL PLOMO,13,MENDOZA
loc_10765,10765,ALVAREZ CONDARCO,13,MENDOZA
loc_10767,10767,BLANCO ENCALADA,13,MENDOZA
loc_10768,10768,CACHEUTA,13,MENDOZA
loc_10769,10769,CALLE TERRADA,13,MENDOZA
loc_10770,10770,CAMPAMENTO CACHEUTA YPF,13,MENDOZA
loc_10771,10771,CARBOMETAL,13,MENDOZA
loc_10772,10772,CARLOS SUBERCASEUX,13,MENDOZA
loc_10773,10773,CARRIZAL DE ABAJO,13,MENDOZA
loc_10774,10774,CARRIZAL DE ARRIBA,13,MENDOZA
loc_10775,10775,CARRODILLA LA PUNTILLA,13,MENDOZA
loc_10776,10776,CASA DE PIEDRA,13,MENDOZA
loc_10777,10777,CERRILLOS,13,MENDOZA
loc_10778,10778,CERRILLOS AL NORTE,13,MENDOZA
loc_10779,10779,CERRILLOS AL SUD,13,MENDOZA
loc_10780,10780,CHACRAS DE CORIA,13,MENDOZA
loc_10781,10781,COLONIA BARRAQUERO,13,MENDOZA
loc_10782,10782,COLONIA CANO,13,MENDOZA
loc_10783,10783,COLONIA FUNES,13,MENDOZA
loc_10784,10784,CONCHA SUBERCASEAUX,13,MENDOZA
loc_10785,10785,DIQUE RIO MENDOZA,13,MENDOZA
loc_10786,10786,DISTRITO COMPUERTA,13,MENDOZA
loc_10787,10787,EL ALTILLO,13,MENDOZA
loc_10788,10788,EL CARRIZAL,13,MENDOZA
loc_10789,10789,EL CARRIZAL DE ABAJO,13,MENDOZA
loc_10790,10790,EL REFUGIO,13,MENDOZA
loc_10791,10791,EL SALTO,13,MENDOZA
loc_10792,10792,GLACIARES DEL RIO BLANCO,13,MENDOZA
loc_10793,10793,KILOMETRO 1085,13,MENDOZA
loc_10794,10794,KILOMETRO 55,13,MENDOZA
loc_10795,10795,LAS CARDITAS,13,MENDOZA
loc_10796,10796,LAS CHACRITAS,13,MENDOZA
loc_10797,10797,LAS COLONIAS,13,MENDOZA
loc_10798,10798,LAS COMPUERTAS,13,MENDOZA
loc_10799,10799,LAS VEGAS,13,MENDOZA
loc_10800,10800,LOS FILTROS,13,MENDOZA
loc_10801,10801,LOS PAPAGAYOS,13,MENDOZA
loc_10802,10802,LOTES DE GAVIOLA,13,MENDOZA
loc_10803,10803,LUJAN DE CUYO,13,MENDOZA
loc_10804,10804,MAYOR DRUMMOND,13,MENDOZA
loc_10805,10805,MINAS DE PETROLEO,13,MENDOZA
loc_10806,10806,PASO DE LOS ANDES,13,MENDOZA
loc_10807,10807,PERDRIEL,13,MENDOZA
loc_10808,10808,PETROLEO,13,MENDOZA
loc_10809,10809,POTRERILLOS,13,MENDOZA
loc_10810,10810,PUESTO LA JARILLA,13,MENDOZA
loc_10811,10811,SAN IGNACIO,13,MENDOZA
loc_10812,10812,UGARTECHE,13,MENDOZA
loc_10813,10813,VILLA GAVIOLA,13,MENDOZA
loc_10814,10814,VISTALBA,13,MENDOZA
loc_10815,10815,MENDOZA,13,MENDOZA
loc_10816,10816,ANCHORIS,13,MENDOZA
loc_10817,10817,ANCON,13,MENDOZA
loc_10818,10818,ARBOLEDA,13,MENDOZA
loc_10819,10819,CORDON DEL PLATA,13,MENDOZA
loc_10820,10820,EL PERAL,13,MENDOZA
loc_10821,10821,EL ZAMPAL,13,MENDOZA
loc_10822,10822,GUALTALLARY,13,MENDOZA
loc_10823,10823,LA ARBOLEDA,13,MENDOZA
loc_10824,10824,LA CARRERA,13,MENDOZA
loc_10825,10825,PUESTO ALFARFA,13,MENDOZA
loc_10826,10826,PUESTO LA JERILLA,13,MENDOZA
loc_10827,10827,SAN JOSE DE TUPUNGATO,13,MENDOZA
loc_10828,10828,SANTA CLARA,13,MENDOZA
loc_10829,10829,TUPUNGATO,13,MENDOZA
loc_10830,10830,VILLA BASTIAS,13,MENDOZA
loc_10831,10831,ZAPATA,13,MENDOZA
loc_10832,10832,3 DE MAYO,13,MENDOZA
loc_10833,10833,9 DE JULIO,13,MENDOZA
loc_10834,10834,ALGARROBITO,13,MENDOZA
loc_10835,10835,ALGARROBO,13,MENDOZA
loc_10836,10836,ALTO AMARILLO,13,MENDOZA
loc_10837,10837,ALTO DE LAS ARAÑAS,13,MENDOZA
loc_10838,10838,ALTO DEL OLVIDO,13,MENDOZA
loc_10839,10839,ALTO TRES COMPADRES,13,MENDOZA
loc_10840,10840,ARROYITO,13,MENDOZA
loc_10841,10841,ASUNCION,13,MENDOZA
loc_10842,10842,BAJADA ARAUJO,13,MENDOZA
loc_10843,10843,CAPILLA DEL COVADITO,13,MENDOZA
loc_10844,10844,CAPILLA SAN JOSE,13,MENDOZA
loc_10845,10845,COLONIA ANDRE,13,MENDOZA
loc_10846,10846,COLONIA DEL CARMEN,13,MENDOZA
loc_10847,10847,COLONIA ESTRELLA,13,MENDOZA
loc_10848,10848,COLONIA ITALIANA,13,MENDOZA
loc_10849,10849,COLONIA SAN FRANCISCO,13,MENDOZA
loc_10850,10850,COSTA DE ARAUJO,13,MENDOZA
loc_10851,10851,CRUZ BLANCA,13,MENDOZA
loc_10852,10852,DON MARTIN,13,MENDOZA
loc_10853,10853,EL 15,13,MENDOZA
loc_10854,10854,EL ALPERO,13,MENDOZA
loc_10855,10855,EL BALSADERO,13,MENDOZA
loc_10856,10856,EL CALVADITO,13,MENDOZA
loc_10857,10857,EL CAVADITO,13,MENDOZA
loc_10858,10858,EL CHILCAL,13,MENDOZA
loc_10859,10859,EL CHIRCAL,13,MENDOZA
loc_10860,10860,EL COLON,13,MENDOZA
loc_10861,10861,EL GUANACO,13,MENDOZA
loc_10862,10862,EL PASCAL,13,MENDOZA
loc_10863,10863,EL RETAMO,13,MENDOZA
loc_10864,10864,EL RETIRO,13,MENDOZA
loc_10865,10865,EL ROSARIO,13,MENDOZA
loc_10866,10866,EL SALADO,13,MENDOZA
loc_10867,10867,EL TAPON,13,MENDOZA
loc_10868,10868,EL VERGEL,13,MENDOZA
loc_10869,10869,FORZUDO,13,MENDOZA
loc_10870,10870,GENERAL ACHA,13,MENDOZA
loc_10871,10871,GOBERNADOR LUIS MOLINA,13,MENDOZA
loc_10872,10872,GUADAL DE LOS PEREZ,13,MENDOZA
loc_10873,10873,INGENIERO GUSTAVO ANDRE,13,MENDOZA
loc_10874,10874,JOCOLI VIEJO,13,MENDOZA
loc_10875,10875,KILOMETRO 1013,13,MENDOZA
loc_10876,10876,KILOMETRO 1032,13,MENDOZA
loc_10877,10877,KILOMETRO 43,13,MENDOZA
loc_10878,10878,LA BAJADA,13,MENDOZA
loc_10879,10879,LA CELIA,13,MENDOZA
loc_10880,10880,LA ESPERANZA,13,MENDOZA
loc_10881,10881,LA EXCAVACION,13,MENDOZA
loc_10882,10882,LA FORTUNA,13,MENDOZA
loc_10883,10883,LA HOLANDA,13,MENDOZA
loc_10884,10884,LA PALMERA,13,MENDOZA
loc_10885,10885,LA PEGA,13,MENDOZA
loc_10886,10886,LA TOMA,13,MENDOZA
loc_10887,10887,LAGUNA DE GUANACACHE,13,MENDOZA
loc_10888,10888,LAGUNA DEL ROSARIO,13,MENDOZA
loc_10889,10889,LAS CRUCES,13,MENDOZA
loc_10890,10890,LAS DELICIAS,13,MENDOZA
loc_10891,10891,LAS GATEADAS,13,MENDOZA
loc_10892,10892,LAS VIOLETAS,13,MENDOZA
loc_10893,10893,LAVALLE VILLA TULUMAYA,13,MENDOZA
loc_10894,10894,LOS ALGODONES,13,MENDOZA
loc_10895,10895,LOS BALDES,13,MENDOZA
loc_10896,10896,LOS BLANCOS,13,MENDOZA
loc_10897,10897,LOS RALOS,13,MENDOZA
loc_10898,10898,LOS SAUCES,13,MENDOZA
loc_10899,10899,LOS YAULLINES,13,MENDOZA
loc_10900,10900,MARIA LUISA,13,MENDOZA
loc_10901,10901,MOLUCHES,13,MENDOZA
loc_10902,10902,PAMPA DEL SALADO,13,MENDOZA
loc_10903,10903,PARAMILLO,13,MENDOZA
loc_10904,10904,PASO DEL CISNE,13,MENDOZA
loc_10905,10905,PROGRESO,13,MENDOZA
loc_10906,10906,PUERTO HORTENSA,13,MENDOZA
loc_10907,10907,PUESTO ALGARROBO GRANDE,13,MENDOZA
loc_10908,10908,PUESTO EL PICHON,13,MENDOZA
loc_10909,10909,PUESTO LA HORTENSIA,13,MENDOZA
loc_10910,10910,PUESTO RANCHO DE LA PAMPA,13,MENDOZA
loc_10911,10911,RAMBLON DE LOS CHILENOS,13,MENDOZA
loc_10912,10912,RESURRECCION,13,MENDOZA
loc_10913,10913,SAN JOSE,13,MENDOZA
loc_10914,10914,SAN MIGUEL,13,MENDOZA
loc_10915,10915,SAN PEDRO,13,MENDOZA
loc_10916,10916,SANTA MARTA,13,MENDOZA
loc_10917,10917,TULUMAYA,13,MENDOZA
loc_10918,10918,ALGARROBAL ABAJO,13,MENDOZA
loc_10919,10919,ALGARROBAL ARRIBA,13,MENDOZA
loc_10920,10920,ALTO GRANDE,13,MENDOZA
loc_10921,10921,ARENALES,13,MENDOZA
loc_10922,10922,BARREAL DE LA PAMPA SECA,13,MENDOZA
loc_10923,10923,BARREAL PAJARO MUERTO,13,MENDOZA
loc_10924,10924,BUITRERA,13,MENDOZA
loc_10925,10925,CA DEL DIABLO,13,MENDOZA
loc_10927,10927,CAPDEVILLE,13,MENDOZA
loc_10928,10928,CARACOLES,13,MENDOZA
loc_10929,10929,CASILLA,13,MENDOZA
loc_10930,10930,CERRILLOS NEGROS,13,MENDOZA
loc_10931,10931,CERRO ACONCAGUA,13,MENDOZA
loc_10932,10932,CERRO AGUA SALADA,13,MENDOZA
loc_10933,10933,CERRO AGUADITA,13,MENDOZA
loc_10934,10934,CERRO ALOJAMIENTO,13,MENDOZA
loc_10935,10935,CERRO ANGOSTURA,13,MENDOZA
loc_10936,10936,CERRO ASPERO,13,MENDOZA
loc_10937,10937,CERRO BARAUCA,13,MENDOZA
loc_10938,10938,CERRO BAY,13,MENDOZA
loc_10939,10939,CERRO BLANCO,13,MENDOZA
loc_10940,10940,CERRO BONETE,13,MENDOZA
loc_10941,10941,CERRO BRAVO,13,MENDOZA
loc_10942,10942,CERRO CATEDRAL,13,MENDOZA
loc_10943,10943,CERRO CHIQUERO,13,MENDOZA
loc_10944,10944,CERRO CIELO,13,MENDOZA
loc_10945,10945,CERRO CIENAGA,13,MENDOZA
loc_10946,10946,CERRO CLEMENTINO,13,MENDOZA
loc_10947,10947,CERRO COLOR,13,MENDOZA
loc_10948,10948,CERRO CORTADERAS,13,MENDOZA
loc_10949,10949,CERRO CUERNO,13,MENDOZA
loc_10950,10950,CERRO CUPULA,13,MENDOZA
loc_10951,10951,CERRO DE LOS BURROS,13,MENDOZA
loc_10952,10952,CERRO DE LOS DEDOS,13,MENDOZA
loc_10953,10953,CERRO DE LOS POTRERILLOS,13,MENDOZA
loc_10954,10954,CERRO DEL CHACAY,13,MENDOZA
loc_10955,10955,CERRO DEL MEDIO,13,MENDOZA
loc_10956,10956,CERRO DEL RINCON BAYO,13,MENDOZA
loc_10957,10957,CERRO DURAZNO,13,MENDOZA
loc_10958,10958,CERRO EL GUANACO,13,MENDOZA
loc_10959,10959,CERRO FUNDICION,13,MENDOZA
loc_10960,10960,CERRO GRANDE,13,MENDOZA
loc_10961,10961,CERRO HORQUETA,13,MENDOZA
loc_10962,10962,CERRO INVERNADA,13,MENDOZA
loc_10963,10963,CERRO JUAN POBRE,13,MENDOZA
loc_10964,10964,CERRO L CORRALES,13,MENDOZA
loc_10965,10965,CERRO LA MANO,13,MENDOZA
loc_10967,10967,CERRO LOS DIENTITOS,13,MENDOZA
loc_10968,10968,CERRO MANANTIAL,13,MENDOZA
loc_10969,10969,CERRO MASILLAS,13,MENDOZA
loc_10970,10970,CERRO MELOCOTON,13,MENDOZA
loc_10971,10971,CERRO MEXICO,13,MENDOZA
loc_10972,10972,CERRO MONTURA,13,MENDOZA
loc_10974,10974,CERRO PAMPA SECA,13,MENDOZA
loc_10975,10975,CERRO PAN DE AZUCAR,13,MENDOZA
loc_10976,10976,CERRO PANTA,13,MENDOZA
loc_10977,10977,CERRO PELADO,13,MENDOZA
loc_10978,10978,CERRO PONDERADO,13,MENDOZA
loc_10979,10979,CERRO POZO,13,MENDOZA
loc_10980,10980,CERRO PUNTA DE AGUA,13,MENDOZA
loc_10981,10981,CERRO PUNTILLA NEGRA,13,MENDOZA
loc_10982,10982,CERRO PUNTUDO,13,MENDOZA
loc_10983,10983,CERRO PUQUIOS,13,MENDOZA
loc_10984,10984,CERRO RIQUITIPANCHE,13,MENDOZA
loc_10985,10985,CERRO SAN LORENZO,13,MENDOZA
loc_10986,10986,CERRO SANTA MARIA,13,MENDOZA
loc_10987,10987,CERRO SAPO,13,MENDOZA
loc_10988,10988,CERRO TIGRE,13,MENDOZA
loc_10989,10989,CERRO TOLOSA,13,MENDOZA
loc_10990,10990,CERRO TUNDUQUERA,13,MENDOZA
loc_10991,10991,CERRO YALGUARAS,13,MENDOZA
loc_10992,10992,CERRO YARETA,13,MENDOZA
loc_10993,10993,CERROS COLORADOS,13,MENDOZA
loc_10994,10994,COLON SANDALHO,13,MENDOZA
loc_10995,10995,COLONIA 3 DE MAYO,13,MENDOZA
loc_10996,10996,COLONIA ALEMANA,13,MENDOZA
loc_10997,10997,CRISTO REDENTOR,13,MENDOZA
loc_10998,10998,CTO DEL TIGRE,13,MENDOZA
loc_10999,10999,EL ALGARROBAL,13,MENDOZA
loc_11000,11000,EL BORBOLLON,13,MENDOZA
loc_11002,11002,EL CHALLAO,13,MENDOZA
loc_11004,11004,EL INFIERNO,13,MENDOZA
loc_11005,11005,EL PASTAL,13,MENDOZA
loc_11006,11006,EL PLUMERILLO,13,MENDOZA
loc_11007,11007,EL PUESTITO,13,MENDOZA
loc_11008,11008,EL RESGUARDO,13,MENDOZA
loc_11009,11009,EMPALME FRONTERA,13,MENDOZA
loc_11010,11010,EMPALME RESGUARDO,13,MENDOZA
loc_11011,11011,ESPEJO,13,MENDOZA
loc_11012,11012,ESPEJO RESGUARDADO,13,MENDOZA
loc_11013,11013,ESTACION USPALLATA,13,MENDOZA
loc_11014,11014,ESTANCIA CASA DE PIEDRA,13,MENDOZA
loc_11015,11015,ESTANCIA CUEVA DEL TORO,13,MENDOZA
loc_11016,11016,ESTANCIA EL CARRIZAL,13,MENDOZA
loc_11017,11017,ESTANCIA JOCOLI,13,MENDOZA
loc_11018,11018,ESTANCIA SAN MARTIN,13,MENDOZA
loc_11019,11019,ESTANCIA USPALLATA,13,MENDOZA
loc_11020,11020,ESTANCIA VILLAVICENCIO,13,MENDOZA
loc_11021,11021,ESTANCIA YALGUARAZ,13,MENDOZA
loc_11022,11022,GARGANTA DEL LEON,13,MENDOZA
loc_11023,11023,GOBERNADOR BENEGAS,13,MENDOZA
loc_11024,11024,GUIDO,13,MENDOZA
loc_11025,11025,HORNITO DEL GRINGO,13,MENDOZA
loc_11026,11026,HORNOS DE MOYANO,13,MENDOZA
loc_11027,11027,JOCOLI,13,MENDOZA
loc_11028,11028,LA ANGOSTURA,13,MENDOZA
loc_11029,11029,LA BOVEDA,13,MENDOZA
loc_11030,11030,LA CASA DEL TIGRE,13,MENDOZA
loc_11031,11031,LA CORTADERA,13,MENDOZA
loc_11032,11032,LA FUNDICION,13,MENDOZA
loc_11033,11033,LA HORQUETA,13,MENDOZA
loc_11034,11034,LA HULLERA,13,MENDOZA
loc_11035,11035,LA JAULA,13,MENDOZA
loc_11036,11036,LA PIRATA,13,MENDOZA
loc_11037,11037,LAS CANTERAS,13,MENDOZA
loc_11038,11038,LAS CORTADERAS,13,MENDOZA
loc_11039,11039,LAS CUEVAS,13,MENDOZA
loc_11040,11040,LAS HERAS,13,MENDOZA
loc_11041,11041,LOMA COLORADA,13,MENDOZA
loc_11042,11042,LOMA DE LOS BURROS,13,MENDOZA
loc_11043,11043,LOMA SOLA,13,MENDOZA
loc_11044,11044,LOMAS BAYAS,13,MENDOZA
loc_11045,11045,LOS CHACAYES,13,MENDOZA
loc_11046,11046,LOS PENITENTES,13,MENDOZA
loc_11047,11047,LOS TAMARINDOS,13,MENDOZA
loc_11048,11048,MATHEU NORTE,13,MENDOZA
loc_11049,11049,MINAS SALAGASTA,13,MENDOZA
loc_11050,11050,MONTE BAYO,13,MENDOZA
loc_11051,11051,MONUMENTO AL EJERCITO DE LOS A,13,MENDOZA
loc_11052,11052,MOYANO,13,MENDOZA
loc_11053,11053,P SAN IGNACIO,13,MENDOZA
loc_11054,11054,PAMPA YALGUARAZ,13,MENDOZA
loc_11055,11055,PANQUEHUA,13,MENDOZA
loc_11056,11056,PARAMILLO DE LAS VACAS,13,MENDOZA
loc_11057,11057,PASO HONDO,13,MENDOZA
loc_11058,11058,PLAZA DE MULAS,13,MENDOZA
loc_11059,11059,PO DE CONTRABANDISTA,13,MENDOZA
loc_11060,11060,PO DE LA CUMBRE,13,MENDOZA
loc_11061,11061,PO DE LA QUEBRADA HONDA,13,MENDOZA
loc_11062,11062,PO DEL RUBIO,13,MENDOZA
loc_11063,11063,PO VALLE HERMOSO,13,MENDOZA
loc_11064,11064,POLVAREDAS,13,MENDOZA
loc_11065,11065,PORTILLO AGUA DE TORO,13,MENDOZA
loc_11066,11066,PORTILLO DE INDIO,13,MENDOZA
loc_11067,11067,PORTILLO DE LA LAGRIMA VIVA,13,MENDOZA
loc_11068,11068,PORTILLO DE LAS VACAS,13,MENDOZA
loc_11069,11069,PORTILLO DE LOMAS COLORADAS,13,MENDOZA
loc_11070,11070,PORTILLO DEL MEDIO,13,MENDOZA
loc_11071,11071,PORTILLO DEL NORTE,13,MENDOZA
loc_11072,11072,PORTILLO DEL TIGRE,13,MENDOZA
loc_11073,11073,PORTILLO LA PAMPA,13,MENDOZA
loc_11074,11074,PORTILLO QUEMADO,13,MENDOZA
loc_11075,11075,PUENTE DEL INCA,13,MENDOZA
loc_11076,11076,PUESTO AGUA DE ZANJON,13,MENDOZA
loc_11077,11077,PUESTO CARRIZALITO,13,MENDOZA
loc_11078,11078,PUESTO CHAMBON,13,MENDOZA
loc_11079,11079,PUESTO EL PERAL,13,MENDOZA
loc_11080,11080,PUESTO EL TOTORAL,13,MENDOZA
loc_11081,11081,PUESTO ESCONDIDO,13,MENDOZA
loc_11082,11082,PUESTO GUAMPARITO,13,MENDOZA
loc_11083,11083,PUESTO ISLA CHAÑAR,13,MENDOZA
loc_11084,11084,PUESTO LA GRUTA,13,MENDOZA
loc_11085,11085,PUESTO LA MOJADA,13,MENDOZA
loc_11086,11086,PUESTO LAS HIGUERAS,13,MENDOZA
loc_11087,11087,PUESTO LOS ALOJAMIENTOS,13,MENDOZA
loc_11089,11089,PUESTO LOS PAJARITOS,13,MENDOZA
loc_11090,11090,PUESTO RIQUITIPANCHE,13,MENDOZA
loc_11091,11091,PUESTO SANTA CLARA DE ARRIBA,13,MENDOZA
loc_11092,11092,PUNTA DE VACAS,13,MENDOZA
loc_11093,11093,RAMBLON,13,MENDOZA
loc_11094,11094,RIO BLANCO,13,MENDOZA
loc_11095,11095,RODEO GRANDE,13,MENDOZA
loc_11096,11096,SAN ALBERTO,13,MENDOZA
loc_11097,11097,SAN IGNACIO,13,MENDOZA
loc_11098,11098,SANCHEZ DE BUSTAMANTE,13,MENDOZA
loc_11099,11099,SANTA ELENA,13,MENDOZA
loc_11100,11100,SIERRA ANSILTA,13,MENDOZA
loc_11101,11101,SIERRA DE LAS HIGUERAS,13,MENDOZA
loc_11102,11102,SIERRA DEL TONTAL,13,MENDOZA
loc_11103,11103,TERMAS VILLAVICENCIO,13,MENDOZA
loc_11104,11104,TROPERO SOSA,13,MENDOZA
loc_11105,11105,TTE BENJAMIN MATIENZO,13,MENDOZA
loc_11106,11106,USPALLATA,13,MENDOZA
loc_11107,11107,VALLE DE USPALLATA,13,MENDOZA
loc_11108,11108,VEGA DE LOS BURROS,13,MENDOZA
loc_11109,11109,VEGAS DE LOS CORRALES DE ARAYA,13,MENDOZA
loc_11110,11110,VILLAVICENCIO,13,MENDOZA
loc_11111,11111,VRA DE LAS VACAS,13,MENDOZA
loc_11112,11112,ZANJON AMARILLO,13,MENDOZA
loc_11113,11113,BOWEN,13,MENDOZA
loc_11114,11114,CANALEJAS,13,MENDOZA
loc_11115,11115,CARMENSA,13,MENDOZA
loc_11116,11116,CERRO NEVADO,13,MENDOZA
loc_11117,11117,CIUDAD OESTE,13,MENDOZA
loc_11118,11118,COCHICO,13,MENDOZA
loc_11119,11119,COLONIA ALVEAR,13,MENDOZA
loc_11120,11120,COLONIA ALVEAR OESTE,13,MENDOZA
loc_11121,11121,COLONIA BOUQUET,13,MENDOZA
loc_11122,11122,COMPUERTAS NEGRAS,13,MENDOZA
loc_11123,11123,CORRAL DE LORCA,13,MENDOZA
loc_11124,11124,COSTA DEL DIAMANTE,13,MENDOZA
loc_11125,11125,EL AGUILA,13,MENDOZA
loc_11126,11126,EL ARBOLITO,13,MENDOZA
loc_11127,11127,EL BANDERON,13,MENDOZA
loc_11128,11128,EL BUEN PASTOR,13,MENDOZA
loc_11129,11129,EL CEIBO,13,MENDOZA
loc_11130,11130,EL DESVIO,13,MENDOZA
loc_11131,11131,EL JUNCALITO,13,MENDOZA
loc_11132,11132,EL NEVADO,13,MENDOZA
loc_11133,11133,EL RETIRO,13,MENDOZA
loc_11134,11134,EL VENTARRON,13,MENDOZA
loc_11135,11135,ESTANCIA CHACAICO,13,MENDOZA
loc_11136,11136,ESTANCIA EL BALDERON,13,MENDOZA
loc_11137,11137,ESTANCIA LA CORTADERA,13,MENDOZA
loc_11138,11138,ESTANCIA LA VARITA,13,MENDOZA
loc_11139,11139,GASPAR CAMPOS,13,MENDOZA
loc_11140,11140,GENERAL ALVEAR,13,MENDOZA
loc_11141,11141,GOICO,13,MENDOZA
loc_11142,11142,KILOMETRO 56,13,MENDOZA
loc_11143,11143,KILOMETRO 84,13,MENDOZA
loc_11144,11144,KILOMETRO 882,13,MENDOZA
loc_11145,11145,KILOMETRO 884,13,MENDOZA
loc_11146,11146,LA ADELINA,13,MENDOZA
loc_11147,11147,LA CALDENADA,13,MENDOZA
loc_11148,11148,LA CALIFORNIA,13,MENDOZA
loc_11149,11149,LA CORONA,13,MENDOZA
loc_11150,11150,LA ESCANDINAVA,13,MENDOZA
loc_11151,11151,LA LUNINA,13,MENDOZA
loc_11152,11152,LA MARZOLINA,13,MENDOZA
loc_11153,11153,LA MONTILLA,13,MENDOZA
loc_11154,11154,LA MORA,13,MENDOZA
loc_11155,11155,LA POMONA,13,MENDOZA
loc_11157,11157,LA VARITA,13,MENDOZA
loc_11158,11158,LAS COMPUERTAS NEGRAS,13,MENDOZA
loc_11159,11159,LOS AMARILLOS,13,MENDOZA
loc_11160,11160,LOS ANGELES,13,MENDOZA
loc_11161,11161,LOS CAMPAMENTOS,13,MENDOZA
loc_11162,11162,LOS COMPARTOS,13,MENDOZA
loc_11163,11163,MEDANOS COLORADOS,13,MENDOZA
loc_11164,11164,MEDIA LUNA,13,MENDOZA
loc_11165,11165,MOJON OCHO,13,MENDOZA
loc_11166,11166,OCHENTA Y CUATRO,13,MENDOZA
loc_11167,11167,OVEJERIA,13,MENDOZA
loc_11168,11168,PAMPA DEL TIGRE,13,MENDOZA
loc_11169,11169,PASO DE LOS GAUCHOS,13,MENDOZA
loc_11170,11170,POSTA DE HIERRO,13,MENDOZA
loc_11171,11171,POSTE DE FIERRO,13,MENDOZA
loc_11172,11172,PTO LOS AMARILLOS,13,MENDOZA
loc_11173,11173,PUEBLO LUNA,13,MENDOZA
loc_11174,11174,PUESTO DE LA CORONA,13,MENDOZA
loc_11175,11175,PUESTO DEL BUEN PASTOR,13,MENDOZA
loc_11176,11176,PUESTO LA CALDENADA,13,MENDOZA
loc_11178,11178,PUESTO LUNINA,13,MENDOZA
loc_11179,11179,PUESTO VUELTA DEL ZANJON,13,MENDOZA
loc_11180,11180,SAN PEDRO DEL ATUEL,13,MENDOZA
loc_11181,11181,SANTA ELENA,13,MENDOZA
loc_11182,11182,TAMBITO,13,MENDOZA
loc_11183,11183,VILLA COMPARTO,13,MENDOZA
loc_11184,11184,VUELTA DEL ZANJON,13,MENDOZA
loc_11185,11185,ABRA RICA,24,TUCUMÁN
loc_11186,11186,ACOSTILLA,24,TUCUMÁN
loc_11187,11187,AGUA AZUL,24,TUCUMÁN
loc_11188,11188,AGUA BLANCA,24,TUCUMÁN
loc_11189,11189,AGUA DULCE,24,TUCUMÁN
loc_11190,11190,AGUA SALADA,24,TUCUMÁN
loc_11191,11191,AGUADA,24,TUCUMÁN
loc_11192,11192,AHI VEREMOS,24,TUCUMÁN
loc_11193,11193,AMAICHA DEL LLANO,24,TUCUMÁN
loc_11194,11194,ANEGADOS,24,TUCUMÁN
loc_11195,11195,ARAOZ,24,TUCUMÁN
loc_11196,11196,AVESTILLA,24,TUCUMÁN
loc_11198,11198,BAÑADO DEL VALLE,24,TUCUMÁN
loc_11199,11199,BARREALITO,24,TUCUMÁN
loc_11200,11200,BELLA VISTA,24,TUCUMÁN
loc_11201,11201,BILCA POZO,24,TUCUMÁN
loc_11202,11202,BUENA VISTA,24,TUCUMÁN
loc_11203,11203,CACHI HUASI,24,TUCUMÁN
loc_11204,11204,CACHI YACO,24,TUCUMÁN
loc_11205,11205,CAMAS AMONTONADAS,24,TUCUMÁN
loc_11206,11206,CAMPANA,24,TUCUMÁN
loc_11207,11207,CAMPO AZUL,24,TUCUMÁN
loc_11208,11208,CANDELILLAL,24,TUCUMÁN
loc_11211,11211,CEVILARCITO,24,TUCUMÁN
loc_11212,11212,CHAÑAR PAGO,24,TUCUMÁN
loc_11214,11214,CHILCAL,24,TUCUMÁN
loc_11215,11215,COLONIA AGRICOLA,24,TUCUMÁN
loc_11216,11216,COLONIA ARGENTINA,24,TUCUMÁN
loc_11217,11217,COLONIA SOBRECASA,24,TUCUMÁN
loc_11218,11218,CONDOR HUASI,24,TUCUMÁN
loc_11219,11219,CORTADERAL,24,TUCUMÁN
loc_11220,11220,CORTADERAS,24,TUCUMÁN
loc_11221,11221,COSTA ARROYO ESQUINA,24,TUCUMÁN
loc_11222,11222,CUATRO SAUCES,24,TUCUMÁN
loc_11223,11223,EL AGUILAR,24,TUCUMÁN
loc_11224,11224,EL ATACAT,24,TUCUMÁN
loc_11225,11225,EL BAGUAL,24,TUCUMÁN
loc_11226,11226,EL BARRIALITO,24,TUCUMÁN
loc_11227,11227,EL CARMEN,24,TUCUMÁN
loc_11228,11228,EL CASTORAL,24,TUCUMÁN
loc_11229,11229,EL CEIBAL,24,TUCUMÁN
loc_11230,11230,EL CORTADERAL,24,TUCUMÁN
loc_11231,11231,EL DURAZNO,24,TUCUMÁN
loc_11232,11232,EL GUARDAMONTE,24,TUCUMÁN
loc_11233,11233,EL MELON,24,TUCUMÁN
loc_11234,11234,EL MOJON,24,TUCUMÁN
loc_11235,11235,EL MOLLAR,24,TUCUMÁN
loc_11236,11236,EL NARANJO,24,TUCUMÁN
loc_11237,11237,EL PAVON,24,TUCUMÁN
loc_11238,11238,EL QUIMIL,24,TUCUMÁN
loc_11239,11239,EL ROSARIO,24,TUCUMÁN
loc_11240,11240,EL SUNCHO,24,TUCUMÁN
loc_11241,11241,ENTRE RIOS,24,TUCUMÁN
loc_11242,11242,ESCUELA 1,24,TUCUMÁN
loc_11243,11243,ESCUELA 1 JUNTA,24,TUCUMÁN
loc_11244,11244,ESCUELA 102,24,TUCUMÁN
loc_11245,11245,ESCUELA 103,24,TUCUMÁN
loc_11246,11246,ESCUELA 104,24,TUCUMÁN
loc_11247,11247,ESCUELA 105,24,TUCUMÁN
loc_11248,11248,ESCUELA 11,24,TUCUMÁN
loc_11249,11249,ESCUELA 114,24,TUCUMÁN
loc_11250,11250,ESCUELA 122,24,TUCUMÁN
loc_11251,11251,ESCUELA 132,24,TUCUMÁN
loc_11252,11252,ESCUELA 145,24,TUCUMÁN
loc_11253,11253,ESCUELA 146,24,TUCUMÁN
loc_11254,11254,ESCUELA 147,24,TUCUMÁN
loc_11255,11255,ESCUELA 153,24,TUCUMÁN
loc_11256,11256,ESCUELA 156,24,TUCUMÁN
loc_11257,11257,ESCUELA 157,24,TUCUMÁN
loc_11258,11258,ESCUELA 174,24,TUCUMÁN
loc_11259,11259,ESCUELA 175,24,TUCUMÁN
loc_11260,11260,ESCUELA 185,24,TUCUMÁN
loc_11261,11261,ESCUELA 192,24,TUCUMÁN
loc_11262,11262,ESCUELA 194,24,TUCUMÁN
loc_11263,11263,ESCUELA 195,24,TUCUMÁN
loc_11264,11264,ESCUELA 207,24,TUCUMÁN
loc_11265,11265,ESCUELA 209,24,TUCUMÁN
loc_11266,11266,ESCUELA 224,24,TUCUMÁN
loc_11267,11267,ESCUELA 226,24,TUCUMÁN
loc_11268,11268,ESCUELA 227,24,TUCUMÁN
loc_11269,11269,ESCUELA 229,24,TUCUMÁN
loc_11270,11270,ESCUELA 231,24,TUCUMÁN
loc_11271,11271,ESCUELA 232,24,TUCUMÁN
loc_11272,11272,ESCUELA 235,24,TUCUMÁN
loc_11273,11273,ESCUELA 238,24,TUCUMÁN
loc_11274,11274,ESCUELA 25 DE MAYO,24,TUCUMÁN
loc_11275,11275,ESCUELA 27,24,TUCUMÁN
loc_11276,11276,ESCUELA 272,24,TUCUMÁN
loc_11277,11277,ESCUELA 273,24,TUCUMÁN
loc_11278,11278,ESCUELA 293,24,TUCUMÁN
loc_11279,11279,ESCUELA 323,24,TUCUMÁN
loc_11280,11280,ESCUELA 354,24,TUCUMÁN
loc_11281,11281,ESCUELA 364,24,TUCUMÁN
loc_11282,11282,ESCUELA 370,24,TUCUMÁN
loc_11283,11283,ESCUELA 52,24,TUCUMÁN
loc_11284,11284,ESCUELA 77,24,TUCUMÁN
loc_11285,11285,ESCUELA 78,24,TUCUMÁN
loc_11286,11286,ESCUELA 79,24,TUCUMÁN
loc_11287,11287,ESCUELA 80,24,TUCUMÁN
loc_11288,11288,ESCUELA 81,24,TUCUMÁN
loc_11289,11289,ESCUELA 82,24,TUCUMÁN
loc_11290,11290,ESCUELA ALEJANDRO HEREDIA,24,TUCUMÁN
loc_11291,11291,ESCUELA ANGEL PADILLA,24,TUCUMÁN
loc_11292,11292,ESCUELA BATALLA DE TUCUMAN,24,TUCUMÁN
loc_11293,11293,ESCUELA CACIQUE MANAMICO,24,TUCUMÁN
loc_11294,11294,ESCUELA ESTANISLAO ZEBALLOS,24,TUCUMÁN
loc_11295,11295,ESCUELA GOBERNADOR MIGUEL NOGU,24,TUCUMÁN
loc_11296,11296,ESCUELA GRANILLO,24,TUCUMÁN
loc_11297,11297,ESCUELA IGNACIO BAS,24,TUCUMÁN
loc_11298,11298,ESCUELA LA ASUNCION,24,TUCUMÁN
loc_11299,11299,ESCUELA M DE PUEYRREDON,24,TUCUMÁN
loc_11300,11300,ESCUELA P DE MENDOZA,24,TUCUMÁN
loc_11301,11301,ESCUELA PEDRO ECHEVERRY,24,TUCUMÁN
loc_11302,11302,ESCUELA R ROJAS,24,TUCUMÁN
loc_11304,11304,ESQUINA DEL LLANO,24,TUCUMÁN
loc_11305,11305,ESTABLECIMIENTO LAS COLONIAS,24,TUCUMÁN
loc_11306,11306,ESTACION ARAOZ,24,TUCUMÁN
loc_11307,11307,ESTACION DE ZOOTECNIA B,24,TUCUMÁN
loc_11308,11308,ESTANCIA LA PRINCESA,24,TUCUMÁN
loc_11309,11309,FINCA LOS LLANOS,24,TUCUMÁN
loc_11310,11310,FINCA TINTA,24,TUCUMÁN
loc_11311,11311,GOMEZ CHICO,24,TUCUMÁN
loc_11312,11312,INGENIO BELLA VISTA,24,TUCUMÁN
loc_11313,11313,INGENIO LEALES,24,TUCUMÁN
loc_11314,11314,JUAN POSSE,24,TUCUMÁN
loc_11315,11315,JUSCO POZO,24,TUCUMÁN
loc_11316,11316,KILOMETRO 1220,24,TUCUMÁN
loc_11317,11317,KILOMETRO 1231,24,TUCUMÁN
loc_11318,11318,KILOMETRO 1235,24,TUCUMÁN
loc_11319,11319,KILOMETRO 1248,24,TUCUMÁN
loc_11320,11320,KILOMETRO 1256,24,TUCUMÁN
loc_11321,11321,KILOMETRO 1260,24,TUCUMÁN
loc_11322,11322,KILOMETRO 35,24,TUCUMÁN
loc_11323,11323,KILOMETRO 794,24,TUCUMÁN
loc_11325,11325,LA DONOSA,24,TUCUMÁN
loc_11326,11326,LA EMPATADA,24,TUCUMÁN
loc_11327,11327,LA ENCANTADA,24,TUCUMÁN
loc_11328,11328,LA FLORIDA,24,TUCUMÁN
loc_11329,11329,LA FRONTERITA,24,TUCUMÁN
loc_11330,11330,LA ISLA,24,TUCUMÁN
loc_11331,11331,LA PRINCESA,24,TUCUMÁN
loc_11333,11333,LAGUNA BLANCA,24,TUCUMÁN
loc_11334,11334,LAS ACOSTILLAS,24,TUCUMÁN
loc_11335,11335,LAS BARRANCAS,24,TUCUMÁN
loc_11336,11336,LAS CAÑADAS,24,TUCUMÁN
loc_11337,11337,LAS CELAYAS,24,TUCUMÁN
loc_11338,11338,LAS COLONIAS,24,TUCUMÁN
loc_11339,11339,LAS CUATRO ESQUINAS,24,TUCUMÁN
loc_11340,11340,LAS ENCRUCIJADAS,24,TUCUMÁN
loc_11341,11341,LAS JUNTAS,24,TUCUMÁN
loc_11343,11343,LAS PALMITAS,24,TUCUMÁN
loc_11344,11344,LAS PIRVAS,24,TUCUMÁN
loc_11345,11345,LAS TALAS,24,TUCUMÁN
loc_11346,11346,LAS ZORRAS,24,TUCUMÁN
loc_11347,11347,LEALES,24,TUCUMÁN
loc_11348,11348,LOMA VERDE,24,TUCUMÁN
loc_11349,11349,LOS AGUDOS,24,TUCUMÁN
loc_11350,11350,LOS BRITOS,24,TUCUMÁN
loc_11351,11351,LOS CAMPEROS,24,TUCUMÁN
loc_11352,11352,LOS CHAÑARITOS,24,TUCUMÁN
loc_11353,11353,LOS CRESPO,24,TUCUMÁN
loc_11354,11354,LOS DECIMA,24,TUCUMÁN
loc_11356,11356,LOS GOMEZ,24,TUCUMÁN
loc_11357,11357,LOS GRAMAJO,24,TUCUMÁN
loc_11358,11358,LOS HERRERAS,24,TUCUMÁN
loc_11359,11359,LOS JUAREZ,24,TUCUMÁN
loc_11360,11360,LOS POCITOS,24,TUCUMÁN
loc_11361,11361,LOS PUESTOS,24,TUCUMÁN
loc_11362,11362,LOS QUEMADOS,24,TUCUMÁN
loc_11363,11363,LOS ROMANOS,24,TUCUMÁN
loc_11364,11364,LOS SUELDOS,24,TUCUMÁN
loc_11365,11365,LOS VALDES,24,TUCUMÁN
loc_11366,11366,LOS VILLAGRA,24,TUCUMÁN
loc_11367,11367,LOS VILLEGAS,24,TUCUMÁN
loc_11368,11368,LOS ZELAYAS,24,TUCUMÁN
loc_11369,11369,LUNAREJOS,24,TUCUMÁN
loc_11370,11370,MANCOPA,24,TUCUMÁN
loc_11371,11371,MANCOPA CHICO,24,TUCUMÁN
loc_11372,11372,MANUEL GARCIA FERNANDEZ,24,TUCUMÁN
loc_11373,11373,MARIA ELENA,24,TUCUMÁN
loc_11374,11374,MASCIO SUR,24,TUCUMÁN
loc_11375,11375,MIGUEL LILLO,24,TUCUMÁN
loc_11376,11376,MIXTA,24,TUCUMÁN
loc_11377,11377,MOLLE POZO,24,TUCUMÁN
loc_11378,11378,MONTE BELLO,24,TUCUMÁN
loc_11379,11379,MOYAR,24,TUCUMÁN
loc_11380,11380,MUJER MUERTA,24,TUCUMÁN
loc_11381,11381,NOARIO,24,TUCUMÁN
loc_11382,11382,NUEVA ESPAÑA,24,TUCUMÁN
loc_11383,11383,ORAN,24,TUCUMÁN
loc_11384,11384,PAJA BLANCA,24,TUCUMÁN
loc_11385,11385,PALA PALA,24,TUCUMÁN
loc_11386,11386,PALMITAS,24,TUCUMÁN
loc_11387,11387,PAMPA MAYO NOROESTE,24,TUCUMÁN
loc_11388,11388,PIRHUAS,24,TUCUMÁN
loc_11389,11389,PLANTA DE BOMBEO DE YPF,24,TUCUMÁN
loc_11390,11390,PORVENIR,24,TUCUMÁN
loc_11391,11391,POSSE DESVIO PARTICULAR FCGM,24,TUCUMÁN
loc_11392,11392,POZO DEL ALTO,24,TUCUMÁN
loc_11393,11393,PUENTE EL MANANTIAL,24,TUCUMÁN
loc_11394,11394,PUESTO CHICO,24,TUCUMÁN
loc_11395,11395,PUMA POZO,24,TUCUMÁN
loc_11396,11396,PUNTA DE RIELES,24,TUCUMÁN
loc_11397,11397,PUNTA RIELES,24,TUCUMÁN
loc_11398,11398,QUILMES,24,TUCUMÁN
loc_11399,11399,RIO COLORADO,24,TUCUMÁN
loc_11400,11400,ROMA,24,TUCUMÁN
loc_11401,11401,ROMERA POZO,24,TUCUMÁN
loc_11402,11402,ROSARIO OESTE,24,TUCUMÁN
loc_11403,11403,RUTA NACIONAL 157,24,TUCUMÁN
loc_11404,11404,RUTA NACIONAL 9,24,TUCUMÁN
loc_11405,11405,RUTA PROVINCIAL 302,24,TUCUMÁN
loc_11406,11406,RUTA PROVINCIAL 306,24,TUCUMÁN
loc_11407,11407,RUTA PROVINCIAL 320,24,TUCUMÁN
loc_11408,11408,RUTA PROVINCIAL 323,24,TUCUMÁN
loc_11409,11409,RUTA PROVINCIAL 366,24,TUCUMÁN
loc_11410,11410,RUTA PROVINCIAL 374,24,TUCUMÁN
loc_11411,11411,RUTA PROVINCIAL 375,24,TUCUMÁN
loc_11414,11414,SAN JOSE DE LEALES,24,TUCUMÁN
loc_11415,11415,SAN NICOLAS,24,TUCUMÁN
loc_11416,11416,SAN RAMON,24,TUCUMÁN
loc_11417,11417,SANDIS,24,TUCUMÁN
loc_11418,11418,SANTA FELISA,24,TUCUMÁN
loc_11419,11419,SANTA ROSA DE LEALES,24,TUCUMÁN
loc_11421,11421,SOLEDAD,24,TUCUMÁN
loc_11422,11422,SUELDOS,24,TUCUMÁN
loc_11423,11423,SUPERINTENDENTE LEDESMA,24,TUCUMÁN
loc_11424,11424,TACANAS,24,TUCUMÁN
loc_11425,11425,TALILAR,24,TUCUMÁN
loc_11427,11427,TUSCA POZO,24,TUCUMÁN
loc_11428,11428,TUSQUITAS,24,TUCUMÁN
loc_11429,11429,VICLOS,24,TUCUMÁN
loc_11430,11430,VIELOS,24,TUCUMÁN
loc_11431,11431,VILCA POZO,24,TUCUMÁN
loc_11432,11432,VILLA DE LEALES,24,TUCUMÁN
loc_11433,11433,VILLA FIAD,24,TUCUMÁN
loc_11434,11434,VIZCACHERA,24,TUCUMÁN
loc_11435,11435,YACUCHIRI,24,TUCUMÁN
loc_11436,11436,YALAPA,24,TUCUMÁN
loc_11437,11437,YANGALLO,24,TUCUMÁN
loc_11438,11438,YATAPAYANA,24,TUCUMÁN
loc_11439,11439,AGUA DULCE,24,TUCUMÁN
loc_11440,11440,AGUADITA,24,TUCUMÁN
loc_11441,11441,ALABAMA,24,TUCUMÁN
loc_11442,11442,ALABAMA NUEVA,24,TUCUMÁN
loc_11443,11443,ALDERETES,24,TUCUMÁN
loc_11444,11444,ALTO LAS LECHUZAS,24,TUCUMÁN
loc_11445,11445,ALTO NUESTRA SEÑORA DEL VALLE,24,TUCUMÁN
loc_11446,11446,ANDRES FERREYRA,24,TUCUMÁN
loc_11447,11447,ARBOL SOLO,24,TUCUMÁN
loc_11448,11448,BAJO GRANDE,24,TUCUMÁN
loc_11449,11449,BANDA DEL RIO SALI,24,TUCUMÁN
loc_11450,11450,BARRIO BELGRANO,24,TUCUMÁN
loc_11451,11451,BELLO HORIZONTE,24,TUCUMÁN
loc_11452,11452,BLANCO POZO,24,TUCUMÁN
loc_11453,11453,BOCA DEL TIGRE,24,TUCUMÁN
loc_11454,11454,BRACHO VIEJO,24,TUCUMÁN
loc_11455,11455,BUSTAMANTE,24,TUCUMÁN
loc_11456,11456,CAMPO LA FLOR,24,TUCUMÁN
loc_11457,11457,CAMPO LA FLOR LOS RALOS,24,TUCUMÁN
loc_11458,11458,CAÑETE,24,TUCUMÁN
loc_11459,11459,CARBON POZO,24,TUCUMÁN
loc_11460,11460,CAROLINAS BAJAS,24,TUCUMÁN
loc_11461,11461,CASA ROSADA,24,TUCUMÁN
loc_11462,11462,CEJAS DE BEÑACHILLOS,24,TUCUMÁN
loc_11463,11463,CERCO CUATRO,24,TUCUMÁN
loc_11464,11464,CEVIL POZO,24,TUCUMÁN
loc_11466,11466,COHIGAC,24,TUCUMÁN
loc_11467,11467,COLMENA LOLITA,24,TUCUMÁN
loc_11468,11468,COLOMBRES,24,TUCUMÁN
loc_11469,11469,COLONIA 4,24,TUCUMÁN
loc_11470,11470,COLONIA 4 DE COLOMBRES,24,TUCUMÁN
loc_11471,11471,COLONIA EL PUESTO,24,TUCUMÁN
loc_11472,11472,COLONIA EL TARCO,24,TUCUMÁN
loc_11473,11473,COLONIA LA BONARIA,24,TUCUMÁN
loc_11474,11474,COLONIA LA ORTIZ,24,TUCUMÁN
loc_11475,11475,COLONIA LA ROCA,24,TUCUMÁN
loc_11476,11476,COLONIA LOLITA NORTE,24,TUCUMÁN
loc_11477,11477,COLONIA MERCEDES,24,TUCUMÁN
loc_11478,11478,COLONIA MISTOL,24,TUCUMÁN
loc_11479,11479,COLONIA MONTEROS,24,TUCUMÁN
loc_11480,11480,COLONIA SAN LUIS,24,TUCUMÁN
loc_11481,11481,COLONIA SAN MIGUEL,24,TUCUMÁN
loc_11482,11482,COLONIA SANTA RITA,24,TUCUMÁN
loc_11483,11483,CRUZ ALTA,24,TUCUMÁN
loc_11484,11484,CRUZ DEL NORTE ESTACION FCGM,24,TUCUMÁN
loc_11485,11485,DELFIN GALLO,24,TUCUMÁN
loc_11486,11486,EL BRACHO,24,TUCUMÁN
loc_11487,11487,EL CARBON,24,TUCUMÁN
loc_11488,11488,EL CARDENAL,24,TUCUMÁN
loc_11489,11489,EL CARMEN PUENTE ALTO,24,TUCUMÁN
loc_11490,11490,EL CEVILAR,24,TUCUMÁN
loc_11491,11491,EL CEVILAR COLOMBRES,24,TUCUMÁN
loc_11492,11492,EL COCHUCHAL,24,TUCUMÁN
loc_11493,11493,EL CORTE,24,TUCUMÁN
loc_11494,11494,EL CRUCE,24,TUCUMÁN
loc_11495,11495,EL CUADRO,24,TUCUMÁN
loc_11496,11496,EL NARANJITO,24,TUCUMÁN
loc_11497,11497,EL PAJAL,24,TUCUMÁN
loc_11498,11498,EL PALOMAR,24,TUCUMÁN
loc_11499,11499,EL PARAISO,24,TUCUMÁN
loc_11500,11500,EL PRADO,24,TUCUMÁN
loc_11501,11501,EL PUERTO,24,TUCUMÁN
loc_11502,11502,EL PUESTO,24,TUCUMÁN
loc_11503,11503,EL RINCON,24,TUCUMÁN
loc_11504,11504,EL TALAR,24,TUCUMÁN
loc_11505,11505,EMPALME AGUA DULCE,24,TUCUMÁN
loc_11506,11506,ESCUELA 106,24,TUCUMÁN
loc_11507,11507,ESCUELA 108,24,TUCUMÁN
loc_11508,11508,ESCUELA 109,24,TUCUMÁN
loc_11509,11509,ESCUELA 110,24,TUCUMÁN
loc_11510,11510,ESCUELA 111,24,TUCUMÁN
loc_11511,11511,ESCUELA 12 DE OCTUBRE,24,TUCUMÁN
loc_11512,11512,ESCUELA 141,24,TUCUMÁN
loc_11513,11513,ESCUELA 142,24,TUCUMÁN
loc_11514,11514,ESCUELA 220,24,TUCUMÁN
loc_11515,11515,ESCUELA 225,24,TUCUMÁN
loc_11516,11516,ESCUELA 228,24,TUCUMÁN
loc_11517,11517,ESCUELA 270,24,TUCUMÁN
loc_11518,11518,ESCUELA 277,24,TUCUMÁN
loc_11519,11519,ESCUELA 283,24,TUCUMÁN
loc_11520,11520,ESCUELA 284,24,TUCUMÁN
loc_11521,11521,ESCUELA 291,24,TUCUMÁN
loc_11522,11522,ESCUELA 3,24,TUCUMÁN
loc_11523,11523,ESCUELA 308,24,TUCUMÁN
loc_11524,11524,ESCUELA 312,24,TUCUMÁN
loc_11525,11525,ESCUELA 327,24,TUCUMÁN
loc_11526,11526,ESCUELA 329,24,TUCUMÁN
loc_11527,11527,ESCUELA 330,24,TUCUMÁN
loc_11528,11528,ESCUELA 334,24,TUCUMÁN
loc_11529,11529,ESCUELA 335,24,TUCUMÁN
loc_11530,11530,ESCUELA 56,24,TUCUMÁN
loc_11531,11531,ESCUELA 76,24,TUCUMÁN
loc_11532,11532,ESCUELA 86,24,TUCUMÁN
loc_11533,11533,ESCUELA 9,24,TUCUMÁN
loc_11534,11534,ESCUELA ALMAFUERTE,24,TUCUMÁN
loc_11535,11535,ESCUELA ARENALES,24,TUCUMÁN
loc_11536,11536,ESCUELA BLAS PARERA,24,TUCUMÁN
loc_11537,11537,ESCUELA CORONEL ROCA,24,TUCUMÁN
loc_11538,11538,ESCUELA E DE LUCAS,24,TUCUMÁN
loc_11539,11539,ESCUELA G DE VEGA,24,TUCUMÁN
loc_11540,11540,ESCUELA GUIDO SPANO,24,TUCUMÁN
loc_11541,11541,ESCUELA INGENIERO BASCARY,24,TUCUMÁN
loc_11542,11542,ESCUELA JOSE COLOMBRES,24,TUCUMÁN
loc_11543,11543,ESCUELA JOSE POSSE,24,TUCUMÁN
loc_11544,11544,ESCUELA JUANA MANSO,24,TUCUMÁN
loc_11545,11545,ESCUELA N VERGARA,24,TUCUMÁN
loc_11546,11546,ESCUELA R J FREYRE,24,TUCUMÁN
loc_11547,11547,ESCUELA SANTIAGO GALLO,24,TUCUMÁN
loc_11548,11548,ESCUELA SARGENTO CABRAL,24,TUCUMÁN
loc_11549,11549,ESCUELA W POSSE,24,TUCUMÁN
loc_11550,11550,FAVORINA,24,TUCUMÁN
loc_11551,11551,FINCA EL CEIBO,24,TUCUMÁN
loc_11552,11552,FINCA ELISA,24,TUCUMÁN
loc_11553,11553,FINCA LEILA,24,TUCUMÁN
loc_11554,11554,FINCA LOPEZ,24,TUCUMÁN
loc_11555,11555,FINCA MAYO,24,TUCUMÁN
loc_11556,11556,FINCA SAN LUIS,24,TUCUMÁN
loc_11557,11557,GUANACO MUERTO,24,TUCUMÁN
loc_11558,11558,GUZMAN ESTACION FCGB,24,TUCUMÁN
loc_11559,11559,INGENIO CONCEPCION,24,TUCUMÁN
loc_11560,11560,INGENIO CRUZ ALTA,24,TUCUMÁN
loc_11561,11561,INGENIO ESPERANZA,24,TUCUMÁN
loc_11562,11562,INGENIO LA FLORIDA,24,TUCUMÁN
loc_11563,11563,INGENIO LOS RALOS,24,TUCUMÁN
loc_11564,11564,INGENIO SAN JUAN,24,TUCUMÁN
loc_11565,11565,KILOMETRO 1270,24,TUCUMÁN
loc_11566,11566,KILOMETRO 34,24,TUCUMÁN
loc_11567,11567,KILOMETRO 771,24,TUCUMÁN
loc_11568,11568,KILOMETRO 781,24,TUCUMÁN
loc_11569,11569,KILOMETRO 784,24,TUCUMÁN
loc_11570,11570,KILOMETRO 794,24,TUCUMÁN
loc_11571,11571,LA CANTINA,24,TUCUMÁN
loc_11572,11572,LA CORNELIA,24,TUCUMÁN
loc_11573,11573,LA ERCILIA,24,TUCUMÁN
loc_11574,11574,LA FAVORITA,24,TUCUMÁN
loc_11575,11575,LA FLOR,24,TUCUMÁN
loc_11576,11576,LA FLORIDA,24,TUCUMÁN
loc_11577,11577,LA GUILLERMINA,24,TUCUMÁN
loc_11578,11578,LA LIBERTAD,24,TUCUMÁN
loc_11580,11580,LA MEDIA AGUA,24,TUCUMÁN
loc_11582,11582,LAPACHITOS,24,TUCUMÁN
loc_11583,11583,LAS CEJAS,24,TUCUMÁN
loc_11584,11584,LAS MERCEDES,24,TUCUMÁN
loc_11585,11585,LAS PALOMITAS,24,TUCUMÁN
loc_11586,11586,LAS PIEDRITAS,24,TUCUMÁN
loc_11587,11587,LASTENIA,24,TUCUMÁN
loc_11588,11588,LOLITA,24,TUCUMÁN
loc_11589,11589,LOLITA NUEVA,24,TUCUMÁN
loc_11590,11590,LOPEZ DOMINGUEZ,24,TUCUMÁN
loc_11591,11591,LOS BULACIO,24,TUCUMÁN
loc_11592,11592,LOS GODOS,24,TUCUMÁN
loc_11593,11593,LOS GODOY,24,TUCUMÁN
loc_11594,11594,LOS GUTIERREZ,24,TUCUMÁN
loc_11595,11595,LOS HARDOY,24,TUCUMÁN
loc_11596,11596,LOS PEREYRA,24,TUCUMÁN
loc_11597,11597,LOS PEREZ,24,TUCUMÁN
loc_11598,11598,LOS PORCELES,24,TUCUMÁN
loc_11599,11599,LOS RALOS,24,TUCUMÁN
loc_11600,11600,LOS VALLISTOS,24,TUCUMÁN
loc_11601,11601,LOS VILLAGRA,24,TUCUMÁN
loc_11602,11602,LUIS PASTEUR,24,TUCUMÁN
loc_11603,11603,LUISIANA ESTACION FCGM,24,TUCUMÁN
loc_11604,11604,LUJAN,24,TUCUMÁN
loc_11605,11605,MARTA,24,TUCUMÁN
loc_11606,11606,MAYO,24,TUCUMÁN
loc_11607,11607,MONTE LARGO,24,TUCUMÁN
loc_11608,11608,MOYA,24,TUCUMÁN
loc_11609,11609,NARANJITO,24,TUCUMÁN
loc_11610,11610,NUEVO PUEBLO LA FLORIDA,24,TUCUMÁN
loc_11611,11611,OVERO POZO,24,TUCUMÁN
loc_11612,11612,P G MENDEZ,24,TUCUMÁN
loc_11613,11613,PACARA,24,TUCUMÁN
loc_11614,11614,PACARA PINTADO,24,TUCUMÁN
loc_11615,11615,PALMAS REDONDAS,24,TUCUMÁN
loc_11616,11616,PEREYRA NORTE,24,TUCUMÁN
loc_11617,11617,PEREYRA SUR,24,TUCUMÁN
loc_11618,11618,POLITO,24,TUCUMÁN
loc_11619,11619,POTRERO DE LOS ALAMOS,24,TUCUMÁN
loc_11620,11620,POZO ALTO,24,TUCUMÁN
loc_11621,11621,POZO DEL ALTO,24,TUCUMÁN
loc_11622,11622,POZO LAPACHO,24,TUCUMÁN
loc_11623,11623,PUENTE RIO SALI,24,TUCUMÁN
loc_11624,11624,QUINTEROS 1,24,TUCUMÁN
loc_11625,11625,QUINTEROS 2,24,TUCUMÁN
loc_11626,11626,RAFAELA POZO,24,TUCUMÁN
loc_11627,11627,RANCHILLOS,24,TUCUMÁN
loc_11628,11628,RANCHILLOS VIEJOS,24,TUCUMÁN
loc_11629,11629,RETIRO,24,TUCUMÁN
loc_11630,11630,RUTA NACIONAL 9,24,TUCUMÁN
loc_11631,11631,RUTA PROVINCIAL 302,24,TUCUMÁN
loc_11632,11632,RUTA PROVINCIAL 303,24,TUCUMÁN
loc_11633,11633,RUTA PROVINCIAL 304,24,TUCUMÁN
loc_11634,11634,RUTA PROVINCIAL 306,24,TUCUMÁN
loc_11635,11635,RUTA PROVINCIAL 319,24,TUCUMÁN
loc_11636,11636,RUTA PROVINCIAL 335,24,TUCUMÁN
loc_11637,11637,SAN AGUSTIN,24,TUCUMÁN
loc_11639,11639,SAN ANTONIO,24,TUCUMÁN
loc_11641,11641,SAN MIGUEL,24,TUCUMÁN
loc_11642,11642,SAN MIGUELITO,24,TUCUMÁN
loc_11643,11643,SAN PEDRO,24,TUCUMÁN
loc_11644,11644,SAN PEREYRA,24,TUCUMÁN
loc_11645,11645,SAN VICENTE,24,TUCUMÁN
loc_11646,11646,SANTA LUISA,24,TUCUMÁN
loc_11647,11647,SANTA RITA,24,TUCUMÁN
loc_11648,11648,SANTILLAN,24,TUCUMÁN
loc_11649,11649,SINQUIAL,24,TUCUMÁN
loc_11650,11650,TAMBOR DE TACUARI,24,TUCUMÁN
loc_11651,11651,VA RECASTE,24,TUCUMÁN
loc_11652,11652,VILLA TERCERA,24,TUCUMÁN
loc_11653,11653,ALTO EL PUESTO,24,TUCUMÁN
loc_11654,11654,BAJASTINE,24,TUCUMÁN
loc_11655,11655,BATIRUANA,24,TUCUMÁN
loc_11656,11656,BOCA DE LA QUEBRADA,24,TUCUMÁN
loc_11657,11657,DOMINGO MILLAN,24,TUCUMÁN
loc_11658,11658,EL BAJO,24,TUCUMÁN
loc_11659,11659,EL COLCOLAR,24,TUCUMÁN
loc_11660,11660,EL CORRALITO,24,TUCUMÁN
loc_11661,11661,EL DURAZNITO,24,TUCUMÁN
loc_11662,11662,EL HUAICO,24,TUCUMÁN
loc_11663,11663,EL JARDIN,24,TUCUMÁN
loc_11664,11664,EL NOGAL,24,TUCUMÁN
loc_11665,11665,EL PILA,24,TUCUMÁN
loc_11666,11666,EL PORVENIR,24,TUCUMÁN
loc_11667,11667,EL RINCON,24,TUCUMÁN
loc_11668,11668,EL SUNCHO,24,TUCUMÁN
loc_11669,11669,ESCUELA 125,24,TUCUMÁN
loc_11670,11670,ESCUELA 159,24,TUCUMÁN
loc_11671,11671,ESCUELA 188,24,TUCUMÁN
loc_11672,11672,ESCUELA 24,24,TUCUMÁN
loc_11673,11673,ESCUELA 244,24,TUCUMÁN
loc_11674,11674,ESCUELA 25,24,TUCUMÁN
loc_11675,11675,ESCUELA 282,24,TUCUMÁN
loc_11676,11676,ESCUELA 294,24,TUCUMÁN
loc_11677,11677,ESCUELA 355,24,TUCUMÁN
loc_11678,11678,ESCUELA 363,24,TUCUMÁN
loc_11679,11679,ESCUELA 73,24,TUCUMÁN
loc_11680,11680,ESCUELA 89,24,TUCUMÁN
loc_11681,11681,ESCUELA JOAQUIN V GONZALEZ,24,TUCUMÁN
loc_11682,11682,ESCUELA MARIO BRAVO,24,TUCUMÁN
loc_11683,11683,ESCUELA OLEGARIO ANDRADE,24,TUCUMÁN
loc_11684,11684,ESCUELA PEDRO MEDRANO,24,TUCUMÁN
loc_11685,11685,HUACRA,24,TUCUMÁN
loc_11686,11686,HUASA PAMPA NORTE,24,TUCUMÁN
loc_11687,11687,HUASA PAMPA SUR,24,TUCUMÁN
loc_11688,11688,KILOMETRO 10 FCGB,24,TUCUMÁN
loc_11689,11689,KILOMETRO 1402,24,TUCUMÁN
loc_11690,11690,KILOMETRO 1412,24,TUCUMÁN
loc_11691,11691,KILOMETRO 1438,24,TUCUMÁN
loc_11693,11693,KILOMETRO 29,24,TUCUMÁN
loc_11694,11694,LA CAÑADA,24,TUCUMÁN
loc_11695,11695,LA COCHA,24,TUCUMÁN
loc_11696,11696,LA HUERTA,24,TUCUMÁN
loc_11697,11697,LA INVERNADA,24,TUCUMÁN
loc_11698,11698,LA LAGUNITA,24,TUCUMÁN
loc_11699,11699,LA POSTA,24,TUCUMÁN
loc_11700,11700,LAS ABRAS,24,TUCUMÁN
loc_11701,11701,LAS CEJAS,24,TUCUMÁN
loc_11702,11702,LOA DIAZ,24,TUCUMÁN
loc_11703,11703,LOS BAJOS,24,TUCUMÁN
loc_11704,11704,LOS MOLLES,24,TUCUMÁN
loc_11705,11705,LOS PIZARRO,24,TUCUMÁN
loc_11707,11707,MONTE GRANDE,24,TUCUMÁN
loc_11708,11708,MONTE REDONDO,24,TUCUMÁN
loc_11709,11709,PONZACON,24,TUCUMÁN
loc_11710,11710,POTRERILLOS,24,TUCUMÁN
loc_11713,11713,PUESTO LOS ROBLES,24,TUCUMÁN
loc_11714,11714,PUESTO NUEVO,24,TUCUMÁN
loc_11715,11715,QUEBRACHITO,24,TUCUMÁN
loc_11716,11716,RUMI PUNCO,24,TUCUMÁN
loc_11717,11717,RUTA NACIONAL 38,24,TUCUMÁN
loc_11718,11718,RUTA NACIONAL 64,24,TUCUMÁN
loc_11719,11719,RUTA PROVINCIAL 334,24,TUCUMÁN
loc_11720,11720,SACRIFICIO,24,TUCUMÁN
loc_11722,11722,SAN IGNACIO,24,TUCUMÁN
loc_11723,11723,SAN JOSE DE LA COCHA,24,TUCUMÁN
loc_11724,11724,SAN LUIS DE LAS CASAS VIEJAS,24,TUCUMÁN
loc_11726,11726,SAUCE YACU,24,TUCUMÁN
loc_11728,11728,TALITA POZO,24,TUCUMÁN
loc_11729,11729,TATA YACU,24,TUCUMÁN
loc_11730,11730,YANIMA,24,TUCUMÁN
loc_11731,11731,CAMPO BELLO,24,TUCUMÁN
loc_11732,11732,CAMPO DE TALAMAYO,24,TUCUMÁN
loc_11733,11733,DIQUE ESCABA,24,TUCUMÁN
loc_11734,11734,DONATO ALVAREZ,24,TUCUMÁN
loc_11735,11735,EL BATIRUANO,24,TUCUMÁN
loc_11736,11736,EL CHURQUI,24,TUCUMÁN
loc_11737,11737,EL DIVISADERO,24,TUCUMÁN
loc_11738,11738,EL LAMEDERO,24,TUCUMÁN
loc_11739,11739,ESCABA,24,TUCUMÁN
loc_11740,11740,ESCABA DE ABAJO,24,TUCUMÁN
loc_11741,11741,ESCABA DE ARRIBA,24,TUCUMÁN
loc_11742,11742,ESCUELA 138,24,TUCUMÁN
loc_11743,11743,ESCUELA 190,24,TUCUMÁN
loc_11744,11744,ESCUELA 26,24,TUCUMÁN
loc_11745,11745,ESCUELA 263,24,TUCUMÁN
loc_11746,11746,ESCUELA 267,24,TUCUMÁN
loc_11747,11747,ESCUELA 307,24,TUCUMÁN
loc_11748,11748,ESCUELA 318,24,TUCUMÁN
loc_11749,11749,ESCUELA 328,24,TUCUMÁN
loc_11750,11750,ESCUELA 352,24,TUCUMÁN
loc_11751,11751,ESCUELA 376,24,TUCUMÁN
loc_11752,11752,ESCUELA 69,24,TUCUMÁN
loc_11753,11753,ESCUELA V GENERALA,24,TUCUMÁN
loc_11754,11754,FUERTE ALTO,24,TUCUMÁN
loc_11755,11755,JUAN BAUTISTA ALBERDI,24,TUCUMÁN
loc_11756,11756,KILOMETRO 36,24,TUCUMÁN
loc_11757,11757,KILOMETRO 46,24,TUCUMÁN
loc_11759,11759,LA PUERTA DE MARAPA,24,TUCUMÁN
loc_11760,11760,LAS HIGUERILLAS,24,TUCUMÁN
loc_11761,11761,LAS TABLITAS,24,TUCUMÁN
loc_11762,11762,LOS ALAMITOS,24,TUCUMÁN
loc_11763,11763,LOS ARROYO,24,TUCUMÁN
loc_11764,11764,LOS GUAYACANES,24,TUCUMÁN
loc_11765,11765,MARAPA,24,TUCUMÁN
loc_11766,11766,NARANJO ESQUINA,24,TUCUMÁN
loc_11767,11767,RUTA NACIONAL 38,24,TUCUMÁN
loc_11768,11768,RUTA PROVINCIAL 308,24,TUCUMÁN
loc_11769,11769,SAN BERNARDO B,24,TUCUMÁN
loc_11770,11770,TALAMUYO,24,TUCUMÁN
loc_11771,11771,UCUCHACRA,24,TUCUMÁN
loc_11772,11772,VILLA ALBERDI ESTACION,24,TUCUMÁN
loc_11773,11773,VILLA BELGRANO,24,TUCUMÁN
loc_11774,11774,YAQUILO,24,TUCUMÁN
loc_11775,11775,25 DE MAYO,24,TUCUMÁN
loc_11776,11776,9 DE JULIO,24,TUCUMÁN
loc_11777,11777,ALONGO,24,TUCUMÁN
loc_11778,11778,ALTO DEL PUESTO,24,TUCUMÁN
loc_11779,11779,ALTO VERDE,24,TUCUMÁN
loc_11780,11780,AMIMPA,24,TUCUMÁN
loc_11781,11781,AMUNPA,24,TUCUMÁN
loc_11782,11782,ANIMAS,24,TUCUMÁN
loc_11783,11783,ARBOLES GRANDES,24,TUCUMÁN
loc_11784,11784,ARBOLES VERDES,24,TUCUMÁN
loc_11785,11785,BARRANCAS,24,TUCUMÁN
loc_11786,11786,BARRANQUERAS,24,TUCUMÁN
loc_11787,11787,BARROSA,24,TUCUMÁN
loc_11788,11788,BELTRAN,24,TUCUMÁN
loc_11789,11789,CAJAS VIEJAS,24,TUCUMÁN
loc_11790,11790,CAMPO ALEGRE,24,TUCUMÁN
loc_11791,11791,CAMPO GRANDE,24,TUCUMÁN
loc_11792,11792,CAMPO LA CRUZ,24,TUCUMÁN
loc_11794,11794,CASA SANTA,24,TUCUMÁN
loc_11795,11795,CASA VIEJA,24,TUCUMÁN
loc_11796,11796,CHALCHACITO,24,TUCUMÁN
loc_11797,11797,CHAÑAR,24,TUCUMÁN
loc_11798,11798,CHAÑARITOS,24,TUCUMÁN
loc_11799,11799,CHILCA,24,TUCUMÁN
loc_11800,11800,COCO,24,TUCUMÁN
loc_11801,11801,CONSIMO,24,TUCUMÁN
loc_11802,11802,DOS POZOS,24,TUCUMÁN
loc_11803,11803,DURAZNO,24,TUCUMÁN
loc_11805,11805,EL BARRANQUERO,24,TUCUMÁN
loc_11806,11806,EL CAMPO,24,TUCUMÁN
loc_11807,11807,EL ESPINAL,24,TUCUMÁN
loc_11808,11808,EL MISTOL,24,TUCUMÁN
loc_11809,11809,EL MOJON,24,TUCUMÁN
loc_11810,11810,EL NIAL,24,TUCUMÁN
loc_11811,11811,EL PALANCHO,24,TUCUMÁN
loc_11812,11812,EL PARAISO,24,TUCUMÁN
loc_11813,11813,EL PUESTITO,24,TUCUMÁN
loc_11814,11814,EL QUEBRACHITO,24,TUCUMÁN
loc_11815,11815,EL RODEO,24,TUCUMÁN
loc_11816,11816,EL SAUZAL,24,TUCUMÁN
loc_11817,11817,EL SESTEADERO,24,TUCUMÁN
loc_11818,11818,EL TOSTADO,24,TUCUMÁN
loc_11819,11819,EL VALLECITO,24,TUCUMÁN
loc_11820,11820,EMBALSE RIO HONDO,24,TUCUMÁN
loc_11821,11821,ENCRUCIJADA,24,TUCUMÁN
loc_11822,11822,ESCOBAS,24,TUCUMÁN
loc_11823,11823,ESCUELA 123,24,TUCUMÁN
loc_11824,11824,ESCUELA 151,24,TUCUMÁN
loc_11825,11825,ESCUELA 158,24,TUCUMÁN
loc_11826,11826,ESCUELA 172,24,TUCUMÁN
loc_11827,11827,ESCUELA 178,24,TUCUMÁN
loc_11828,11828,ESCUELA 179,24,TUCUMÁN
loc_11829,11829,ESCUELA 180,24,TUCUMÁN
loc_11830,11830,ESCUELA 182,24,TUCUMÁN
loc_11831,11831,ESCUELA 184,24,TUCUMÁN
loc_11832,11832,ESCUELA 187,24,TUCUMÁN
loc_11833,11833,ESCUELA 189,24,TUCUMÁN
loc_11834,11834,ESCUELA 191,24,TUCUMÁN
loc_11835,11835,ESCUELA 245,24,TUCUMÁN
loc_11836,11836,ESCUELA 302,24,TUCUMÁN
loc_11837,11837,ESCUELA 303,24,TUCUMÁN
loc_11838,11838,ESCUELA 306,24,TUCUMÁN
loc_11839,11839,ESCUELA 316,24,TUCUMÁN
loc_11840,11840,ESCUELA 343,24,TUCUMÁN
loc_11841,11841,ESCUELA 346,24,TUCUMÁN
loc_11842,11842,ESCUELA 72,24,TUCUMÁN
loc_11843,11843,ESCUELA 74,24,TUCUMÁN
loc_11844,11844,ESCUELA 75,24,TUCUMÁN
loc_11845,11845,ESCUELA 90,24,TUCUMÁN
loc_11846,11846,ESCUELA 92,24,TUCUMÁN
loc_11847,11847,ESCUELA 96,24,TUCUMÁN
loc_11848,11848,ESCUELA CAP DIEGO FCO PEREYRA,24,TUCUMÁN
loc_11849,11849,ESCUELA CRISTOBAL COLON,24,TUCUMÁN
loc_11851,11851,GRANEROS,24,TUCUMÁN
loc_11852,11852,IGUANA,24,TUCUMÁN
loc_11853,11853,KILOMETRO 12,24,TUCUMÁN
loc_11854,11854,KILOMETRO 19,24,TUCUMÁN
loc_11855,11855,KM 12,24,TUCUMÁN
loc_11856,11856,LA BRAMA,24,TUCUMÁN
loc_11857,11857,LA CAÑADA,24,TUCUMÁN
loc_11858,11858,LA CHILCA,24,TUCUMÁN
loc_11859,11859,LA CONCEPCION,24,TUCUMÁN
loc_11860,11860,LA COSTA PALAMPA,24,TUCUMÁN
loc_11862,11862,LA ESTRELLA,24,TUCUMÁN
loc_11864,11864,LA GRAMA,24,TUCUMÁN
loc_11865,11865,LA IGUANA,24,TUCUMÁN
loc_11866,11866,LA LAGUNILLA,24,TUCUMÁN
loc_11867,11867,LA LOMA,24,TUCUMÁN
loc_11868,11868,LA SOLEDAD,24,TUCUMÁN
loc_11871,11871,LACHICO,24,TUCUMÁN
loc_11872,11872,LAGUNA LARGA,24,TUCUMÁN
loc_11873,11873,LAMADRID,24,TUCUMÁN
loc_11874,11874,LAS BRISAS,24,TUCUMÁN
loc_11876,11876,LAS LOMITAS,24,TUCUMÁN
loc_11877,11877,LAS PARRITAS,24,TUCUMÁN
loc_11878,11878,LAS ZANJITAS,24,TUCUMÁN
loc_11879,11879,LOS AGUDOS,24,TUCUMÁN
loc_11881,11881,LOS CERCOS,24,TUCUMÁN
loc_11882,11882,LOS DIAZ,24,TUCUMÁN
loc_11883,11883,LOS GONZALEZ,24,TUCUMÁN
loc_11884,11884,LOS GRAMAJOS,24,TUCUMÁN
loc_11885,11885,LOS MISTOLES,24,TUCUMÁN
loc_11886,11886,LOS PANCHILLOS,24,TUCUMÁN
loc_11887,11887,LOS PARAISOS,24,TUCUMÁN
loc_11888,11888,LOS RUIZ,24,TUCUMÁN
loc_11889,11889,LOS SARACHO,24,TUCUMÁN
loc_11891,11891,LOS SORAIRE,24,TUCUMÁN
loc_11892,11892,LOS SOTELO,24,TUCUMÁN
loc_11893,11893,LOS VAZQUEZ,24,TUCUMÁN
loc_11894,11894,MISTOL,24,TUCUMÁN
loc_11895,11895,MOLLES,24,TUCUMÁN
loc_11896,11896,MONTUOSO,24,TUCUMÁN
loc_11897,11897,MORON,24,TUCUMÁN
loc_11898,11898,PAEZ,24,TUCUMÁN
loc_11899,11899,PALO BLANCO,24,TUCUMÁN
loc_11900,11900,PALO SECO,24,TUCUMÁN
loc_11901,11901,PALOMAS,24,TUCUMÁN
loc_11902,11902,PALOS QUEMADOS,24,TUCUMÁN
loc_11903,11903,PAMPA LARGA,24,TUCUMÁN
loc_11905,11905,PAMPA MUYO,24,TUCUMÁN
loc_11906,11906,PAMPA ROSA,24,TUCUMÁN
loc_11907,11907,PASO DE LOS NIEVAS,24,TUCUMÁN
loc_11908,11908,PASO GRANDE,24,TUCUMÁN
loc_11909,11909,POZO EL QUEBRACHO,24,TUCUMÁN
loc_11910,11910,POZO HONDO,24,TUCUMÁN
loc_11911,11911,POZO VERDE,24,TUCUMÁN
loc_11912,11912,PUEBLO NUEVO,24,TUCUMÁN
loc_11913,11913,PUESTO 9 DE JULIO,24,TUCUMÁN
loc_11914,11914,PUESTO BELEN,24,TUCUMÁN
loc_11915,11915,PUESTO DE GALVANES,24,TUCUMÁN
loc_11916,11916,PUESTO DEL MEDIO,24,TUCUMÁN
loc_11917,11917,PUESTO LOS AVILAS,24,TUCUMÁN
loc_11918,11918,PUESTO LOS BARRAZA,24,TUCUMÁN
loc_11919,11919,PUESTO LOS GALVEZ,24,TUCUMÁN
loc_11920,11920,PUESTO LOS PEREZ,24,TUCUMÁN
loc_11921,11921,PUESTO LOS ROBLES,24,TUCUMÁN
loc_11922,11922,RAMADITAS,24,TUCUMÁN
loc_11923,11923,RAMOS,24,TUCUMÁN
loc_11924,11924,RETIRO,24,TUCUMÁN
loc_11925,11925,RIO HONDITO,24,TUCUMÁN
loc_11926,11926,ROMERELLO,24,TUCUMÁN
loc_11927,11927,RUMI COCHA,24,TUCUMÁN
loc_11928,11928,RUMI YURA,24,TUCUMÁN
loc_11929,11929,RUTA NACIONAL 157,24,TUCUMÁN
loc_11930,11930,RUTA PROVINCIAL 333,24,TUCUMÁN
loc_11931,11931,RUTA PROVINCIAL 334,24,TUCUMÁN
loc_11932,11932,SALA VIEJA,24,TUCUMÁN
loc_11933,11933,SAN ANDRES,24,TUCUMÁN
loc_11934,11934,SAN ANTONIO DE QUISCA,24,TUCUMÁN
loc_11935,11935,SAN FRANCISCO,24,TUCUMÁN
loc_11936,11936,SAN GERMAN,24,TUCUMÁN
loc_11937,11937,SAN JUANCITO,24,TUCUMÁN
loc_11938,11938,SAN MIGUEL,24,TUCUMÁN
loc_11939,11939,SANTA BARBARA,24,TUCUMÁN
loc_11940,11940,SANTA CLARA SUD,24,TUCUMÁN
loc_11943,11943,SAUCE GAUCHO,24,TUCUMÁN
loc_11944,11944,SAUCE SECO,24,TUCUMÁN
loc_11945,11945,SESTEADERO,24,TUCUMÁN
loc_11946,11946,SIMBOL,24,TUCUMÁN
loc_11947,11947,SOL DE MAYO,24,TUCUMÁN
loc_11948,11948,SUNCHO PUNTA,24,TUCUMÁN
loc_11949,11949,TACO RALO,24,TUCUMÁN
loc_11950,11950,TACO RODEO,24,TUCUMÁN
loc_11951,11951,TALA CAIDA,24,TUCUMÁN
loc_11952,11952,TALA SACHA,24,TUCUMÁN
loc_11953,11953,TALITAS,24,TUCUMÁN
loc_11954,11954,TORO MUERTO,24,TUCUMÁN
loc_11955,11955,TOSTADO,24,TUCUMÁN
loc_11956,11956,TRES POZOS,24,TUCUMÁN
loc_11957,11957,VILLA PUJIO,24,TUCUMÁN
loc_11958,11958,VILTRAN,24,TUCUMÁN
loc_11959,11959,YAPACHIN,24,TUCUMÁN
loc_11960,11960,YMPAS,24,TUCUMÁN
loc_11961,11961,YUMILLURA,24,TUCUMÁN
loc_11962,11962,ZAPALLAR,24,TUCUMÁN
loc_11963,11963,ALPACHIRI,24,TUCUMÁN
loc_11964,11964,ALTO LAS LECHUZAS,24,TUCUMÁN
loc_11965,11965,ALTO VERDE,24,TUCUMÁN
loc_11966,11966,ARCADIA,24,TUCUMÁN
loc_11967,11967,AROCAS,24,TUCUMÁN
loc_11968,11968,BAJO DE LOS SUELDOS,24,TUCUMÁN
loc_11969,11969,BARRIO BELGRANO,24,TUCUMÁN
loc_11970,11970,BARRIO TEXTIL,24,TUCUMÁN
loc_11971,11971,BELICHA HUAICO,24,TUCUMÁN
loc_11972,11972,CALERA DE CHIRIMAYO,24,TUCUMÁN
loc_11973,11973,CAMPO SOLCO LOS COCHAMOLLES,24,TUCUMÁN
loc_11974,11974,CARRETA QUEMADA,24,TUCUMÁN
loc_11975,11975,COCHAMOLLE,24,TUCUMÁN
loc_11976,11976,COCHUNA,24,TUCUMÁN
loc_11977,11977,COLONIA FARA,24,TUCUMÁN
loc_11978,11978,COLONIA HUMAITA PRIMERA,24,TUCUMÁN
loc_11979,11979,COLONIA JUAN JOSE IRAMAIN,24,TUCUMÁN
loc_11980,11980,COLONIA PEDRO LEON CORNET,24,TUCUMÁN
loc_11981,11981,CONCEPCION,24,TUCUMÁN
loc_11982,11982,CORTADERAS,24,TUCUMÁN
loc_11983,11983,COSTA DEL RIO SECO,24,TUCUMÁN
loc_11984,11984,CUESTA DE CHILCA,24,TUCUMÁN
loc_11985,11985,EL CEIBAL,24,TUCUMÁN
loc_11986,11986,EL MILAGRO,24,TUCUMÁN
loc_11987,11987,EL MISTOLAR,24,TUCUMÁN
loc_11988,11988,EL MOLINO,24,TUCUMÁN
loc_11989,11989,EL PORVENIR,24,TUCUMÁN
loc_11990,11990,EL POTRERILLO,24,TUCUMÁN
loc_11991,11991,EL POTRERO,24,TUCUMÁN
loc_11992,11992,EL PUESTO,24,TUCUMÁN
loc_11993,11993,ENSENADA,24,TUCUMÁN
loc_11994,11994,ESCUELA 115,24,TUCUMÁN
loc_11995,11995,ESCUELA 118,24,TUCUMÁN
loc_11996,11996,ESCUELA 168,24,TUCUMÁN
loc_11997,11997,ESCUELA 17,24,TUCUMÁN
loc_11998,11998,ESCUELA 18,24,TUCUMÁN
loc_11999,11999,ESCUELA 186,24,TUCUMÁN
loc_12000,12000,ESCUELA 19,24,TUCUMÁN
loc_12001,12001,ESCUELA 234,24,TUCUMÁN
loc_12002,12002,ESCUELA 239,24,TUCUMÁN
loc_12003,12003,ESCUELA 268,24,TUCUMÁN
loc_12004,12004,ESCUELA 365,24,TUCUMÁN
loc_12005,12005,ESCUELA 387,24,TUCUMÁN
loc_12006,12006,ESCUELA 6,24,TUCUMÁN
loc_12007,12007,ESCUELA 65,24,TUCUMÁN
loc_12008,12008,ESCUELA 85,24,TUCUMÁN
loc_12009,12009,ESCUELA ALMIRANTE BROWN,24,TUCUMÁN
loc_12010,12010,ESCUELA FLORENCIO VARELA,24,TUCUMÁN
loc_12011,12011,ESCUELA GREGORIA LAMADRID,24,TUCUMÁN
loc_12012,12012,ESCUELA MANUEL DOMINGO BASSAIL,24,TUCUMÁN
loc_12013,12013,ESCUELA MERCEDES PACHECO,24,TUCUMÁN
loc_12014,12014,FINCA ENTRE RIOS,24,TUCUMÁN
loc_12015,12015,GASTONA,24,TUCUMÁN
loc_12016,12016,GASTONILLA,24,TUCUMÁN
loc_12017,12017,HUMAITA 1,24,TUCUMÁN
loc_12018,12018,HUMAITA 2,24,TUCUMÁN
loc_12019,12019,ILTICO,24,TUCUMÁN
loc_12020,12020,INGENIO LA CORONA,24,TUCUMÁN
loc_12021,12021,INGENIO LA TRINIDAD,24,TUCUMÁN
loc_12022,12022,ISCHILLON,24,TUCUMÁN
loc_12023,12023,JAYA,24,TUCUMÁN
loc_12025,12025,KILOMETRO 66,24,TUCUMÁN
loc_12026,12026,LA BANDERITA,24,TUCUMÁN
loc_12027,12027,LA CALERA,24,TUCUMÁN
loc_12030,12030,LA TRINIDAD,24,TUCUMÁN
loc_12031,12031,LAGARTE,24,TUCUMÁN
loc_12032,12032,LAS ANIMAS,24,TUCUMÁN
loc_12033,12033,LAS CUEVAS,24,TUCUMÁN
loc_12034,12034,LAS FALDAS,24,TUCUMÁN
loc_12035,12035,LAS GUCHAS LOS GUCHEA,24,TUCUMÁN
loc_12036,12036,LAS LEGUAS,24,TUCUMÁN
loc_12037,12037,LAS LENGUAS LAS LEGUAS,24,TUCUMÁN
loc_12038,12038,LAS PAVAS,24,TUCUMÁN
loc_12039,12039,LESCANO,24,TUCUMÁN
loc_12040,12040,LOS AGUEROS,24,TUCUMÁN
loc_12041,12041,LOS AGUIRRE,24,TUCUMÁN
loc_12042,12042,LOS GUCHEA,24,TUCUMÁN
loc_12043,12043,LOS LESCANOS,24,TUCUMÁN
loc_12044,12044,LOS TIMBOS,24,TUCUMÁN
loc_12045,12045,LOS TIMBRES,24,TUCUMÁN
loc_12046,12046,LOS VEGA,24,TUCUMÁN
loc_12047,12047,MARIA LUISA,24,TUCUMÁN
loc_12048,12048,MEDINAS,24,TUCUMÁN
loc_12049,12049,MEMBRILLO,24,TUCUMÁN
loc_12050,12050,MOLINOS,24,TUCUMÁN
loc_12051,12051,MONTE RICO,24,TUCUMÁN
loc_12052,12052,MUYO,24,TUCUMÁN
loc_12053,12053,PIEDRA GRANDE,24,TUCUMÁN
loc_12054,12054,POSTA,24,TUCUMÁN
loc_12055,12055,RESCATE,24,TUCUMÁN
loc_12056,12056,RIEGASTA,24,TUCUMÁN
loc_12057,12057,RIO SECO KILOMETRO 1207,24,TUCUMÁN
loc_12059,12059,ROSARIO OESTE,24,TUCUMÁN
loc_12060,12060,SAN ANTONIO,24,TUCUMÁN
loc_12061,12061,SAN CARLOS,24,TUCUMÁN
loc_12062,12062,SAN JOSE,24,TUCUMÁN
loc_12064,12064,SAN RAMON CHICLIGASTA,24,TUCUMÁN
loc_12065,12065,SANTA ROSA,24,TUCUMÁN
loc_12066,12066,SUD DE SANDOVALES,24,TUCUMÁN
loc_12067,12067,SURIYACO,24,TUCUMÁN
loc_12068,12068,VILLA ALVEAR,24,TUCUMÁN
loc_12069,12069,VILLA CAROLINA,24,TUCUMÁN
loc_12070,12070,VILLA DEVOTO,24,TUCUMÁN
loc_12071,12071,VILLA LA TRINIDAD,24,TUCUMÁN
loc_12072,12072,YUCUMANITA,24,TUCUMÁN
loc_12073,12073,YUNCA SUMA,24,TUCUMÁN
loc_12074,12074,CAMINO DEL PERU,24,TUCUMÁN
loc_12075,12075,CEVIL REDONDO,24,TUCUMÁN
loc_12076,12076,CURVA DE LOS VEGAS,24,TUCUMÁN
loc_12077,12077,ESCUELA,24,TUCUMÁN
loc_12078,12078,ESCUELA 113,24,TUCUMÁN
loc_12079,12079,ESCUELA 311,24,TUCUMÁN
loc_12080,12080,ESCUELA ANTONIO MEDINA,24,TUCUMÁN
loc_12081,12081,ESCUELA GRANADEROS DE SAN MART,24,TUCUMÁN
loc_12082,12082,ESCUELA OTILDE DE TORO,24,TUCUMÁN
loc_12083,12083,HORCO MOLLE,24,TUCUMÁN
loc_12084,12084,KILOMETRO 808,24,TUCUMÁN
loc_12085,12085,LA BANDA,24,TUCUMÁN
loc_12086,12086,LA CAVERA,24,TUCUMÁN
loc_12087,12087,LA SALA,24,TUCUMÁN
loc_12088,12088,LAS TALAS,24,TUCUMÁN
loc_12089,12089,LOMAS DE IMBAUD,24,TUCUMÁN
loc_12090,12090,LOS BULACIO,24,TUCUMÁN
loc_12091,12091,PARADA DE OHUANTA,24,TUCUMÁN
loc_12093,12093,RUTA PROVINCIAL 338,24,TUCUMÁN
loc_12094,12094,SAN ALBERTO,24,TUCUMÁN
loc_12096,12096,VILLA CARMELA,24,TUCUMÁN
loc_12097,12097,VILLA MARCOS PAZ,24,TUCUMÁN
loc_12098,12098,VILLA SAN JAVIER,24,TUCUMÁN
loc_12099,12099,YERBA BUENA,24,TUCUMÁN
loc_12100,12100,AGUADITA,24,TUCUMÁN
loc_12101,12101,ALTO DE ANFAMA,24,TUCUMÁN
loc_12102,12102,ANCA JULI,24,TUCUMÁN
loc_12103,12103,ANFANA,24,TUCUMÁN
loc_12104,12104,ANGOSTURA,24,TUCUMÁN
loc_12105,12105,BAJO DE RACO,24,TUCUMÁN
loc_12106,12106,BARRIO DIAGONAL,24,TUCUMÁN
loc_12107,12107,BARRIO RIVADAVIA,24,TUCUMÁN
loc_12108,12108,CHASQUIVIL,24,TUCUMÁN
loc_12109,12109,COMUNA LA ESPERANZA,24,TUCUMÁN
loc_12110,12110,EL CADILLAL,24,TUCUMÁN
loc_12111,12111,EL COLMENAR,24,TUCUMÁN
loc_12112,12112,EL DURAZNITO,24,TUCUMÁN
loc_12113,12113,EL PELADO,24,TUCUMÁN
loc_12114,12114,EL SIAMBON,24,TUCUMÁN
loc_12115,12115,EL TIRO ARGENTINO,24,TUCUMÁN
loc_12116,12116,EMBALSE EL CADILLAL,24,TUCUMÁN
loc_12117,12117,ESCUELA 107,24,TUCUMÁN
loc_12118,12118,ESCUELA 163,24,TUCUMÁN
loc_12119,12119,ESCUELA 164,24,TUCUMÁN
loc_12120,12120,ESCUELA 210,24,TUCUMÁN
loc_12121,12121,ESCUELA 215,24,TUCUMÁN
loc_12122,12122,ESCUELA 218,24,TUCUMÁN
loc_12123,12123,ESCUELA 219,24,TUCUMÁN
loc_12124,12124,ESCUELA 255,24,TUCUMÁN
loc_12125,12125,ESCUELA 256,24,TUCUMÁN
loc_12126,12126,ESCUELA 299,24,TUCUMÁN
loc_12127,12127,ESCUELA 300 LA PICADA,24,TUCUMÁN
loc_12128,12128,ESCUELA 350,24,TUCUMÁN
loc_12129,12129,ESCUELA 393,24,TUCUMÁN
loc_12130,12130,ESCUELA 48,24,TUCUMÁN
loc_12131,12131,ESCUELA 59,24,TUCUMÁN
loc_12132,12132,ESCUELA 70,24,TUCUMÁN
loc_12133,12133,ESCUELA CAPITAN GASPAR DE MEDI,24,TUCUMÁN
loc_12134,12134,ESCUELA EE UU,24,TUCUMÁN
loc_12135,12135,ESCUELA FORTUNATA GARCIA,24,TUCUMÁN
loc_12136,12136,ESCUELA MIGUEL AZCUENAGA,24,TUCUMÁN
loc_12137,12137,ESCUELA MIGUEL CERVANTES,24,TUCUMÁN
loc_12138,12138,ESCUELA RAMON CARRILLO,24,TUCUMÁN
loc_12139,12139,GRAL ANSELMO ROJO,24,TUCUMÁN
loc_12140,12140,GRANJA MODELO,24,TUCUMÁN
loc_12141,12141,KILOMETRO 925,24,TUCUMÁN
loc_12142,12142,LA BANDA,24,TUCUMÁN
loc_12143,12143,LA ESPERANZA,24,TUCUMÁN
loc_12144,12144,LA HOYADA,24,TUCUMÁN
loc_12145,12145,LA MANGA,24,TUCUMÁN
loc_12146,12146,LA PICADA,24,TUCUMÁN
loc_12147,12147,LA RAMADA,24,TUCUMÁN
loc_12149,12149,LA TOMA,24,TUCUMÁN
loc_12150,12150,LAGUNA GRANDE,24,TUCUMÁN
loc_12151,12151,LAS CAÑITAS,24,TUCUMÁN
loc_12152,12152,LAS TALITAS,24,TUCUMÁN
loc_12154,12154,LOS ESTANQUES,24,TUCUMÁN
loc_12155,12155,LOS NOGALES,24,TUCUMÁN
loc_12156,12156,LOS POCITOS,24,TUCUMÁN
loc_12157,12157,LOS ZARAGOZA,24,TUCUMÁN
loc_12158,12158,LUZ Y FUERZA,24,TUCUMÁN
loc_12159,12159,MONASTERIO,24,TUCUMÁN
loc_12160,12160,NUEVA ESPERANZA,24,TUCUMÁN
loc_12161,12161,PORTEZUELO,24,TUCUMÁN
loc_12162,12162,PUEBLO OBRERO,24,TUCUMÁN
loc_12163,12163,PUESTO CIENAGA AMARILLA,24,TUCUMÁN
loc_12165,12165,RACO,24,TUCUMÁN
loc_12167,12167,SAN JAVIER,24,TUCUMÁN
loc_12168,12168,SAN JOSE DE CHASQUIVIL,24,TUCUMÁN
loc_12170,12170,SAUCE YACO,24,TUCUMÁN
loc_12171,12171,TAFI VIEJO,24,TUCUMÁN
loc_12172,12172,TAFICILLO,24,TUCUMÁN
loc_12173,12173,VILLA MITRE,24,TUCUMÁN
loc_12174,12174,VILLA MUÑECAS,24,TUCUMÁN
loc_12175,12175,ABRA EL CANDADO,24,TUCUMÁN
loc_12176,12176,ACEQUIONES,24,TUCUMÁN
loc_12177,12177,AGUA EL SIMBO,24,TUCUMÁN
loc_12178,12178,AGUA ROSADA,24,TUCUMÁN
loc_12179,12179,AGUA SALADA,24,TUCUMÁN
loc_12180,12180,AGUADA DE JORGE,24,TUCUMÁN
loc_12181,12181,ALIZAL,24,TUCUMÁN
loc_12182,12182,ALTO DE LA ANGOSTURA,24,TUCUMÁN
loc_12183,12183,ALTO DE LOS GIMENEZ,24,TUCUMÁN
loc_12184,12184,ALTO LA TOTORA,24,TUCUMÁN
loc_12185,12185,ALURRALDE,24,TUCUMÁN
loc_12186,12186,ANTA,24,TUCUMÁN
loc_12187,12187,ARAGON,24,TUCUMÁN
loc_12188,12188,BARBORIN,24,TUCUMÁN
loc_12189,12189,BENJAMIN PAZ,24,TUCUMÁN
loc_12190,12190,BOBA YACU,24,TUCUMÁN
loc_12191,12191,CACHI YACO,24,TUCUMÁN
loc_12192,12192,CAMPO REDONDO,24,TUCUMÁN
loc_12193,12193,CAPILLA,24,TUCUMÁN
loc_12194,12194,CASA DEL ALTO,24,TUCUMÁN
loc_12195,12195,CASAS VIEJAS,24,TUCUMÁN
loc_12196,12196,CERVALITO,24,TUCUMÁN
loc_12197,12197,CHOROMORO,24,TUCUMÁN
loc_12198,12198,CHULCA,24,TUCUMÁN
loc_12199,12199,CHUSCHA,24,TUCUMÁN
loc_12200,12200,CORRAL VIEJO,24,TUCUMÁN
loc_12201,12201,CRIOLLAS,24,TUCUMÁN
loc_12202,12202,DESMONTE,24,TUCUMÁN
loc_12203,12203,EL ALPIZAR,24,TUCUMÁN
loc_12204,12204,EL ARENAL,24,TUCUMÁN
loc_12205,12205,EL ASERRADERO,24,TUCUMÁN
loc_12206,12206,EL BOYERO,24,TUCUMÁN
loc_12207,12207,EL BRETE,24,TUCUMÁN
loc_12208,12208,EL CADILLAL,24,TUCUMÁN
loc_12209,12209,EL CEDRO,24,TUCUMÁN
loc_12210,12210,EL JUNQUILLAR,24,TUCUMÁN
loc_12211,12211,EL MILAGRO,24,TUCUMÁN
loc_12212,12212,EL MISTOL,24,TUCUMÁN
loc_12213,12213,EL MOLINO,24,TUCUMÁN
loc_12214,12214,EL MOLLAR,24,TUCUMÁN
loc_12215,12215,EL OJO,24,TUCUMÁN
loc_12216,12216,EL PELADO,24,TUCUMÁN
loc_12217,12217,EL PELADO DE PARANILLO,24,TUCUMÁN
loc_12218,12218,EL PORVENIR,24,TUCUMÁN
loc_12219,12219,EL POTRERO,24,TUCUMÁN
loc_12220,12220,EL POZO,24,TUCUMÁN
loc_12221,12221,EL PUESTITO,24,TUCUMÁN
loc_12222,12222,EL QUEBRACHAL,24,TUCUMÁN
loc_12223,12223,EL SUNCAL,24,TUCUMÁN
loc_12224,12224,EL TALAR,24,TUCUMÁN
loc_12225,12225,EL ZAUZAL,24,TUCUMÁN
loc_12226,12226,ESCUELA 128,24,TUCUMÁN
loc_12227,12227,ESCUELA 170,24,TUCUMÁN
loc_12228,12228,ESCUELA 171,24,TUCUMÁN
loc_12229,12229,ESCUELA 204,24,TUCUMÁN
loc_12230,12230,ESCUELA 214,24,TUCUMÁN
loc_12231,12231,ESCUELA 216,24,TUCUMÁN
loc_12232,12232,ESCUELA 221,24,TUCUMÁN
loc_12233,12233,ESCUELA 233,24,TUCUMÁN
loc_12234,12234,ESCUELA 265,24,TUCUMÁN
loc_12235,12235,ESCUELA 309,24,TUCUMÁN
loc_12236,12236,ESCUELA 31,24,TUCUMÁN
loc_12237,12237,ESCUELA 341,24,TUCUMÁN
loc_12238,12238,ESCUELA 349,24,TUCUMÁN
loc_12239,12239,ESCUELA 356,24,TUCUMÁN
loc_12240,12240,ESCUELA 362,24,TUCUMÁN
loc_12241,12241,ESCUELA 385,24,TUCUMÁN
loc_12242,12242,ESCUELA 389,24,TUCUMÁN
loc_12243,12243,ESCUELA 392,24,TUCUMÁN
loc_12244,12244,ESCUELA 42,24,TUCUMÁN
loc_12245,12245,ESCUELA 44,24,TUCUMÁN
loc_12246,12246,ESCUELA 45,24,TUCUMÁN
loc_12247,12247,ESCUELA 47,24,TUCUMÁN
loc_12248,12248,ESCUELA GDOR LOPEZ,24,TUCUMÁN
loc_12249,12249,ESCUELA HERNAN MIRAVAL,24,TUCUMÁN
loc_12250,12250,ESCUELA J J THAMES,24,TUCUMÁN
loc_12251,12251,ESCUELA JUAN JOSE PASO,24,TUCUMÁN
loc_12252,12252,ESTANQUE,24,TUCUMÁN
loc_12253,12253,GONZALO,24,TUCUMÁN
loc_12254,12254,HUALINCHAY,24,TUCUMÁN
loc_12256,12256,HUASAMAYO SUD,24,TUCUMÁN
loc_12257,12257,INDIA MUERTA,24,TUCUMÁN
loc_12258,12258,KILOMETRO 1340,24,TUCUMÁN
loc_12259,12259,KILOMETRO 847,24,TUCUMÁN
loc_12260,12260,LA AGUADA,24,TUCUMÁN
loc_12263,12263,LA CAÑADA,24,TUCUMÁN
loc_12265,12265,LA COLONIA,24,TUCUMÁN
loc_12266,12266,LA CUESTA,24,TUCUMÁN
loc_12267,12267,LA CUEVA,24,TUCUMÁN
loc_12268,12268,LA DORITA,24,TUCUMÁN
loc_12269,12269,LA ESPERANZA,24,TUCUMÁN
loc_12270,12270,LA ESQUINA,24,TUCUMÁN
loc_12271,12271,LA HIGUERA,24,TUCUMÁN
loc_12272,12272,LA LAGUNA,24,TUCUMÁN
loc_12274,12274,LA ZANJA,24,TUCUMÁN
loc_12276,12276,LAS BOTIJAS,24,TUCUMÁN
loc_12277,12277,LAS BURRAS,24,TUCUMÁN
loc_12278,12278,LAS CAÑITAS,24,TUCUMÁN
loc_12279,12279,LAS CRIOLLAS,24,TUCUMÁN
loc_12280,12280,LAS JUNTAS,24,TUCUMÁN
loc_12282,12282,LAS PIRCAS,24,TUCUMÁN
loc_12283,12283,LAS TACANAS,24,TUCUMÁN
loc_12284,12284,LAUREL YACO,24,TUCUMÁN
loc_12285,12285,LEOCADIO PAZ,24,TUCUMÁN
loc_12286,12286,LOMA DEL MEDIO,24,TUCUMÁN
loc_12287,12287,LOS ANGELES,24,TUCUMÁN
loc_12288,12288,LOS BORDOS,24,TUCUMÁN
loc_12289,12289,LOS PLANCHONES,24,TUCUMÁN
loc_12290,12290,LOS PUESTOS,24,TUCUMÁN
loc_12291,12291,LOS SAUCES,24,TUCUMÁN
loc_12292,12292,MANANTIALES,24,TUCUMÁN
loc_12293,12293,MATO YACO,24,TUCUMÁN
loc_12294,12294,MIMILLO,24,TUCUMÁN
loc_12295,12295,MIRANDA,24,TUCUMÁN
loc_12296,12296,MOLLE YACO,24,TUCUMÁN
loc_12297,12297,MONTE BELLO,24,TUCUMÁN
loc_12300,12300,PANTANILLO,24,TUCUMÁN
loc_12301,12301,PERUCHO,24,TUCUMÁN
loc_12303,12303,PINGOLLAR,24,TUCUMÁN
loc_12304,12304,PORTEZUELO,24,TUCUMÁN
loc_12305,12305,POSTA VIEJA,24,TUCUMÁN
loc_12306,12306,POTRERO GRANDE,24,TUCUMÁN
loc_12307,12307,POTRO YACO,24,TUCUMÁN
loc_12308,12308,POZO SUNCHO,24,TUCUMÁN
loc_12309,12309,PRADERA ALEGRE,24,TUCUMÁN
loc_12310,12310,PUERTAS,24,TUCUMÁN
loc_12311,12311,PUESTO GRANDE,24,TUCUMÁN
loc_12312,12312,PUESTO VARELA,24,TUCUMÁN
loc_12313,12313,REARTE,24,TUCUMÁN
loc_12314,12314,RIARTE,24,TUCUMÁN
loc_12315,12315,RIO VIPOS,24,TUCUMÁN
loc_12316,12316,RODEO,24,TUCUMÁN
loc_12317,12317,RODEO DEL ALGARROBO,24,TUCUMÁN
loc_12318,12318,RODEO GRANDE,24,TUCUMÁN
loc_12319,12319,SALAMANCA,24,TUCUMÁN
loc_12320,12320,SALINAS,24,TUCUMÁN
loc_12321,12321,SAN CARLOS,24,TUCUMÁN
loc_12322,12322,SAN FERNANDO,24,TUCUMÁN
loc_12323,12323,SAN ISIDRO,24,TUCUMÁN
loc_12325,12325,SAN JULIAN YACO,24,TUCUMÁN
loc_12326,12326,SAN MIGUEL,24,TUCUMÁN
loc_12327,12327,SAN PEDRO DE COLALAO,24,TUCUMÁN
loc_12328,12328,SAN VICENTE,24,TUCUMÁN
loc_12329,12329,SANTA RITA,24,TUCUMÁN
loc_12330,12330,SAUCE YACU,24,TUCUMÁN
loc_12331,12331,SAUZAL,24,TUCUMÁN
loc_12332,12332,SEPULTURA,24,TUCUMÁN
loc_12333,12333,SIMBOLAR,24,TUCUMÁN
loc_12334,12334,TACANAS,24,TUCUMÁN
loc_12335,12335,TACO LLANO,24,TUCUMÁN
loc_12336,12336,TACO PUNCO,24,TUCUMÁN
loc_12337,12337,TACO YACO,24,TUCUMÁN
loc_12338,12338,TACO YANA,24,TUCUMÁN
loc_12339,12339,TALA YACO,24,TUCUMÁN
loc_12340,12340,TAPIA,24,TUCUMÁN
loc_12341,12341,TICUCHO,24,TUCUMÁN
loc_12342,12342,TIPA MAYO,24,TUCUMÁN
loc_12343,12343,TIPAS,24,TUCUMÁN
loc_12344,12344,TOCO LLANA,24,TUCUMÁN
loc_12345,12345,TORO LOCO,24,TUCUMÁN
loc_12346,12346,TOTORAL,24,TUCUMÁN
loc_12347,12347,TRANCAS,24,TUCUMÁN
loc_12348,12348,TUNA SOLA,24,TUCUMÁN
loc_12349,12349,UTURUNGU,24,TUCUMÁN
loc_12350,12350,VESUBIO,24,TUCUMÁN
loc_12351,12351,VIADUCTO DEL TORO,24,TUCUMÁN
loc_12352,12352,VILLA GLORIA,24,TUCUMÁN
loc_12353,12353,VILLA RITA,24,TUCUMÁN
loc_12354,12354,VILLA TRANCAS,24,TUCUMÁN
loc_12355,12355,VILLA VIEJA,24,TUCUMÁN
loc_12356,12356,VIPOS,24,TUCUMÁN
loc_12357,12357,YARAMI,24,TUCUMÁN
loc_12358,12358,YUCHACO,24,TUCUMÁN
loc_12359,12359,ZARATE,24,TUCUMÁN
loc_12360,12360,7 DE ABRIL,24,TUCUMÁN
loc_12361,12361,AGUA COLORADA,24,TUCUMÁN
loc_12362,12362,AGUA NEGRA,24,TUCUMÁN
loc_12363,12363,AGUAS BLANCAS,24,TUCUMÁN
loc_12364,12364,ALTA GRACIA DE VILLA BURRUYACU,24,TUCUMÁN
loc_12365,12365,ALTO DE MEDINA,24,TUCUMÁN
loc_12366,12366,ALTO VERDE,24,TUCUMÁN
loc_12367,12367,ANGOSTURA,24,TUCUMÁN
loc_12368,12368,ANTA CHICA,24,TUCUMÁN
loc_12369,12369,ANTILLAS,24,TUCUMÁN
loc_12370,12370,ANTU MAPU,24,TUCUMÁN
loc_12371,12371,ASERRADERO,24,TUCUMÁN
loc_12372,12372,ASNA YACO,24,TUCUMÁN
loc_12373,12373,BENJAMIN ARAOZ,24,TUCUMÁN
loc_12374,12374,BENJAMIN PAZ,24,TUCUMÁN
loc_12375,12375,BURRUYACU,24,TUCUMÁN
loc_12376,12376,CALERA ACONQUIJA,24,TUCUMÁN
loc_12377,12377,CALIFORNIA,24,TUCUMÁN
loc_12384,12384,CAÑADA LARGA,24,TUCUMÁN
loc_12385,12385,CASA DEL ALTO,24,TUCUMÁN
loc_12386,12386,CASALES,24,TUCUMÁN
loc_12387,12387,CEJA POZO,24,TUCUMÁN
loc_12388,12388,CHABELA,24,TUCUMÁN
loc_12389,12389,CHAMICO,24,TUCUMÁN
loc_12391,12391,CHAÑAR VIEJO,24,TUCUMÁN
loc_12392,12392,CHILCA,24,TUCUMÁN
loc_12393,12393,CHORRILLOS,24,TUCUMÁN
loc_12394,12394,COLONIA LOS HILLS,24,TUCUMÁN
loc_12395,12395,COLONIA NRO 2,24,TUCUMÁN
loc_12396,12396,COLONIA SAN RAMON,24,TUCUMÁN
loc_12397,12397,COLONIA SARMIENTO,24,TUCUMÁN
loc_12398,12398,CONCEPCION,24,TUCUMÁN
loc_12399,12399,COOPERATIVA AGRONOMICA,24,TUCUMÁN
loc_12400,12400,COROMAMA,24,TUCUMÁN
loc_12401,12401,CORTADERAS,24,TUCUMÁN
loc_12402,12402,COSSIO,24,TUCUMÁN
loc_12403,12403,CRUZ DE ABAJO,24,TUCUMÁN
loc_12404,12404,CUCHILLAS,24,TUCUMÁN
loc_12405,12405,DESCANSO,24,TUCUMÁN
loc_12406,12406,DESMONTE,24,TUCUMÁN
loc_12407,12407,EL ASERRADERO,24,TUCUMÁN
loc_12408,12408,EL ATACAL,24,TUCUMÁN
loc_12409,12409,EL AZUL,24,TUCUMÁN
loc_12410,12410,EL BACHI,24,TUCUMÁN
loc_12411,12411,EL BARCO,24,TUCUMÁN
loc_12412,12412,EL CAJON,24,TUCUMÁN
loc_12413,12413,EL CASTORAL,24,TUCUMÁN
loc_12414,12414,EL CHAÑAR,24,TUCUMÁN
loc_12415,12415,EL CHORRO,24,TUCUMÁN
loc_12416,12416,EL CHURQUI,24,TUCUMÁN
loc_12417,12417,EL CRUCE,24,TUCUMÁN
loc_12418,12418,EL ESPINILLO,24,TUCUMÁN
loc_12419,12419,EL ESTABLO,24,TUCUMÁN
loc_12420,12420,EL FRASQUILLO,24,TUCUMÁN
loc_12421,12421,EL GUAYACAN,24,TUCUMÁN
loc_12422,12422,EL INTERES,24,TUCUMÁN
loc_12423,12423,EL JARDIN,24,TUCUMÁN
loc_12424,12424,EL MATAL,24,TUCUMÁN
loc_12425,12425,EL MORADO,24,TUCUMÁN
loc_12426,12426,EL MUTUL,24,TUCUMÁN
loc_12427,12427,EL NARANJITO,24,TUCUMÁN
loc_12428,12428,EL NARANJO,24,TUCUMÁN
loc_12429,12429,EL OBRAJE,24,TUCUMÁN
loc_12430,12430,EL ONCE,24,TUCUMÁN
loc_12431,12431,EL PALOMAR,24,TUCUMÁN
loc_12432,12432,EL PORVENIR,24,TUCUMÁN
loc_12433,12433,EL PUESTITO,24,TUCUMÁN
loc_12434,12434,EL PUESTO DEL MEDIO,24,TUCUMÁN
loc_12435,12435,EL RODEO,24,TUCUMÁN
loc_12436,12436,EL SAUZAL,24,TUCUMÁN
loc_12437,12437,EL SINQUIAL,24,TUCUMÁN
loc_12438,12438,EL SUNCHAL,24,TUCUMÁN
loc_12439,12439,EL TAJAMAR,24,TUCUMÁN
loc_12440,12440,EL TIMBO NUEVO,24,TUCUMÁN
loc_12441,12441,EL TIMBO VIEJO,24,TUCUMÁN
loc_12442,12442,EL TIPAL,24,TUCUMÁN
loc_12443,12443,EL TRIUNFO,24,TUCUMÁN
loc_12444,12444,EL ZAPALLAR,24,TUCUMÁN
loc_12445,12445,ESCUELA 112,24,TUCUMÁN
loc_12446,12446,ESCUELA 118,24,TUCUMÁN
loc_12447,12447,ESCUELA 149,24,TUCUMÁN
loc_12448,12448,ESCUELA 150,24,TUCUMÁN
loc_12449,12449,ESCUELA 152,24,TUCUMÁN
loc_12450,12450,ESCUELA 166,24,TUCUMÁN
loc_12451,12451,ESCUELA 167,24,TUCUMÁN
loc_12452,12452,ESCUELA 173,24,TUCUMÁN
loc_12453,12453,ESCUELA 177,24,TUCUMÁN
loc_12454,12454,ESCUELA 205,24,TUCUMÁN
loc_12455,12455,ESCUELA 208,24,TUCUMÁN
loc_12456,12456,ESCUELA 211,24,TUCUMÁN
loc_12457,12457,ESCUELA 242,24,TUCUMÁN
loc_12458,12458,ESCUELA 246,24,TUCUMÁN
loc_12459,12459,ESCUELA 250,24,TUCUMÁN
loc_12460,12460,ESCUELA 262,24,TUCUMÁN
loc_12461,12461,ESCUELA 275,24,TUCUMÁN
loc_12462,12462,ESCUELA 276,24,TUCUMÁN
loc_12463,12463,ESCUELA 278,24,TUCUMÁN
loc_12464,12464,ESCUELA 292,24,TUCUMÁN
loc_12465,12465,ESCUELA 30,24,TUCUMÁN
loc_12466,12466,ESCUELA 310,24,TUCUMÁN
loc_12467,12467,ESCUELA 313,24,TUCUMÁN
loc_12468,12468,ESCUELA 314,24,TUCUMÁN
loc_12469,12469,ESCUELA 326,24,TUCUMÁN
loc_12470,12470,ESCUELA 331,24,TUCUMÁN
loc_12471,12471,ESCUELA 339,24,TUCUMÁN
loc_12472,12472,ESCUELA 34,24,TUCUMÁN
loc_12473,12473,ESCUELA 344,24,TUCUMÁN
loc_12474,12474,ESCUELA 347,24,TUCUMÁN
loc_12475,12475,ESCUELA 353,24,TUCUMÁN
loc_12476,12476,ESCUELA 366,24,TUCUMÁN
loc_12477,12477,ESCUELA 368,24,TUCUMÁN
loc_12478,12478,ESCUELA 369,24,TUCUMÁN
loc_12479,12479,ESCUELA 375,24,TUCUMÁN
loc_12480,12480,ESCUELA 386,24,TUCUMÁN
loc_12481,12481,ESCUELA 4,24,TUCUMÁN
loc_12482,12482,ESCUELA 5,24,TUCUMÁN
loc_12483,12483,ESCUELA 57,24,TUCUMÁN
loc_12484,12484,ESCUELA 60,24,TUCUMÁN
loc_12485,12485,ESCUELA 61,24,TUCUMÁN
loc_12486,12486,ESCUELA 62,24,TUCUMÁN
loc_12487,12487,ESCUELA 7,24,TUCUMÁN
loc_12488,12488,ESCUELA 83,24,TUCUMÁN
loc_12489,12489,ESCUELA 91,24,TUCUMÁN
loc_12490,12490,ESCUELA ADOLFO ALSINA,24,TUCUMÁN
loc_12491,12491,ESCUELA ALBERTO SOLDATI,24,TUCUMÁN
loc_12492,12492,ESCUELA ALVAREZ CONDARCO,24,TUCUMÁN
loc_12493,12493,ESCUELA CAMPAMENTO EL PLUMERIL,24,TUCUMÁN
loc_12494,12494,ESCUELA CAP CANDELARIA,24,TUCUMÁN
loc_12495,12495,ESCUELA CAUPOLICAN MOLINA,24,TUCUMÁN
loc_12496,12496,ESCUELA DIEGO DE VILLAFAÑE,24,TUCUMÁN
loc_12497,12497,ESCUELA LEO HUASI,24,TUCUMÁN
loc_12498,12498,ESCUELA MANUEL COSSIO,24,TUCUMÁN
loc_12499,12499,ESCUELA MARIANO SALAS,24,TUCUMÁN
loc_12500,12500,ESCUELA PEDRO ARAOZ,24,TUCUMÁN
loc_12501,12501,ESCUELA PUESTITO DE ARRIBA,24,TUCUMÁN
loc_12502,12502,ESCUELA SALVADOR ALONSO,24,TUCUMÁN
loc_12503,12503,ESQUINA,24,TUCUMÁN
loc_12504,12504,ESTANCIA EL DIAMANTE,24,TUCUMÁN
loc_12505,12505,FINCA ANCHORENA,24,TUCUMÁN
loc_12506,12506,FINCA CRISTINA,24,TUCUMÁN
loc_12507,12507,FINCA PIEDRA BLANCA,24,TUCUMÁN
loc_12508,12508,GARMENDIA,24,TUCUMÁN
loc_12509,12509,GOBERNADOR PIEDRABUENA,24,TUCUMÁN
loc_12510,12510,GRAMILLA,24,TUCUMÁN
loc_12511,12511,JAGUEL,24,TUCUMÁN
loc_12512,12512,JULIANA,24,TUCUMÁN
loc_12513,12513,KILOMETRO 37,24,TUCUMÁN
loc_12514,12514,KILOMETRO 80,24,TUCUMÁN
loc_12515,12515,KILOMETRO 94,24,TUCUMÁN
loc_12516,12516,LA AGUITA,24,TUCUMÁN
loc_12517,12517,LA ARGENTINA,24,TUCUMÁN
loc_12518,12518,LA BANDA,24,TUCUMÁN
loc_12519,12519,LA CALERA,24,TUCUMÁN
loc_12520,12520,LA CAÑADA,24,TUCUMÁN
loc_12521,12521,LA CAUTIVA,24,TUCUMÁN
loc_12522,12522,LA CIENAGA,24,TUCUMÁN
loc_12523,12523,LA CORZUELA,24,TUCUMÁN
loc_12525,12525,LA CRUZ DE ARRIBA,24,TUCUMÁN
loc_12526,12526,LA ESPERANZA,24,TUCUMÁN
loc_12527,12527,LA FLORIDA,24,TUCUMÁN
loc_12528,12528,LA FORTUNA,24,TUCUMÁN
loc_12529,12529,LA JUNTA,24,TUCUMÁN
loc_12530,12530,LA LOMA,24,TUCUMÁN
loc_12531,12531,LA MARTA,24,TUCUMÁN
loc_12532,12532,LA POLA,24,TUCUMÁN
loc_12533,12533,LA PUERTA,24,TUCUMÁN
loc_12534,12534,LA PUERTA DE LUCA,24,TUCUMÁN
loc_12535,12535,LA RAMADA,24,TUCUMÁN
loc_12536,12536,LA RAMADA DE ABAJO,24,TUCUMÁN
loc_12537,12537,LA RUDA,24,TUCUMÁN
loc_12538,12538,LA SALA,24,TUCUMÁN
loc_12539,12539,LA SOLEDAD,24,TUCUMÁN
loc_12540,12540,LA TALA,24,TUCUMÁN
loc_12541,12541,LA TOMA,24,TUCUMÁN
loc_12542,12542,LA TUNA,24,TUCUMÁN
loc_12543,12543,LA UNION,24,TUCUMÁN
loc_12544,12544,LA VERDE,24,TUCUMÁN
loc_12545,12545,LAGUNA DE ROBLES,24,TUCUMÁN
loc_12546,12546,LAS CHACRAS,24,TUCUMÁN
loc_12547,12547,LAS COLAS,24,TUCUMÁN
loc_12548,12548,LAS PECHOSAS,24,TUCUMÁN
loc_12549,12549,LAS TRANCAS TRANQUITAS,24,TUCUMÁN
loc_12551,12551,LEO HUASI,24,TUCUMÁN
loc_12552,12552,LOMA GRANDE,24,TUCUMÁN
loc_12553,12553,LOMA NEGRA,24,TUCUMÁN
loc_12554,12554,LOS CHORRILLOS,24,TUCUMÁN
loc_12555,12555,LOS EUCALIPTOS,24,TUCUMÁN
loc_12556,12556,LOS GONZALES,24,TUCUMÁN
loc_12557,12557,LOS HILOS,24,TUCUMÁN
loc_12558,12558,LOS PEDRAZA,24,TUCUMÁN
loc_12559,12559,LOS PINOS B,24,TUCUMÁN
loc_12560,12560,LUJAN,24,TUCUMÁN
loc_12561,12561,MACOMITA,24,TUCUMÁN
loc_12562,12562,MARIÑO,24,TUCUMÁN
loc_12563,12563,MATUL,24,TUCUMÁN
loc_12564,12564,MEDINA,24,TUCUMÁN
loc_12565,12565,MOJON,24,TUCUMÁN
loc_12566,12566,MOLLE CHATO,24,TUCUMÁN
loc_12567,12567,MONTE CRISTO,24,TUCUMÁN
loc_12568,12568,MONTE REDOMON,24,TUCUMÁN
loc_12569,12569,NIO EL PUESTITO,24,TUCUMÁN
loc_12570,12570,NIO VILLA PADRE MONTI,24,TUCUMÁN
loc_12571,12571,NOGALITO,24,TUCUMÁN
loc_12572,12572,NUEVA ROSA,24,TUCUMÁN
loc_12573,12573,OJO,24,TUCUMÁN
loc_12574,12574,PACARA,24,TUCUMÁN
loc_12575,12575,PACARA MARCADO,24,TUCUMÁN
loc_12576,12576,PACARA PINTADO,24,TUCUMÁN
loc_12577,12577,PAJA COLORADA,24,TUCUMÁN
loc_12578,12578,PALOMITAS,24,TUCUMÁN
loc_12579,12579,PAMPA POZO,24,TUCUMÁN
loc_12580,12580,PASO DE LA PATRIA,24,TUCUMÁN
loc_12581,12581,PASO DE LAS LANZAS,24,TUCUMÁN
loc_12582,12582,PIEDRA TENDIDA,24,TUCUMÁN
loc_12583,12583,POTRERILLO,24,TUCUMÁN
loc_12584,12584,POZO CAVADO,24,TUCUMÁN
loc_12585,12585,POZO DEL ALGARROBO,24,TUCUMÁN
loc_12586,12586,POZO GRANDE,24,TUCUMÁN
loc_12587,12587,POZO HONDO,24,TUCUMÁN
loc_12588,12588,POZO LARGO,24,TUCUMÁN
loc_12589,12589,PUERTA ALEGRE,24,TUCUMÁN
loc_12590,12590,PUERTA DE PALAVECINO,24,TUCUMÁN
loc_12591,12591,PUERTA QUEMADA,24,TUCUMÁN
loc_12592,12592,PUERTA VIEJA,24,TUCUMÁN
loc_12593,12593,PUESTITO DE ARRIBA,24,TUCUMÁN
loc_12594,12594,PUESTO CEVIL CON AGUA,24,TUCUMÁN
loc_12595,12595,PUESTO DE AVILA,24,TUCUMÁN
loc_12596,12596,PUESTO DE LOS VALDES,24,TUCUMÁN
loc_12597,12597,PUESTO DE UNCOS,24,TUCUMÁN
loc_12598,12598,PUESTO VILLAGRA,24,TUCUMÁN
loc_12599,12599,PUNTA DEL AGUA,24,TUCUMÁN
loc_12600,12600,REQUELME,24,TUCUMÁN
loc_12601,12601,RIO DEL NIO,24,TUCUMÁN
loc_12602,12602,RIO LORO,24,TUCUMÁN
loc_12603,12603,RODEO TORO,24,TUCUMÁN
loc_12604,12604,ROSARIO,24,TUCUMÁN
loc_12606,12606,SAN ARTURO,24,TUCUMÁN
loc_12607,12607,SAN CARLOS,24,TUCUMÁN
loc_12608,12608,SAN EUSEBIO,24,TUCUMÁN
loc_12609,12609,SAN FEDERICO,24,TUCUMÁN
loc_12610,12610,SAN GERONIMO,24,TUCUMÁN
loc_12611,12611,SAN IGNACIO,24,TUCUMÁN
loc_12612,12612,SAN JOSE,24,TUCUMÁN
loc_12613,12613,SAN JOSE DE MACOMITA,24,TUCUMÁN
loc_12614,12614,SAN JOSE DE SAN MARTIN,24,TUCUMÁN
loc_12615,12615,SAN LORENZO,24,TUCUMÁN
loc_12616,12616,SAN MIGUEL,24,TUCUMÁN
loc_12617,12617,SAN PATRICIO,24,TUCUMÁN
loc_12618,12618,SAN PEDRO,24,TUCUMÁN
loc_12619,12619,SAN RAMON,24,TUCUMÁN
loc_12620,12620,SANTA LUCIA,24,TUCUMÁN
loc_12621,12621,SANTA ROSA,24,TUCUMÁN
loc_12622,12622,SANTA TERESA,24,TUCUMÁN
loc_12623,12623,SANTOS LUGARES,24,TUCUMÁN
loc_12625,12625,SORAIRE,24,TUCUMÁN
loc_12626,12626,SUNCHAL,24,TUCUMÁN
loc_12627,12627,SURIYACU,24,TUCUMÁN
loc_12628,12628,TACO,24,TUCUMÁN
loc_12629,12629,TACO PALTA,24,TUCUMÁN
loc_12630,12630,TALA BAJADA,24,TUCUMÁN
loc_12631,12631,TALA PAMPA,24,TUCUMÁN
loc_12632,12632,TALA POZO,24,TUCUMÁN
loc_12633,12633,TAQUELLO,24,TUCUMÁN
loc_12634,12634,TARUCA PAMPA,24,TUCUMÁN
loc_12635,12635,TIERRAS BLANCAS,24,TUCUMÁN
loc_12636,12636,TIMBO NUEVO,24,TUCUMÁN
loc_12637,12637,TIMBO VIEJO,24,TUCUMÁN
loc_12638,12638,TINAJEROS,24,TUCUMÁN
loc_12639,12639,TOQUELLO,24,TUCUMÁN
loc_12640,12640,TOTORILLA,24,TUCUMÁN
loc_12641,12641,TRANQUITAS,24,TUCUMÁN
loc_12642,12642,TRES SARGENTOS,24,TUCUMÁN
loc_12643,12643,TRINIDAD,24,TUCUMÁN
loc_12644,12644,TUNALITO,24,TUCUMÁN
loc_12645,12645,TUSCA PAMPA,24,TUCUMÁN
loc_12646,12646,TUSCAL REDONDO,24,TUCUMÁN
loc_12647,12647,URIZAR,24,TUCUMÁN
loc_12648,12648,UTURUNO,24,TUCUMÁN
loc_12649,12649,VACAHUASI,24,TUCUMÁN
loc_12650,12650,VILLA BENJAMIN ARAOZ,24,TUCUMÁN
loc_12651,12651,VILLA BURRUYACU,24,TUCUMÁN
loc_12652,12652,VILLA COLMENA,24,TUCUMÁN
loc_12653,12653,VILLA DE LOS BRITOS,24,TUCUMÁN
loc_12654,12654,VILLA DESIERTO DE LUZ,24,TUCUMÁN
loc_12655,12655,VILLA EL BACHE,24,TUCUMÁN
loc_12656,12656,VILLA EL RETIRO,24,TUCUMÁN
loc_12657,12657,VILLA LA COLMENA,24,TUCUMÁN
loc_12658,12658,VILLA LA SOLEDAD,24,TUCUMÁN
loc_12659,12659,VILLA LA TUNA,24,TUCUMÁN
loc_12660,12660,VILLA MARIA,24,TUCUMÁN
loc_12661,12661,VILLA MERCEDES,24,TUCUMÁN
loc_12662,12662,VILLA MONTE CRISTO,24,TUCUMÁN
loc_12663,12663,VILLA NUEVA,24,TUCUMÁN
loc_12664,12664,VILLA PADRE MONTI,24,TUCUMÁN
loc_12665,12665,VILLA ROSA,24,TUCUMÁN
loc_12666,12666,VILLA SAN ANTONIO,24,TUCUMÁN
loc_12667,12667,VIRGINIA,24,TUCUMÁN
loc_12668,12668,ZAPALLAR,24,TUCUMÁN
loc_12669,12669,ABRA DEL TAFI,24,TUCUMÁN
loc_12670,12670,ALTO DE LEIVA,24,TUCUMÁN
loc_12671,12671,ALTO VERDE,24,TUCUMÁN
loc_12672,12672,APARADERO MILITAR GRAL MUÑOZ,24,TUCUMÁN
loc_12673,12673,ARANILLA,24,TUCUMÁN
loc_12674,12674,B ZORRILLA,24,TUCUMÁN
loc_12675,12675,CALIMAYO,24,TUCUMÁN
loc_12676,12676,CAMPO REDONDO,24,TUCUMÁN
loc_12678,12678,CASPICHANGO VIEJO,24,TUCUMÁN
loc_12679,12679,CASTILLAS,24,TUCUMÁN
loc_12680,12680,CHILCAR,24,TUCUMÁN
loc_12681,12681,COLONIA 6,24,TUCUMÁN
loc_12682,12682,COLONIA FELIPE,24,TUCUMÁN
loc_12683,12683,COLONIA LOS CHASALES,24,TUCUMÁN
loc_12684,12684,COLONIA SANTA MARINA,24,TUCUMÁN
loc_12685,12685,COLONIA TACAPUNCO,24,TUCUMÁN
loc_12687,12687,EL CEIBAL,24,TUCUMÁN
loc_12688,12688,EL DURAZNILLO,24,TUCUMÁN
loc_12689,12689,EL MANANTIAL,24,TUCUMÁN
loc_12690,12690,EL NOGALITO,24,TUCUMÁN
loc_12691,12691,ESCUELA 12,24,TUCUMÁN
loc_12692,12692,ESCUELA 130,24,TUCUMÁN
loc_12693,12693,ESCUELA 212,24,TUCUMÁN
loc_12694,12694,ESCUELA 222,24,TUCUMÁN
loc_12695,12695,ESCUELA 243,24,TUCUMÁN
loc_12696,12696,ESCUELA 247,24,TUCUMÁN
loc_12697,12697,ESCUELA 251,24,TUCUMÁN
loc_12698,12698,ESCUELA 253,24,TUCUMÁN
loc_12699,12699,ESCUELA 254,24,TUCUMÁN
loc_12700,12700,ESCUELA 260,24,TUCUMÁN
loc_12701,12701,ESCUELA 324,24,TUCUMÁN
loc_12702,12702,ESCUELA 333,24,TUCUMÁN
loc_12703,12703,ESCUELA 348,24,TUCUMÁN
loc_12704,12704,ESCUELA 39,24,TUCUMÁN
loc_12705,12705,ESCUELA 51,24,TUCUMÁN
loc_12706,12706,ESCUELA DE MANUALIDADES,24,TUCUMÁN
loc_12707,12707,ESCUELA DE MANUALIDADES OUANTA,24,TUCUMÁN
loc_12708,12708,ESCUELA DEAN SALCEDO,24,TUCUMÁN
loc_12709,12709,ESCUELA E CANTON,24,TUCUMÁN
loc_12710,12710,ESCUELA F N LAPRIDA,24,TUCUMÁN
loc_12711,12711,ESCUELA F NOGUES,24,TUCUMÁN
loc_12712,12712,ESCUELA IGNACIO COLOMBRES,24,TUCUMÁN
loc_12713,12713,ESCUELA ING BERTRE,24,TUCUMÁN
loc_12714,12714,ESCUELA L BLANCO,24,TUCUMÁN
loc_12715,12715,ESCUELA MALVINAS,24,TUCUMÁN
loc_12716,12716,ESCUELA MANUEL SAVIO,24,TUCUMÁN
loc_12717,12717,FAGSA,24,TUCUMÁN
loc_12718,12718,FINCA TINA,24,TUCUMÁN
loc_12719,12719,HITACHI,24,TUCUMÁN
loc_12720,12720,ING MERCEDES,24,TUCUMÁN
loc_12721,12721,JAVA,24,TUCUMÁN
loc_12722,12722,LA BOLSA,24,TUCUMÁN
loc_12723,12723,LA BOMBA,24,TUCUMÁN
loc_12724,12724,LA REDUCCION,24,TUCUMÁN
loc_12725,12725,LAS JUNTAS,24,TUCUMÁN
loc_12726,12726,LAS TIPAS,24,TUCUMÁN
loc_12727,12727,LOS AGUIRRE,24,TUCUMÁN
loc_12728,12728,LOS ALAMOS,24,TUCUMÁN
loc_12729,12729,LOS ALCARACES,24,TUCUMÁN
loc_12730,12730,LOS CHAMICOS,24,TUCUMÁN
loc_12731,12731,LOS CHAÑARITOS,24,TUCUMÁN
loc_12732,12732,LULES,24,TUCUMÁN
loc_12733,12733,MISKY,24,TUCUMÁN
loc_12734,12734,MUNDO NUEVO,24,TUCUMÁN
loc_12735,12735,POTRERILLO,24,TUCUMÁN
loc_12736,12736,POTRERO DE LAS TABLAS,24,TUCUMÁN
loc_12737,12737,PUERTA GRANDE,24,TUCUMÁN
loc_12738,12738,RUTA NACIONAL 157,24,TUCUMÁN
loc_12739,12739,RUTA NACIONAL 38,24,TUCUMÁN
loc_12740,12740,RUTA PROVINCIAL 301,24,TUCUMÁN
loc_12741,12741,RUTA PROVINCIAL 338,24,TUCUMÁN
loc_12742,12742,RUTA PROVINCIAL 380,24,TUCUMÁN
loc_12743,12743,SAN FELIPE,24,TUCUMÁN
loc_12744,12744,SAN JOSE,24,TUCUMÁN
loc_12745,12745,SAN MIGUEL,24,TUCUMÁN
loc_12746,12746,SAN PABLO,24,TUCUMÁN
loc_12747,12747,SAN RAFAEL,24,TUCUMÁN
loc_12748,12748,SANTA BARBARA,24,TUCUMÁN
loc_12749,12749,TECOTEX,24,TUCUMÁN
loc_12750,12750,VILLA NOGUES,24,TUCUMÁN
loc_12751,12751,YERBA HUASI,24,TUCUMÁN
loc_12752,12752,AGUILARES,24,TUCUMÁN
loc_12753,12753,ARROYO BARRIENTO,24,TUCUMÁN
loc_12754,12754,ARROYO MAL PASO,24,TUCUMÁN
loc_12755,12755,CEVIL GRANDE,24,TUCUMÁN
loc_12756,12756,CEVIL SOLO,24,TUCUMÁN
loc_12757,12757,CHAVARRIA,24,TUCUMÁN
loc_12758,12758,COLONIA MARULL,24,TUCUMÁN
loc_12759,12759,COLONIA NASCHI,24,TUCUMÁN
loc_12760,12760,COLONIA NUEVA TRINIDAD,24,TUCUMÁN
loc_12761,12761,CUESTA DE LA CHILCA,24,TUCUMÁN
loc_12762,12762,DOLAVON,24,TUCUMÁN
loc_12763,12763,EL CARMEN,24,TUCUMÁN
loc_12764,12764,EL CEBIL,24,TUCUMÁN
loc_12765,12765,EL POLEAR,24,TUCUMÁN
loc_12766,12766,EL RODEO,24,TUCUMÁN
loc_12767,12767,EL TUSCAL,24,TUCUMÁN
loc_12768,12768,ESCUELA 137,24,TUCUMÁN
loc_12769,12769,ESCUELA 140,24,TUCUMÁN
loc_12770,12770,ESCUELA 176,24,TUCUMÁN
loc_12771,12771,ESCUELA 21,24,TUCUMÁN
loc_12772,12772,ESCUELA 264,24,TUCUMÁN
loc_12773,12773,ESCUELA 274,24,TUCUMÁN
loc_12774,12774,ESCUELA 279,24,TUCUMÁN
loc_12775,12775,ESCUELA 280,24,TUCUMÁN
loc_12776,12776,ESCUELA 287,24,TUCUMÁN
loc_12777,12777,ESCUELA 288,24,TUCUMÁN
loc_12778,12778,ESCUELA 289,24,TUCUMÁN
loc_12779,12779,ESCUELA 320,24,TUCUMÁN
loc_12780,12780,ESCUELA 64,24,TUCUMÁN
loc_12781,12781,ESCUELA 66,24,TUCUMÁN
loc_12782,12782,ESCUELA 67,24,TUCUMÁN
loc_12783,12783,ESCUELA ALFONSINA STORNI,24,TUCUMÁN
loc_12784,12784,ESCUELA CARLOS PELLEGRINI,24,TUCUMÁN
loc_12785,12785,ESCUELA DOMINGO GARCIA,24,TUCUMÁN
loc_12786,12786,ESCUELA LUIS GIANNEO,24,TUCUMÁN
loc_12787,12787,FALDA DE ARCADIA,24,TUCUMÁN
loc_12788,12788,HUASA RINCON,24,TUCUMÁN
loc_12789,12789,INGENIO MARAPA,24,TUCUMÁN
loc_12790,12790,INGENIO SANTA ANA,24,TUCUMÁN
loc_12791,12791,INGENIO SANTA BARBARA,24,TUCUMÁN
loc_12792,12792,KILOMETRO 1455,24,TUCUMÁN
loc_12793,12793,KILOMETRO 55,24,TUCUMÁN
loc_12794,12794,LA TAPIA,24,TUCUMÁN
loc_12795,12795,LA TIPA,24,TUCUMÁN
loc_12796,12796,LAS ANIMAS,24,TUCUMÁN
loc_12797,12797,LAS TUSCAS TUSCAL,24,TUCUMÁN
loc_12798,12798,LOS ALISOS,24,TUCUMÁN
loc_12799,12799,LOS CALLEJONES,24,TUCUMÁN
loc_12800,12800,LOS CORDOBA,24,TUCUMÁN
loc_12801,12801,LOS GALPONES,24,TUCUMÁN
loc_12802,12802,LOS LUNAS,24,TUCUMÁN
loc_12803,12803,LOS OCHO CUARTOS,24,TUCUMÁN
loc_12804,12804,LOS RIOS,24,TUCUMÁN
loc_12805,12805,LOS RIZOS,24,TUCUMÁN
loc_12806,12806,LOS SARMIENTOS,24,TUCUMÁN
loc_12807,12807,MAL PASO,24,TUCUMÁN
loc_12808,12808,MARIA BLANCA,24,TUCUMÁN
loc_12809,12809,MERCEDES,24,TUCUMÁN
loc_12810,12810,MONTE BELLO,24,TUCUMÁN
loc_12811,12811,MONTE REDONDO,24,TUCUMÁN
loc_12812,12812,MORAS MINUCAS,24,TUCUMÁN
loc_12813,12813,MULTIFLORES,24,TUCUMÁN
loc_12814,12814,NASCHE,24,TUCUMÁN
loc_12815,12815,NUEVA ESQUINA,24,TUCUMÁN
loc_12816,12816,POTRERO DE LAS CABRAS,24,TUCUMÁN
loc_12817,12817,RINCON HUASA,24,TUCUMÁN
loc_12818,12818,RIO CHICO,24,TUCUMÁN
loc_12819,12819,SAN MIGUEL,24,TUCUMÁN
loc_12820,12820,SANTA ANA,24,TUCUMÁN
loc_12821,12821,SANTA ROSA,24,TUCUMÁN
loc_12822,12822,TUSCAL,24,TUCUMÁN
loc_12823,12823,VILLA ALBERDI,24,TUCUMÁN
loc_12824,12824,VILLA CLODOMIRO HILERET,24,TUCUMÁN
loc_12825,12825,VILLA VIEJA SANTA ANA,24,TUCUMÁN
loc_12826,12826,YAMINAS,24,TUCUMÁN
loc_12827,12827,ALTO LAS FLORES,24,TUCUMÁN
loc_12828,12828,AMPATA,24,TUCUMÁN
loc_12829,12829,AMPATILLA,24,TUCUMÁN
loc_12830,12830,ARROYO ATAHONA,24,TUCUMÁN
loc_12831,12831,ATAHONA,24,TUCUMÁN
loc_12832,12832,BALDERRAMA,24,TUCUMÁN
loc_12833,12833,BALDERRAMA SUR,24,TUCUMÁN
loc_12834,12834,BUENA VISTA,24,TUCUMÁN
loc_12835,12835,BUENA YERBA,24,TUCUMÁN
loc_12836,12836,CAMPO VOLANTE,24,TUCUMÁN
loc_12837,12837,CEJAS DE AROCA,24,TUCUMÁN
loc_12838,12838,CHIGLIGASTA,24,TUCUMÁN
loc_12839,12839,CIUDACITA,24,TUCUMÁN
loc_12840,12840,CORONA,24,TUCUMÁN
loc_12841,12841,EL CHILCAR,24,TUCUMÁN
loc_12842,12842,EL DURAZNO,24,TUCUMÁN
loc_12843,12843,EL JARDIN,24,TUCUMÁN
loc_12844,12844,EL MOLLAR,24,TUCUMÁN
loc_12845,12845,EL POLEAR,24,TUCUMÁN
loc_12846,12846,EL RODEO,24,TUCUMÁN
loc_12847,12847,EL TOBAR,24,TUCUMÁN
loc_12848,12848,ENTRE RIOS,24,TUCUMÁN
loc_12849,12849,ESCUELA 116,24,TUCUMÁN
loc_12850,12850,ESCUELA 126,24,TUCUMÁN
loc_12851,12851,ESCUELA 129,24,TUCUMÁN
loc_12852,12852,ESCUELA 131,24,TUCUMÁN
loc_12853,12853,ESCUELA 133,24,TUCUMÁN
loc_12854,12854,ESCUELA 134,24,TUCUMÁN
loc_12855,12855,ESCUELA 15,24,TUCUMÁN
loc_12856,12856,ESCUELA 16,24,TUCUMÁN
loc_12857,12857,ESCUELA 162,24,TUCUMÁN
loc_12858,12858,ESCUELA 183,24,TUCUMÁN
loc_12859,12859,ESCUELA 193,24,TUCUMÁN
loc_12860,12860,ESCUELA 198,24,TUCUMÁN
loc_12861,12861,ESCUELA 199,24,TUCUMÁN
loc_12862,12862,ESCUELA 20,24,TUCUMÁN
loc_12863,12863,ESCUELA 201,24,TUCUMÁN
loc_12864,12864,ESCUELA 203,24,TUCUMÁN
loc_12865,12865,ESCUELA 237,24,TUCUMÁN
loc_12866,12866,ESCUELA 241,24,TUCUMÁN
loc_12867,12867,ESCUELA 266,24,TUCUMÁN
loc_12868,12868,ESCUELA 269,24,TUCUMÁN
loc_12869,12869,ESCUELA 286,24,TUCUMÁN
loc_12870,12870,ESCUELA 297,24,TUCUMÁN
loc_12871,12871,ESCUELA 317,24,TUCUMÁN
loc_12872,12872,ESCUELA 322,24,TUCUMÁN
loc_12873,12873,ESCUELA 332,24,TUCUMÁN
loc_12874,12874,ESCUELA 345,24,TUCUMÁN
loc_12875,12875,ESCUELA 36,24,TUCUMÁN
loc_12876,12876,ESCUELA 391,24,TUCUMÁN
loc_12877,12877,ESCUELA 41,24,TUCUMÁN
loc_12878,12878,ESCUELA 43,24,TUCUMÁN
loc_12879,12879,ESCUELA 55,24,TUCUMÁN
loc_12880,12880,ESCUELA 68,24,TUCUMÁN
loc_12881,12881,ESCUELA 84,24,TUCUMÁN
loc_12882,12882,ESCUELA 93,24,TUCUMÁN
loc_12883,12883,ESCUELA 94,24,TUCUMÁN
loc_12884,12884,ESCUELA 95,24,TUCUMÁN
loc_12885,12885,ESCUELA 97,24,TUCUMÁN
loc_12886,12886,ESCUELA 99,24,TUCUMÁN
loc_12887,12887,ESCUELA AGUEDA DE POSSE,24,TUCUMÁN
loc_12888,12888,ESCUELA ARAOZ ALFARO,24,TUCUMÁN
loc_12889,12889,ESCUELA CNEL GERONIMO HELGUERA,24,TUCUMÁN
loc_12890,12890,ESCUELA CORNELIO SAAVEDRA,24,TUCUMÁN
loc_12891,12891,ESCUELA GOMEZ,24,TUCUMÁN
loc_12892,12892,ESCUELA LOPEZ MAÑAR,24,TUCUMÁN
loc_12893,12893,ESCUELA LOPEZ Y PLANES,24,TUCUMÁN
loc_12894,12894,ESCUELA LUGONES,24,TUCUMÁN
loc_12895,12895,ESCUELA MATIENZO,24,TUCUMÁN
loc_12896,12896,ESTANCIA SURI YACO,24,TUCUMÁN
loc_12897,12897,FINCA PACARA,24,TUCUMÁN
loc_12898,12898,GRAMAJOS,24,TUCUMÁN
loc_12899,12899,GUEMES,24,TUCUMÁN
loc_12900,12900,ICHIPUCA,24,TUCUMÁN
loc_12901,12901,INGAS,24,TUCUMÁN
loc_12902,12902,KILOMETRO 1185,24,TUCUMÁN
loc_12903,12903,KILOMETRO 1194,24,TUCUMÁN
loc_12904,12904,KILOMETRO 1207,24,TUCUMÁN
loc_12906,12906,LA FLORIDA,24,TUCUMÁN
loc_12907,12907,LA LOMA,24,TUCUMÁN
loc_12908,12908,LA PLANTA,24,TUCUMÁN
loc_12909,12909,LA REINA,24,TUCUMÁN
loc_12910,12910,LA RINCONADA,24,TUCUMÁN
loc_12911,12911,LA TUNA,24,TUCUMÁN
loc_12912,12912,LAS CEJAS,24,TUCUMÁN
loc_12913,12913,LAZARTE,24,TUCUMÁN
loc_12914,12914,LOMA GRANDE,24,TUCUMÁN
loc_12915,12915,LOS AGUDOS,24,TUCUMÁN
loc_12916,12916,LOS AMAYA,24,TUCUMÁN
loc_12917,12917,LOS ARRIETAS,24,TUCUMÁN
loc_12918,12918,LOS MENDOZAS,24,TUCUMÁN
loc_12919,12919,LOS PEREZ,24,TUCUMÁN
loc_12920,12920,LOS TREJOS,24,TUCUMÁN
loc_12921,12921,LOS TRES BAJOS,24,TUCUMÁN
loc_12922,12922,LOVAR,24,TUCUMÁN
loc_12924,12924,MANUELA PEDRAZA,24,TUCUMÁN
loc_12925,12925,MASCIO PILCO,24,TUCUMÁN
loc_12926,12926,MONTEAGUDO,24,TUCUMÁN
loc_12927,12927,NIOGASTA,24,TUCUMÁN
loc_12928,12928,NUEVA TRINIDAD,24,TUCUMÁN
loc_12929,12929,PALOMINOS,24,TUCUMÁN
loc_12930,12930,PAMPA MAYO,24,TUCUMÁN
loc_12931,12931,PLANTA COMPRESORA YPF,24,TUCUMÁN
loc_12932,12932,POLIAR,24,TUCUMÁN
loc_12933,12933,SAN ANTONIO DE PADUA,24,TUCUMÁN
loc_12934,12934,SAN CARLOS,24,TUCUMÁN
loc_12935,12935,SAN PEDRO MARTIR,24,TUCUMÁN
loc_12936,12936,SANDOVALES,24,TUCUMÁN
loc_12937,12937,SANTA CRUZ,24,TUCUMÁN
loc_12938,12938,SANTA ISABEL,24,TUCUMÁN
loc_12939,12939,SIMOCA,24,TUCUMÁN
loc_12940,12940,SUD DE LAZARTE,24,TUCUMÁN
loc_12941,12941,SUD DE TREJOS,24,TUCUMÁN
loc_12942,12942,SUELDO,24,TUCUMÁN
loc_12943,12943,VALENZUELA,24,TUCUMÁN
loc_12944,12944,VILLA STA ROSA DE NVA TRINIDAD,24,TUCUMÁN
loc_12945,12945,YERBA BUENA,24,TUCUMÁN
loc_12946,12946,ACHERAL,24,TUCUMÁN
loc_12947,12947,AMBERES,24,TUCUMÁN
loc_12948,12948,ARAGONES,24,TUCUMÁN
loc_12949,12949,ARAN,24,TUCUMÁN
loc_12950,12950,ARENILLA,24,TUCUMÁN
loc_12951,12951,BUENA VISTA OESTE,24,TUCUMÁN
loc_12952,12952,CACHI HUASI,24,TUCUMÁN
loc_12953,12953,CACHI YACO,24,TUCUMÁN
loc_12954,12954,CACHI YACO APEADERO FCGB,24,TUCUMÁN
loc_12955,12955,CACHIYACO,24,TUCUMÁN
loc_12956,12956,CAMAS AMONTONADAS,24,TUCUMÁN
loc_12957,12957,CAMPANA,24,TUCUMÁN
loc_12958,12958,CAMPO AZUL,24,TUCUMÁN
loc_12959,12959,CAMPO EL LUISITO,24,TUCUMÁN
loc_12960,12960,CAMPO EL MOLLAR,24,TUCUMÁN
loc_12961,12961,CANDELILLAL,24,TUCUMÁN
loc_12964,12964,CAPITAN CACERES,24,TUCUMÁN
loc_12965,12965,CARANCHO POZO,24,TUCUMÁN
loc_12966,12966,CASA DE PIEDRA,24,TUCUMÁN
loc_12967,12967,CASPINCHANGO,24,TUCUMÁN
loc_12968,12968,CEVILARCITO,24,TUCUMÁN
loc_12971,12971,CHAÑARITO,24,TUCUMÁN
loc_12972,12972,CHILCAR,24,TUCUMÁN
loc_12973,12973,COLONIA SANTA CATALINA,24,TUCUMÁN
loc_12974,12974,COSTILLA,24,TUCUMÁN
loc_12975,12975,DURAZNOS BLANCOS,24,TUCUMÁN
loc_12976,12976,EL ARENAL,24,TUCUMÁN
loc_12977,12977,EL CERCADO,24,TUCUMÁN
loc_12978,12978,EL CHURQUIS,24,TUCUMÁN
loc_12979,12979,EL INDIO,24,TUCUMÁN
loc_12980,12980,EL NARANJAL,24,TUCUMÁN
loc_12981,12981,EL NOGALAR,24,TUCUMÁN
loc_12982,12982,EL PALCARA,24,TUCUMÁN
loc_12983,12983,ESCUELA,24,TUCUMÁN
loc_12984,12984,ESCUELA 101,24,TUCUMÁN
loc_12985,12985,ESCUELA 121,24,TUCUMÁN
loc_12986,12986,ESCUELA 13,24,TUCUMÁN
loc_12987,12987,ESCUELA 135,24,TUCUMÁN
loc_12988,12988,ESCUELA 139,24,TUCUMÁN
loc_12989,12989,ESCUELA 14,24,TUCUMÁN
loc_12990,12990,ESCUELA 143,24,TUCUMÁN
loc_12991,12991,ESCUELA 144,24,TUCUMÁN
loc_12992,12992,ESCUELA 148,24,TUCUMÁN
loc_12993,12993,ESCUELA 165,24,TUCUMÁN
loc_12994,12994,ESCUELA 202,24,TUCUMÁN
loc_12995,12995,ESCUELA 236,24,TUCUMÁN
loc_12996,12996,ESCUELA 258,24,TUCUMÁN
loc_12997,12997,ESCUELA 281,24,TUCUMÁN
loc_12998,12998,ESCUELA 285,24,TUCUMÁN
loc_12999,12999,ESCUELA 29,24,TUCUMÁN
loc_13000,13000,ESCUELA 290,24,TUCUMÁN
loc_13001,13001,ESCUELA 297,24,TUCUMÁN
loc_13002,13002,ESCUELA 315,24,TUCUMÁN
loc_13003,13003,ESCUELA 319,24,TUCUMÁN
loc_13004,13004,ESCUELA 35,24,TUCUMÁN
loc_13005,13005,ESCUELA 361,24,TUCUMÁN
loc_13006,13006,ESCUELA 380,24,TUCUMÁN
loc_13007,13007,ESCUELA 53,24,TUCUMÁN
loc_13008,13008,ESCUELA FRAY M ESQUIU,24,TUCUMÁN
loc_13009,13009,ESCUELA IBATIN,24,TUCUMÁN
loc_13010,13010,ESCUELA J CASTELLANO,24,TUCUMÁN
loc_13011,13011,ESCUELA M ARIZA,24,TUCUMÁN
loc_13012,13012,ESCUELA MANUEL BORDA,24,TUCUMÁN
loc_13013,13013,ESCUELA TAMBOR DE TACUARI,24,TUCUMÁN
loc_13014,13014,FIN DEL MUNDO,24,TUCUMÁN
loc_13015,13015,HUASA PAMPA,24,TUCUMÁN
loc_13016,13016,IBATIN,24,TUCUMÁN
loc_13017,13017,INDEPENDENCIA,24,TUCUMÁN
loc_13018,13018,INGENIO LA PROVIDENCIA,24,TUCUMÁN
loc_13019,13019,INGENIO ÑUÑORCO,24,TUCUMÁN
loc_13020,13020,INGENIO SANTA LUCIA,24,TUCUMÁN
loc_13021,13021,INGENIO SANTA ROSA,24,TUCUMÁN
loc_13022,13022,ISLA SAN JOSE,24,TUCUMÁN
loc_13023,13023,ISLA SAN JOSE SUD,24,TUCUMÁN
loc_13024,13024,KILOMETRO 1213,24,TUCUMÁN
loc_13025,13025,KILOMETRO 1500,24,TUCUMÁN
loc_13026,13026,KILOMETRO 93,24,TUCUMÁN
loc_13027,13027,LA FLORIDA,24,TUCUMÁN
loc_13028,13028,LA HELADERA,24,TUCUMÁN
loc_13029,13029,LA MARAVILLA,24,TUCUMÁN
loc_13030,13030,LA QUINTA,24,TUCUMÁN
loc_13031,13031,LA RAMADITA,24,TUCUMÁN
loc_13032,13032,LAS CIENAGAS,24,TUCUMÁN
loc_13033,13033,LAS HIGUERITAS,24,TUCUMÁN
loc_13034,13034,LAS MESADAS,24,TUCUMÁN
loc_13035,13035,LAS PAMPITAS,24,TUCUMÁN
loc_13036,13036,LAS TALITAS,24,TUCUMÁN
loc_13037,13037,LEON ROUGES,24,TUCUMÁN
loc_13038,13038,LOS MOYES,24,TUCUMÁN
loc_13039,13039,LOS REYES,24,TUCUMÁN
loc_13040,13040,LOS ROBLES,24,TUCUMÁN
loc_13041,13041,LOS RODRIGUEZ,24,TUCUMÁN
loc_13042,13042,LOS ROJOS,24,TUCUMÁN
loc_13043,13043,LOS SOSAS,24,TUCUMÁN
loc_13044,13044,MACIO,24,TUCUMÁN
loc_13045,13045,MONTEROS,24,TUCUMÁN
loc_13046,13046,MONTEROS VIEJO,24,TUCUMÁN
loc_13047,13047,MOTHE,24,TUCUMÁN
loc_13048,13048,NEGRO POTRERO,24,TUCUMÁN
loc_13049,13049,ORAN,24,TUCUMÁN
loc_13050,13050,PIEDRAS COLORADAS,24,TUCUMÁN
loc_13051,13051,PILCO,24,TUCUMÁN
loc_13052,13052,PLAYA LARGA,24,TUCUMÁN
loc_13053,13053,PUEBLO VIEJO,24,TUCUMÁN
loc_13054,13054,RANCHO DE CASCADA,24,TUCUMÁN
loc_13055,13055,RINCON DE BALDERRAMA,24,TUCUMÁN
loc_13056,13056,RINCON GRANDE,24,TUCUMÁN
loc_13057,13057,RIO SECO,24,TUCUMÁN
loc_13058,13058,RUTA NACIONAL 38,24,TUCUMÁN
loc_13059,13059,SAN GABRIEL,24,TUCUMÁN
loc_13060,13060,SAN JOSE,24,TUCUMÁN
loc_13061,13061,SAN JOSE DE FLORES,24,TUCUMÁN
loc_13062,13062,SANTA CATALINA,24,TUCUMÁN
loc_13063,13063,SANTA ELENA,24,TUCUMÁN
loc_13064,13064,SANTA LUCIA,24,TUCUMÁN
loc_13065,13065,SANTA MONICA,24,TUCUMÁN
loc_13066,13066,SANTA ROSA,24,TUCUMÁN
loc_13067,13067,SANTO DOMINGO,24,TUCUMÁN
loc_13068,13068,SARGENTO MOYA,24,TUCUMÁN
loc_13069,13069,SOLDADO MALDONADO,24,TUCUMÁN
loc_13070,13070,TENIENTE BERDINA,24,TUCUMÁN
loc_13071,13071,VILLA BRAVA,24,TUCUMÁN
loc_13072,13072,VILLA NUEVA AGUILARES,24,TUCUMÁN
loc_13073,13073,VILLA QUINTEROS,24,TUCUMÁN
loc_13074,13074,YACUCHINA,24,TUCUMÁN
loc_13075,13075,YONOPONGO,24,TUCUMÁN
loc_13076,13076,YONOPONGO SUD,24,TUCUMÁN
loc_13077,13077,ZANJON MASCIO,24,TUCUMÁN
loc_13078,13078,ZAVALIA,24,TUCUMÁN
loc_13079,13079,ESTACION EXPERIMENTAL AGRICOLA,24,TUCUMÁN
loc_13080,13080,ESTACION SUPERIOR AGRICOLA,24,TUCUMÁN
loc_13081,13081,GOBERNADOR NOUGES,24,TUCUMÁN
loc_13082,13082,KILOMETRO 180,24,TUCUMÁN
loc_13083,13083,KILOMETRO 792,24,TUCUMÁN
loc_13084,13084,NUEVOS MATADEROS,24,TUCUMÁN
loc_13085,13085,SAN MIGUEL DE TUCUMAN,24,TUCUMÁN
loc_13086,13086,VILLA ANGELINA,24,TUCUMÁN
loc_13087,13087,VILLA ZENON SANTILLAN,24,TUCUMÁN
loc_13088,13088,ABRA BAYA,24,TUCUMÁN
loc_13089,13089,ABRA DE LA PICAZA,24,TUCUMÁN
loc_13090,13090,ABRA DE YARETA,24,TUCUMÁN
loc_13091,13091,ABRA DEL INFIERNILLO,24,TUCUMÁN
loc_13092,13092,ACONQUIJA,24,TUCUMÁN
loc_13093,13093,AGUA SALADA,24,TUCUMÁN
loc_13094,13094,AGUADA,24,TUCUMÁN
loc_13095,13095,ALISOS,24,TUCUMÁN
loc_13096,13096,ALTO CAZADERA,24,TUCUMÁN
loc_13097,13097,ALTO DE LOS REALES,24,TUCUMÁN
loc_13098,13098,ALTO DEL HUASCHO,24,TUCUMÁN
loc_13099,13099,ALTO DEL LAMPAZO,24,TUCUMÁN
loc_13100,13100,ALTO LOS CARDONES,24,TUCUMÁN
loc_13101,13101,AMAICHA DEL VALLE,24,TUCUMÁN
loc_13102,13102,AMPIMPA,24,TUCUMÁN
loc_13103,13103,ANCHILLOS,24,TUCUMÁN
loc_13104,13104,ANJUANA,24,TUCUMÁN
loc_13105,13105,ANTAMA,24,TUCUMÁN
loc_13106,13106,ANTIGUO QUILMES,24,TUCUMÁN
loc_13107,13107,BANDA,24,TUCUMÁN
loc_13108,13108,BARRIO CASINO,24,TUCUMÁN
loc_13109,13109,CALIMONTE,24,TUCUMÁN
loc_13110,13110,CAMPO BLANCO,24,TUCUMÁN
loc_13111,13111,CAMPO DE LAS GALLINAS,24,TUCUMÁN
loc_13112,13112,CAMPO DE LOS CARDONES,24,TUCUMÁN
loc_13113,13113,CAMPO DE LOS CHAÑARES,24,TUCUMÁN
loc_13114,13114,CAMPO ZAUZAL,24,TUCUMÁN
loc_13116,13116,CARAPUNCO,24,TUCUMÁN
loc_13117,13117,CASA DE CAMPO,24,TUCUMÁN
loc_13118,13118,CASA DE PIEDRAS,24,TUCUMÁN
loc_13119,13119,CASA DE ZINC,24,TUCUMÁN
loc_13120,13120,CASAS VIEJAS,24,TUCUMÁN
loc_13121,13121,CHILCAS,24,TUCUMÁN
loc_13122,13122,CHORRILLOS,24,TUCUMÁN
loc_13123,13123,CHURQUI,24,TUCUMÁN
loc_13124,13124,CIENAGUITA,24,TUCUMÁN
loc_13125,13125,COLALAO DEL VALLE,24,TUCUMÁN
loc_13126,13126,CORRAL BLANCO,24,TUCUMÁN
loc_13127,13127,CORRAL GRANDE,24,TUCUMÁN
loc_13128,13128,CUATRO GATOS,24,TUCUMÁN
loc_13129,13129,EL ANTIGAL,24,TUCUMÁN
loc_13130,13130,EL ARBOLAR,24,TUCUMÁN
loc_13131,13131,EL ARBOLITO,24,TUCUMÁN
loc_13132,13132,EL ARQUEAL,24,TUCUMÁN
loc_13133,13133,EL BAÑADO,24,TUCUMÁN
loc_13134,13134,EL CARMEN,24,TUCUMÁN
loc_13135,13135,EL CARRIZAL,24,TUCUMÁN
loc_13136,13136,EL CASIAL,24,TUCUMÁN
loc_13137,13137,EL CASIALITO,24,TUCUMÁN
loc_13138,13138,EL CATORCE,24,TUCUMÁN
loc_13139,13139,EL CHORRO,24,TUCUMÁN
loc_13140,13140,EL CUARTEADERO,24,TUCUMÁN
loc_13141,13141,EL INFIERNILLO,24,TUCUMÁN
loc_13142,13142,EL LAMEDERO,24,TUCUMÁN
loc_13143,13143,EL LAMPARAZO,24,TUCUMÁN
loc_13144,13144,EL MOLINO,24,TUCUMÁN
loc_13145,13145,EL MOLLAR,24,TUCUMÁN
loc_13146,13146,EL MOLLE,24,TUCUMÁN
loc_13147,13147,EL MOLLE VIEJO,24,TUCUMÁN
loc_13148,13148,EL PABELLON,24,TUCUMÁN
loc_13149,13149,EL PASO,24,TUCUMÁN
loc_13150,13150,EL PAYANAL,24,TUCUMÁN
loc_13151,13151,EL PORTEZUELO,24,TUCUMÁN
loc_13152,13152,EL POTRERILLO,24,TUCUMÁN
loc_13153,13153,EL POZO,24,TUCUMÁN
loc_13154,13154,EL REMATE,24,TUCUMÁN
loc_13155,13155,EL TORO,24,TUCUMÁN
loc_13156,13156,EL ZANJON,24,TUCUMÁN
loc_13157,13157,ESCUELA 213,24,TUCUMÁN
loc_13158,13158,ESCUELA 217,24,TUCUMÁN
loc_13159,13159,ESCUELA 22,24,TUCUMÁN
loc_13160,13160,ESCUELA 23,24,TUCUMÁN
loc_13161,13161,ESCUELA 28,24,TUCUMÁN
loc_13162,13162,ESCUELA 325,24,TUCUMÁN
loc_13163,13163,ESCUELA 33,24,TUCUMÁN
loc_13164,13164,ESCUELA 336,24,TUCUMÁN
loc_13165,13165,ESCUELA 337,24,TUCUMÁN
loc_13166,13166,ESCUELA 338,24,TUCUMÁN
loc_13167,13167,ESCUELA 340,24,TUCUMÁN
loc_13168,13168,ESCUELA 342,24,TUCUMÁN
loc_13169,13169,ESCUELA 357,24,TUCUMÁN
loc_13170,13170,ESCUELA 37,24,TUCUMÁN
loc_13171,13171,ESCUELA 371,24,TUCUMÁN
loc_13172,13172,ESCUELA 374,24,TUCUMÁN
loc_13173,13173,ESCUELA 379,24,TUCUMÁN
loc_13174,13174,ESCUELA 38,24,TUCUMÁN
loc_13175,13175,ESCUELA 390,24,TUCUMÁN
loc_13176,13176,ESCUELA 50,24,TUCUMÁN
loc_13177,13177,ESCUELA CNEL IGNACIO MURGA,24,TUCUMÁN
loc_13178,13178,ESCUELA GOB JOSE MANUEL SILVA,24,TUCUMÁN
loc_13179,13179,ESCUELA MANUELA PEDRAZA,24,TUCUMÁN
loc_13180,13180,ESPIADERO,24,TUCUMÁN
loc_13181,13181,ESQUINA,24,TUCUMÁN
loc_13182,13182,ESQUINA DEL VALLE,24,TUCUMÁN
loc_13183,13183,FRONTERITAS,24,TUCUMÁN
loc_13184,13184,FUERTE QUEMADO,24,TUCUMÁN
loc_13185,13185,HIGUERITAS,24,TUCUMÁN
loc_13186,13186,HOYADA,24,TUCUMÁN
loc_13187,13187,HUASAMAYO,24,TUCUMÁN
loc_13188,13188,IGLESIAS,24,TUCUMÁN
loc_13189,13189,JULIPAO,24,TUCUMÁN
loc_13190,13190,JUNTA,24,TUCUMÁN
loc_13191,13191,KILOMETRO 1025,24,TUCUMÁN
loc_13192,13192,KILOMETRO 1041,24,TUCUMÁN
loc_13193,13193,KILOMETRO 118,24,TUCUMÁN
loc_13194,13194,KILOMETRO 52,24,TUCUMÁN
loc_13195,13195,KILOMETRO 62,24,TUCUMÁN
loc_13197,13197,LA ANGOSTURA,24,TUCUMÁN
loc_13198,13198,LA BOLSA,24,TUCUMÁN
loc_13199,13199,LA CAÑADA PARADA,24,TUCUMÁN
loc_13200,13200,LA CIENAGA,24,TUCUMÁN
loc_13201,13201,LA COMBADA,24,TUCUMÁN
loc_13202,13202,LA CRUZ,24,TUCUMÁN
loc_13203,13203,LA FALDA,24,TUCUMÁN
loc_13204,13204,LA MARAVILLA,24,TUCUMÁN
loc_13205,13205,LA MESADA,24,TUCUMÁN
loc_13206,13206,LA PUNTILLA,24,TUCUMÁN
loc_13207,13207,LA QUEBRADA,24,TUCUMÁN
loc_13208,13208,LA QUESERIA,24,TUCUMÁN
loc_13209,13209,LA SALA,24,TUCUMÁN
loc_13210,13210,LA SALAMANCA,24,TUCUMÁN
loc_13211,13211,LA SILLA,24,TUCUMÁN
loc_13212,13212,LA TRANCA,24,TUCUMÁN
loc_13213,13213,LA VIÑITA,24,TUCUMÁN
loc_13214,13214,LACAVERA,24,TUCUMÁN
loc_13215,13215,LAMPARCITO,24,TUCUMÁN
loc_13216,13216,LARA,24,TUCUMÁN
loc_13217,13217,LAS ARCAS,24,TUCUMÁN
loc_13218,13218,LAS BOLSAS,24,TUCUMÁN
loc_13219,13219,LAS CAÑAS,24,TUCUMÁN
loc_13220,13220,LAS CARRERAS,24,TUCUMÁN
loc_13221,13221,LAS MELLIZAS,24,TUCUMÁN
loc_13222,13222,LAS MORITAS,24,TUCUMÁN
loc_13223,13223,LAS SALINAS,24,TUCUMÁN
loc_13224,13224,LAS TIPAS DE COLALAO,24,TUCUMÁN
loc_13225,13225,LAS ZANJAS,24,TUCUMÁN
loc_13226,13226,LOMA COLORADA,24,TUCUMÁN
loc_13227,13227,LOMA REDONDA,24,TUCUMÁN
loc_13228,13228,LOS BATEONES,24,TUCUMÁN
loc_13229,13229,LOS CHAÑARES,24,TUCUMÁN
loc_13230,13230,LOS COLORADOS,24,TUCUMÁN
loc_13231,13231,LOS CORDONES,24,TUCUMÁN
loc_13232,13232,LOS CORPITOS,24,TUCUMÁN
loc_13233,13233,LOS CUARTOS,24,TUCUMÁN
loc_13234,13234,LOS POCITOS,24,TUCUMÁN
loc_13235,13235,LOS ZAZOS,24,TUCUMÁN
loc_13236,13236,MACHO HUAÑUSCA,24,TUCUMÁN
loc_13237,13237,MANAGUA,24,TUCUMÁN
loc_13238,13238,MESADA DE ENCIMA,24,TUCUMÁN
loc_13239,13239,MOLLE DE ABAJO,24,TUCUMÁN
loc_13240,13240,MOLLE YACO,24,TUCUMÁN
loc_13241,13241,NOGALITA,24,TUCUMÁN
loc_13242,13242,OJO DE AGUA,24,TUCUMÁN
loc_13243,13243,OVEJERIA,24,TUCUMÁN
loc_13244,13244,PALO GACHO,24,TUCUMÁN
loc_13245,13245,PARAISO,24,TUCUMÁN
loc_13247,13247,PEÑA PICAZA,24,TUCUMÁN
loc_13248,13248,PICHAO,24,TUCUMÁN
loc_13249,13249,PIE DE LA CUESTA,24,TUCUMÁN
loc_13250,13250,PIE DEL ACONQUIJA,24,TUCUMÁN
loc_13251,13251,PIEDRA BLANCA,24,TUCUMÁN
loc_13252,13252,PIEDRAS BLANCAS,24,TUCUMÁN
loc_13253,13253,PORT DE LAS ANIMAS,24,TUCUMÁN
loc_13254,13254,PORT DE TOMAS,24,TUCUMÁN
loc_13255,13255,PUERTA DE JULIPAO,24,TUCUMÁN
loc_13256,13256,PUERTA SAN JAVIER,24,TUCUMÁN
loc_13257,13257,PUERTO COCHUCHO,24,TUCUMÁN
loc_13258,13258,PUESTO DE ALUMBRE,24,TUCUMÁN
loc_13259,13259,PUESTO DE ENCALILLO,24,TUCUMÁN
loc_13260,13260,PUESTO DE JULIPAO,24,TUCUMÁN
loc_13261,13261,PUESTO DE ZARZO,24,TUCUMÁN
loc_13262,13262,PUESTO LA RAMADITA,24,TUCUMÁN
loc_13263,13263,PUESTO VIEJO,24,TUCUMÁN
loc_13264,13264,QUILMES,24,TUCUMÁN
loc_13265,13265,QUISCA CHICA,24,TUCUMÁN
loc_13266,13266,REARTE,24,TUCUMÁN
loc_13267,13267,RINCON,24,TUCUMÁN
loc_13268,13268,RINCON DE LAS TACANAS,24,TUCUMÁN
loc_13269,13269,RINCON DE QUILMES,24,TUCUMÁN
loc_13270,13270,RIO BLANCO,24,TUCUMÁN
loc_13271,13271,RODEO GRANDE,24,TUCUMÁN
loc_13272,13272,SALADILLO,24,TUCUMÁN
loc_13273,13273,SALAS,24,TUCUMÁN
loc_13274,13274,SAN CARLITOS,24,TUCUMÁN
loc_13275,13275,SAN FRANCISCO,24,TUCUMÁN
loc_13276,13276,SINQUEAL,24,TUCUMÁN
loc_13277,13277,TAFI DEL VALLE,24,TUCUMÁN
loc_13278,13278,TALA PASO,24,TUCUMÁN
loc_13279,13279,TALLERES NACIONALES,24,TUCUMÁN
loc_13280,13280,TIO FRANCO,24,TUCUMÁN
loc_13281,13281,TIO PUNCO,24,TUCUMÁN
loc_13282,13282,TORO YACO,24,TUCUMÁN
loc_13283,13283,TOTORITAS,24,TUCUMÁN
loc_13284,13284,YACO,24,TUCUMÁN
loc_13285,13285,YASYAMAYO,24,TUCUMÁN
loc_13286,13286,ZURITA,24,TUCUMÁN
loc_13287,13287,AGUA AZUL,24,TUCUMÁN
loc_13288,13288,AGUA BLANCA,24,TUCUMÁN
loc_13289,13289,ARROYO DE LA CRUZ,24,TUCUMÁN
loc_13290,13290,BARRANCAS COLORADAS,24,TUCUMÁN
loc_13291,13291,BUEN RETIRO,24,TUCUMÁN
loc_13292,13292,CAMPO HERRERA,24,TUCUMÁN
loc_13293,13293,CAMPO REDONDO,24,TUCUMÁN
loc_13294,13294,CAÑADA,24,TUCUMÁN
loc_13295,13295,CARRICHANGO,24,TUCUMÁN
loc_13296,13296,COLONIA ACEVEDO,24,TUCUMÁN
loc_13297,13297,COLONIA BASCARY,24,TUCUMÁN
loc_13298,13298,COLONIA EL SUNCHAL,24,TUCUMÁN
loc_13299,13299,COLONIA MARIA ELENA,24,TUCUMÁN
loc_13300,13300,COLONIA PACARA,24,TUCUMÁN
loc_13301,13301,COLONIA SANTA CLARA,24,TUCUMÁN
loc_13302,13302,COLONIA SANTA LUCIA,24,TUCUMÁN
loc_13303,13303,COLONIA SANTA RITA,24,TUCUMÁN
loc_13304,13304,EL CARMEN,24,TUCUMÁN
loc_13305,13305,EL CEIBAL,24,TUCUMÁN
loc_13306,13306,EL CRUCE,24,TUCUMÁN
loc_13307,13307,EL MATADERO,24,TUCUMÁN
loc_13308,13308,EL MOYAR,24,TUCUMÁN
loc_13309,13309,EL OBRAJE,24,TUCUMÁN
loc_13310,13310,EL TROPEZON,24,TUCUMÁN
loc_13311,13311,ENTRE RIOS,24,TUCUMÁN
loc_13312,13312,ESCUELA 100,24,TUCUMÁN
loc_13313,13313,ESCUELA 124,24,TUCUMÁN
loc_13314,13314,ESCUELA 154,24,TUCUMÁN
loc_13315,13315,ESCUELA 160,24,TUCUMÁN
loc_13316,13316,ESCUELA 197,24,TUCUMÁN
loc_13317,13317,ESCUELA 200,24,TUCUMÁN
loc_13318,13318,ESCUELA 206,24,TUCUMÁN
loc_13319,13319,ESCUELA 257,24,TUCUMÁN
loc_13320,13320,ESCUELA 261,24,TUCUMÁN
loc_13321,13321,ESCUELA 298,24,TUCUMÁN
loc_13322,13322,ESCUELA 321,24,TUCUMÁN
loc_13323,13323,ESCUELA 356,24,TUCUMÁN
loc_13324,13324,ESCUELA 373,24,TUCUMÁN
loc_13325,13325,ESCUELA 63,24,TUCUMÁN
loc_13326,13326,ESCUELA 88,24,TUCUMÁN
loc_13327,13327,ESCUELA CONGRESALES TUCUMANOS,24,TUCUMÁN
loc_13328,13328,ESCUELA GUILLERMINA MOREIRA,24,TUCUMÁN
loc_13329,13329,ESCUELA MONTE GRANDE,24,TUCUMÁN
loc_13330,13330,ESCUELA VELEZ SARSFIELD,24,TUCUMÁN
loc_13331,13331,ESQUINA NORTE,24,TUCUMÁN
loc_13332,13332,FAMAILLA,24,TUCUMÁN
loc_13333,13333,FINCA ARAOZ,24,TUCUMÁN
loc_13334,13334,FINCA PEREYRA,24,TUCUMÁN
loc_13335,13335,FINCA TULIO,24,TUCUMÁN
loc_13336,13336,INGENIO LA FRONTERITA,24,TUCUMÁN
loc_13337,13337,INGENIO LULES,24,TUCUMÁN
loc_13338,13338,INVERNADA,24,TUCUMÁN
loc_13339,13339,KILOMETRO 102,24,TUCUMÁN
loc_13340,13340,KILOMETRO 108,24,TUCUMÁN
loc_13341,13341,KILOMETRO 1240,24,TUCUMÁN
loc_13342,13342,KILOMETRO 1244,24,TUCUMÁN
loc_13343,13343,KILOMETRO 5,24,TUCUMÁN
loc_13344,13344,KILOMETRO 99,24,TUCUMÁN
loc_13345,13345,LA AGUADA,24,TUCUMÁN
loc_13346,13346,LA AGUADITA,24,TUCUMÁN
loc_13347,13347,LA BANDA,24,TUCUMÁN
loc_13348,13348,LA CAPILLA,24,TUCUMÁN
loc_13349,13349,LA FRONTERITA,24,TUCUMÁN
loc_13350,13350,LA PINTA Y LA CUARENTA,24,TUCUMÁN
loc_13351,13351,LA RINCONADA PARADA,24,TUCUMÁN
loc_13352,13352,LAS BANDERITAS,24,TUCUMÁN
loc_13353,13353,LAS MORERAS,24,TUCUMÁN
loc_13354,13354,LAS RATAS,24,TUCUMÁN
loc_13355,13355,LAS TABLAS,24,TUCUMÁN
loc_13356,13356,LAS TRES FLORES,24,TUCUMÁN
loc_13357,13357,LAURELES,24,TUCUMÁN
loc_13358,13358,LAURELES NORTE,24,TUCUMÁN
loc_13359,13359,LAURELES SUR,24,TUCUMÁN
loc_13360,13360,LOS SIFONES,24,TUCUMÁN
loc_13361,13361,MALVINAS,24,TUCUMÁN
loc_13362,13362,MANANTIAL DE OVANTA,24,TUCUMÁN
loc_13363,13363,MANCHALA,24,TUCUMÁN
loc_13364,13364,MERCEDES,24,TUCUMÁN
loc_13365,13365,MONTE GRANDE,24,TUCUMÁN
loc_13366,13366,NUEVA BAVIERA,24,TUCUMÁN
loc_13367,13367,OBRAJE,24,TUCUMÁN
loc_13368,13368,PADILLA,24,TUCUMÁN
loc_13369,13369,POTRERO,24,TUCUMÁN
loc_13370,13370,PUERTAS GRANDES,24,TUCUMÁN
loc_13371,13371,PUNTA DEL MONTE,24,TUCUMÁN
loc_13372,13372,QUEBRADA DE LULES,24,TUCUMÁN
loc_13373,13373,RIO LULES,24,TUCUMÁN
loc_13374,13374,RUTA NACIONAL 157,24,TUCUMÁN
loc_13375,13375,RUTA NACIONAL 38,24,TUCUMÁN
loc_13376,13376,RUTA PROVINCIAL 322,24,TUCUMÁN
loc_13377,13377,RUTA PROVINCIAL 334,24,TUCUMÁN
loc_13378,13378,RUTA PROVINCIAL 380,24,TUCUMÁN
loc_13379,13379,SAN FELIPE,24,TUCUMÁN
loc_13380,13380,SAN GABRIEL DEL MONTE,24,TUCUMÁN
loc_13381,13381,SAN JENARO,24,TUCUMÁN
loc_13382,13382,SAN JOSE DE BUENA VISTA,24,TUCUMÁN
loc_13383,13383,SAN JOSE DE LULES,24,TUCUMÁN
loc_13384,13384,SAN LUIS,24,TUCUMÁN
loc_13385,13385,SAUCE HUACHO,24,TUCUMÁN
loc_13386,13386,SAUCE PARTIDO,24,TUCUMÁN
loc_13387,13387,TRES ALMACENES,24,TUCUMÁN
loc_13388,13388,CABO RASO,5,CHUBUT
loc_13389,13389,CAMARONES,5,CHUBUT
loc_13390,13390,DOS POZOS,5,CHUBUT
loc_13391,13391,EL JAGUEL,5,CHUBUT
loc_13392,13392,FLORENTINO AMEGHINO,5,CHUBUT
loc_13393,13393,GARAYALDE,5,CHUBUT
loc_13394,13394,LA CASTELLANA,5,CHUBUT
loc_13395,13395,MALASPINA,5,CHUBUT
loc_13396,13396,RUTA 3 KILOMETRO 1646,5,CHUBUT
loc_13397,13397,RUTA 3 KILOMETRO 1711,5,CHUBUT
loc_13398,13398,SIERRA COLORADA,5,CHUBUT
loc_13399,13399,UZCUDUN,5,CHUBUT
loc_13400,13400,ALDEA APELEG,5,CHUBUT
loc_13401,13401,ALDEA BELEIRO,5,CHUBUT
loc_13402,13402,ALTO RIO MAYO,5,CHUBUT
loc_13403,13403,ALTO RIO SENGUER,5,CHUBUT
loc_13404,13404,ARROYO CHALIA,5,CHUBUT
loc_13405,13405,ARROYO GATO,5,CHUBUT
loc_13406,13406,BAJO LA CANCHA,5,CHUBUT
loc_13407,13407,DOCTOR RICARDO ROJAS,5,CHUBUT
loc_13408,13408,EL COITE,5,CHUBUT
loc_13409,13409,EL PORVENIR,5,CHUBUT
loc_13410,13410,EL TRIANA,5,CHUBUT
loc_13411,13411,FACUNDO,5,CHUBUT
loc_13412,13412,HITO 45,5,CHUBUT
loc_13413,13413,HITO 50,5,CHUBUT
loc_13414,13414,LA CANCHA,5,CHUBUT
loc_13415,13415,LA LAURITA,5,CHUBUT
loc_13416,13416,LA NICOLASA,5,CHUBUT
loc_13417,13417,LA PEPITA,5,CHUBUT
loc_13418,13418,LA SIBERIA,5,CHUBUT
loc_13419,13419,LAGO BLANCO,5,CHUBUT
loc_13420,13420,LAGO FONTANA,5,CHUBUT
loc_13421,13421,LOS TAMARISCOS,5,CHUBUT
loc_13422,13422,PASO MORENO,5,CHUBUT
loc_13423,13423,PASTOS BLANCOS,5,CHUBUT
loc_13424,13424,RIO FRIAS,5,CHUBUT
loc_13425,13425,RIO MAYO,5,CHUBUT
loc_13426,13426,SIERRA NEVADA BUEN PASTO,5,CHUBUT
loc_13427,13427,VALLE HUEMULES,5,CHUBUT
loc_13428,13428,ALTO RIO PICO,5,CHUBUT
loc_13429,13429,ARENOSO,5,CHUBUT
loc_13432,13432,CASA BLANCA,5,CHUBUT
loc_13433,13433,CERRO NEGRO,5,CHUBUT
loc_13434,13434,CORRALITOS,5,CHUBUT
loc_13435,13435,EL CHERQUE,5,CHUBUT
loc_13436,13436,EL SHAMAN,5,CHUBUT
loc_13437,13437,EL TROPEZON,5,CHUBUT
loc_13438,13438,ESTANCIA NUEVA LUBECKA,5,CHUBUT
loc_13439,13439,FRONTERA DE RIO PICO,5,CHUBUT
loc_13440,13440,GOBERNADOR COSTA,5,CHUBUT
loc_13441,13441,HITO 43,5,CHUBUT
loc_13442,13442,JOSE DE SAN MARTIN,5,CHUBUT
loc_13443,13443,LAGO PAZ,5,CHUBUT
loc_13444,13444,LAGO VINTTER,5,CHUBUT
loc_13445,13445,LAGUNA BLANCA,5,CHUBUT
loc_13447,13447,LAGUNA VERDE,5,CHUBUT
loc_13448,13448,LAS MULAS,5,CHUBUT
loc_13449,13449,LAS PAMPAS,5,CHUBUT
loc_13450,13450,LENZANILLEO,5,CHUBUT
loc_13451,13451,LOS CORRALITOS,5,CHUBUT
loc_13452,13452,MATA GRANDE,5,CHUBUT
loc_13453,13453,NIRIGUAO,5,CHUBUT
loc_13454,13454,NIRIGUCE PAMPA,5,CHUBUT
loc_13455,13455,PIEDRA SHOTEL,5,CHUBUT
loc_13456,13456,PUTRACHOIQUE,5,CHUBUT
loc_13457,13457,RIO PICO,5,CHUBUT
loc_13458,13458,AGUADA DEL PITO,5,CHUBUT
loc_13459,13459,BAJADA MORENO,5,CHUBUT
loc_13460,13460,CARHUE NIYEO,5,CHUBUT
loc_13461,13461,CERRO SANTA ANA,5,CHUBUT
loc_13462,13462,COLELACHE,5,CHUBUT
loc_13463,13463,EL CHACAY DPTO GASTRE,5,CHUBUT
loc_13464,13464,EL ESCORIAL,5,CHUBUT
loc_13465,13465,EL PORTEZUELO,5,CHUBUT
loc_13466,13466,GASTRE,5,CHUBUT
loc_13467,13467,LAGUNITA SALADA,5,CHUBUT
loc_13468,13468,PIRRE MAHUIDA,5,CHUBUT
loc_13469,13469,PLANCUNTRE,5,CHUBUT
loc_13470,13470,SACANANA,5,CHUBUT
loc_13471,13471,TAQUETREN,5,CHUBUT
loc_13472,13472,ARROYO VERDE,5,CHUBUT
loc_13473,13473,BAHIA CRACHER,5,CHUBUT
loc_13474,13474,BAJO BARTOLO,5,CHUBUT
loc_13475,13475,BAJO DEL GUALICHO,5,CHUBUT
loc_13476,13476,BAJO LAS DAMAJUANAS,5,CHUBUT
loc_13477,13477,CALETA VALDEZ,5,CHUBUT
loc_13479,13479,EL PASTIZAL,5,CHUBUT
loc_13480,13480,EL PIQUILLIN,5,CHUBUT
loc_13481,13481,EL QUILIMUAY,5,CHUBUT
loc_13482,13482,EL RUANO,5,CHUBUT
loc_13483,13483,EL SALITRAL,5,CHUBUT
loc_13484,13484,EMPALME PUERTO LOBOS,5,CHUBUT
loc_13485,13485,LA CORONA,5,CHUBUT
loc_13486,13486,LA ROSILLA,5,CHUBUT
loc_13487,13487,LARRALDE,5,CHUBUT
loc_13488,13488,LORETO,5,CHUBUT
loc_13489,13489,MEDANOS,5,CHUBUT
loc_13490,13490,PUERTO LOBOS,5,CHUBUT
loc_13491,13491,PUERTO MADRYN,5,CHUBUT
loc_13492,13492,PUERTO PIRAMIDES,5,CHUBUT
loc_13493,13493,PUERTO SAN ROMAN,5,CHUBUT
loc_13494,13494,PUNTA BAJOS,5,CHUBUT
loc_13495,13495,PUNTA DELGADA,5,CHUBUT
loc_13496,13496,PUNTA NORTE,5,CHUBUT
loc_13497,13497,PUNTA QUIROGA,5,CHUBUT
loc_13498,13498,SALINAS CHICAS,5,CHUBUT
loc_13499,13499,SALINAS GRANDES,5,CHUBUT
loc_13500,13500,SAN JOSE,5,CHUBUT
loc_13501,13501,SIERRA CHICA,5,CHUBUT
loc_13502,13502,BAJO DE LOS HUESOS,5,CHUBUT
loc_13503,13503,BASE AERONAVAL ALMIRANTE IRIZA,5,CHUBUT
loc_13504,13504,CASA BLANCA,5,CHUBUT
loc_13505,13505,CHARQUE CHICO,5,CHUBUT
loc_13506,13506,PLAYA UNION,5,CHUBUT
loc_13507,13507,PUENTE HENDRE,5,CHUBUT
loc_13508,13508,PUNTA NINFAS,5,CHUBUT
loc_13509,13509,RAWSON,5,CHUBUT
loc_13510,13510,SOL DE MAYO,5,CHUBUT
loc_13511,13511,TRELEW,5,CHUBUT
loc_13512,13512,ALDEA ESCOLAR,5,CHUBUT
loc_13513,13513,ARROYO PERCY,5,CHUBUT
loc_13514,13514,ARROYO PESCADO,5,CHUBUT
loc_13515,13515,CACHEL,5,CHUBUT
loc_13516,13516,CERRO CENTINELA,5,CHUBUT
loc_13517,13517,CERRO MALLACO,5,CHUBUT
loc_13518,13518,CHACRA DE AUSTIN,5,CHUBUT
loc_13519,13519,COLONIA 16 DE OCTUBRE,5,CHUBUT
loc_13520,13520,CORCOVADO,5,CHUBUT
loc_13521,13521,EL BOQUETE,5,CHUBUT
loc_13522,13522,ESQUEL,5,CHUBUT
loc_13523,13523,FUTALEUFU,5,CHUBUT
loc_13524,13524,LAGO RIVADAVIA,5,CHUBUT
loc_13525,13525,LAGO ROSARIO,5,CHUBUT
loc_13526,13526,LAGO VERDE,5,CHUBUT
loc_13527,13527,LAGUNA TERRAPLEN,5,CHUBUT
loc_13528,13528,LEGUA 24,5,CHUBUT
loc_13529,13529,LOS CIPRESES,5,CHUBUT
loc_13530,13530,MALLIN GRANDE CORCOVADO,5,CHUBUT
loc_13531,13531,MATUCANA,5,CHUBUT
loc_13532,13532,MAYOCO,5,CHUBUT
loc_13533,13533,NAHUEL PAN ESTACION FCGR,5,CHUBUT
loc_13534,13534,PARQUE NACIONAL LOS ALERCES,5,CHUBUT
loc_13535,13535,RIO CORINTO,5,CHUBUT
loc_13536,13536,SIERRA DE TECKA,5,CHUBUT
loc_13537,13537,SUNICA,5,CHUBUT
loc_13538,13538,TREVELIN,5,CHUBUT
loc_13539,13539,VALLE FRIO,5,CHUBUT
loc_13540,13540,VILLA FUTALAUFQUEN,5,CHUBUT
loc_13541,13541,CARRENLEUFU,5,CHUBUT
loc_13542,13542,COLAN CONHUE,5,CHUBUT
loc_13543,13543,COLONIA EPULEF,5,CHUBUT
loc_13544,13544,EL CRONOMETRO,5,CHUBUT
loc_13545,13545,EL CUCHE,5,CHUBUT
loc_13546,13546,EL KAQUEL,5,CHUBUT
loc_13547,13547,EL MOLLE,5,CHUBUT
loc_13548,13548,EL POYO,5,CHUBUT
loc_13549,13549,ESTANCIA LA MIMOSA,5,CHUBUT
loc_13550,13550,ESTANCIA PAMPA CHICA,5,CHUBUT
loc_13553,13553,LAS SALINAS,5,CHUBUT
loc_13554,13554,MALLIN BLANCO,5,CHUBUT
loc_13555,13555,PAMPA DE AGNIA,5,CHUBUT
loc_13556,13556,PAMPA TEPUEL,5,CHUBUT
loc_13557,13557,PASO DEL SAPO,5,CHUBUT
loc_13558,13558,PIEDRA PARADA,5,CHUBUT
loc_13559,13559,POCITOS DE QUICHAURA,5,CHUBUT
loc_13560,13560,TECKA,5,CHUBUT
loc_13561,13561,VALLE DEL TECKA,5,CHUBUT
loc_13562,13562,VALLE GARIN,5,CHUBUT
loc_13563,13563,VALLE HONDO,5,CHUBUT
loc_13564,13564,AGUADA DE LAS TEJAS,5,CHUBUT
loc_13565,13565,BAJADA DEL DIABLO,5,CHUBUT
loc_13569,13569,CATAYCO,5,CHUBUT
loc_13570,13570,CERRO PICHALAO,5,CHUBUT
loc_13571,13571,CHACAY ESTE,5,CHUBUT
loc_13572,13572,CHACAY OESTE,5,CHUBUT
loc_13573,13573,CHASICO,5,CHUBUT
loc_13574,13574,EL ALAMO,5,CHUBUT
loc_13575,13575,ESTANCIA EL MORO,5,CHUBUT
loc_13576,13576,GAN GAN,5,CHUBUT
loc_13577,13577,LAGUNA DE VACAS,5,CHUBUT
loc_13578,13578,LAGUNA FRIA,5,CHUBUT
loc_13579,13579,MALLIN GRANDE,5,CHUBUT
loc_13580,13580,PAINALUF,5,CHUBUT
loc_13581,13581,SEPRUCAL,5,CHUBUT
loc_13582,13582,SIERRA CHATA,5,CHUBUT
loc_13583,13583,SIERRA ROSADA,5,CHUBUT
loc_13584,13584,TALAGAPA,5,CHUBUT
loc_13585,13585,TATUEN,5,CHUBUT
loc_13586,13586,TELSEN,5,CHUBUT
loc_13587,13587,28 DE JULIO,5,CHUBUT
loc_13588,13588,ANGOSTURA,5,CHUBUT
loc_13589,13589,ANGOSTURA SEGUNDA,5,CHUBUT
loc_13590,13590,BETESTA,5,CHUBUT
loc_13591,13591,BOCA DE LA ZANJA,5,CHUBUT
loc_13592,13592,BOCA ZANJA SUD,5,CHUBUT
loc_13593,13593,BRYN BROWN,5,CHUBUT
loc_13594,13594,BRYN GWYN,5,CHUBUT
loc_13596,13596,CAMPAMENTO VILLEGAS,5,CHUBUT
loc_13597,13597,DIQUE FLORENTINO AMEGHINO,5,CHUBUT
loc_13598,13598,DOLAVON,5,CHUBUT
loc_13599,13599,EBENECER,5,CHUBUT
loc_13600,13600,EL ARGENTINO,5,CHUBUT
loc_13601,13601,GAIMAN,5,CHUBUT
loc_13602,13602,GLASFRYN,5,CHUBUT
loc_13603,13603,LOMA REDONDA,5,CHUBUT
loc_13604,13604,MAESTEG,5,CHUBUT
loc_13605,13605,TOMA DE LOS CANALES,5,CHUBUT
loc_13606,13606,TREORKI,5,CHUBUT
loc_13607,13607,VALLE DEL RIO CHUBUT,5,CHUBUT
loc_13608,13608,VALLE LOS MARTIRES,5,CHUBUT
loc_13609,13609,VILLA INES,5,CHUBUT
loc_13610,13610,ARROYO QUILLA,5,CHUBUT
loc_13611,13611,BUEN PASTO,5,CHUBUT
loc_13614,13614,COLHUE HUAPI,5,CHUBUT
loc_13615,13615,COLONIA GERMANIA,5,CHUBUT
loc_13616,13616,COSTA RIO CHICO,5,CHUBUT
loc_13617,13617,ENRIQUE HERMITTE,5,CHUBUT
loc_13618,13618,KILOMETRO 191,5,CHUBUT
loc_13619,13619,LAGO MUSTERS,5,CHUBUT
loc_13620,13620,LAGUNA DEL MATE,5,CHUBUT
loc_13621,13621,LAGUNA PALACIO,5,CHUBUT
loc_13622,13622,LAS PULGAS,5,CHUBUT
loc_13623,13623,MANANTIAL GRANDE,5,CHUBUT
loc_13624,13624,PASO DE TORRES,5,CHUBUT
loc_13625,13625,SARMIENTO,5,CHUBUT
loc_13626,13626,SIERRA CORRIENTES,5,CHUBUT
loc_13627,13627,SIERRA VICTORIA,5,CHUBUT
loc_13628,13628,VALLE HERMOSO,5,CHUBUT
loc_13629,13629,ALTO DE LAS PLUMAS,5,CHUBUT
loc_13630,13630,CABEZA DE BUEY,5,CHUBUT
loc_13631,13631,EL MIRASOL,5,CHUBUT
loc_13632,13632,LAGUNA GRANDE,5,CHUBUT
loc_13633,13633,LAS CHAPAS,5,CHUBUT
loc_13634,13634,LAS PLUMAS,5,CHUBUT
loc_13635,13635,ARROYO GUILAIA,5,CHUBUT
loc_13636,13636,CAJON DE GINEBRA CHICO,5,CHUBUT
loc_13637,13637,CAJON DE GINEBRA GRANDE,5,CHUBUT
loc_13639,13639,CERRO CONDOR,5,CHUBUT
loc_13640,13640,CERRO LONCO TRAPIAL,5,CHUBUT
loc_13641,13641,EL CALAFATE,5,CHUBUT
loc_13642,13642,EL CANQUEL,5,CHUBUT
loc_13643,13643,EL CHALET,5,CHUBUT
loc_13644,13644,EL PAJARITO,5,CHUBUT
loc_13645,13645,EL SOMBRERO,5,CHUBUT
loc_13646,13646,LA BOMBILLA,5,CHUBUT
loc_13647,13647,LA PRIMAVERA,5,CHUBUT
loc_13648,13648,LAGUNA RINCON DEL MORO,5,CHUBUT
loc_13649,13649,LAS CORTADERAS,5,CHUBUT
loc_13650,13650,LAS HORQUETAS,5,CHUBUT
loc_13651,13651,LOS ALTARES,5,CHUBUT
loc_13652,13652,LOS MANANTIALES,5,CHUBUT
loc_13653,13653,PASO DE INDIOS,5,CHUBUT
loc_13654,13654,SIERRA NEVADA PASO DE INDIOS,5,CHUBUT
loc_13655,13655,TORO HOSCO,5,CHUBUT
loc_13656,13656,BUENOS AIRES CHICO,5,CHUBUT
loc_13659,13659,CERRO FOFOCAHUEL,5,CHUBUT
loc_13660,13660,CERRO RADAL,5,CHUBUT
loc_13661,13661,CHOLILA,5,CHUBUT
loc_13662,13662,COLONIA CUSHAMEN,5,CHUBUT
loc_13663,13663,COSTA CHUBUT,5,CHUBUT
loc_13664,13664,COSTA DEL LEPA,5,CHUBUT
loc_13665,13665,CUSHAMEN,5,CHUBUT
loc_13666,13666,EL CAJON,5,CHUBUT
loc_13667,13667,EL COIHUE,5,CHUBUT
loc_13668,13668,EL HOYO,5,CHUBUT
loc_13669,13669,EL MAITEN,5,CHUBUT
loc_13670,13670,EL MIRADOR,5,CHUBUT
loc_13671,13671,EL TURBIO,5,CHUBUT
loc_13672,13672,EPUYEN,5,CHUBUT
loc_13673,13673,FITHEN VERIN,5,CHUBUT
loc_13674,13674,FITIRHUIN,5,CHUBUT
loc_13675,13675,FOFO CAHUEL,5,CHUBUT
loc_13676,13676,GUALJAINA,5,CHUBUT
loc_13677,13677,ING BRUNO J THOMAE,5,CHUBUT
loc_13678,13678,LA CANCHA,5,CHUBUT
loc_13679,13679,LA CASTELLANA,5,CHUBUT
loc_13680,13680,LA LANCHA,5,CHUBUT
loc_13681,13681,LAGO CARLOS PELLEGRINI,5,CHUBUT
loc_13682,13682,LAGO LEZAMA,5,CHUBUT
loc_13683,13683,LAGO PUELO,5,CHUBUT
loc_13684,13684,LAS GOLONDRINAS,5,CHUBUT
loc_13685,13685,LELEQUE,5,CHUBUT
loc_13687,13687,RANQUIL HUAO,5,CHUBUT
loc_13688,13688,SIEMPRE VIVA,5,CHUBUT
loc_13689,13689,TRES PICOS,5,CHUBUT
loc_13690,13690,BAHIA BUSTAMANTE,5,CHUBUT
loc_13691,13691,BAHIA SOLANO,5,CHUBUT
loc_13692,13692,BARRIO ASTRA,5,CHUBUT
loc_13693,13693,CALETA CORDOVA,5,CHUBUT
loc_13698,13698,COMODORO RIVADAVIA,5,CHUBUT
loc_13699,13699,EMPALME A ASTRA,5,CHUBUT
loc_13700,13700,HOLDICH,5,CHUBUT
loc_13701,13701,KILOMETRO 11,5,CHUBUT
loc_13702,13702,LA SALAMANCA,5,CHUBUT
loc_13703,13703,PAMPA DEL CASTILLO,5,CHUBUT
loc_13704,13704,PAMPA PELADA,5,CHUBUT
loc_13705,13705,PAMPA SALAMANCA,5,CHUBUT
loc_13706,13706,PICO SALAMANCA,5,CHUBUT
loc_13707,13707,RADA TILLY,5,CHUBUT
loc_13708,13708,RIO CHICO,5,CHUBUT
loc_13709,13709,SIERRA CUADRADA,5,CHUBUT
loc_13710,13710,SIERRA OVERA CHICAS Y GRANDES,5,CHUBUT
loc_13711,13711,ANTONIO ALICE,17,SALTA
loc_13712,13712,CALDERA,17,SALTA
loc_13713,13713,CALDERILLA,17,SALTA
loc_13714,13714,CURUZU,17,SALTA
loc_13715,13715,EL GALLINATO,17,SALTA
loc_13716,13716,KILOMETRO 1125,17,SALTA
loc_13717,13717,LESSER,17,SALTA
loc_13718,13718,LOS MERCADOS,17,SALTA
loc_13719,13719,LOS PEÑONES,17,SALTA
loc_13720,13720,LOS SAUCES,17,SALTA
loc_13721,13721,MAYO TORITO,17,SALTA
loc_13722,13722,MOJOTORO,17,SALTA
loc_13723,13723,MONTE,17,SALTA
loc_13724,13724,POTRERO DE CASTILLA,17,SALTA
loc_13725,13725,SAN ALEJO,17,SALTA
loc_13726,13726,SANTA RUFINA,17,SALTA
loc_13727,13727,VAQUEROS,17,SALTA
loc_13728,13728,VELARDES,17,SALTA
loc_13729,13729,YACONES,17,SALTA
loc_13730,13730,CAFAYATE,17,SALTA
loc_13731,13731,EL RECREO,17,SALTA
loc_13732,13732,FINCA LA ROSA,17,SALTA
loc_13735,13735,LA ARMONIA,17,SALTA
loc_13736,13736,LA BANDA,17,SALTA
loc_13737,13737,LA CIENEGUITA,17,SALTA
loc_13738,13738,LA PUNILLA,17,SALTA
loc_13739,13739,LAS CONCHAS,17,SALTA
loc_13740,13740,LOROHUASI,17,SALTA
loc_13741,13741,LOS ALAMOS,17,SALTA
loc_13742,13742,MACHO RASTROJO,17,SALTA
loc_13744,13744,QUISCA GRANDE,17,SALTA
loc_13746,13746,SAN ISIDRO,17,SALTA
loc_13747,13747,TOLOMBON,17,SALTA
loc_13748,13748,YACOCHUYA,17,SALTA
loc_13749,13749,YANCHUYA,17,SALTA
loc_13750,13750,BARRO NEGRO,17,SALTA
loc_13751,13751,CANGREJILLOS,17,SALTA
loc_13752,13752,EL MOLINO,17,SALTA
loc_13755,13755,EL TRIGAL,17,SALTA
loc_13756,13756,LA ESPERANZA,17,SALTA
loc_13757,13757,LA POMA,17,SALTA
loc_13758,13758,LOMA DE BURRO,17,SALTA
loc_13759,13759,LOS PATOS,17,SALTA
loc_13760,13760,MINA SAN ESTEBAN,17,SALTA
loc_13761,13761,MINA SAN GUILLERMO,17,SALTA
loc_13762,13762,MINA SAN WALTERIO,17,SALTA
loc_13763,13763,MINAS VICTORIA,17,SALTA
loc_13764,13764,PARAJE COBRES,17,SALTA
loc_13765,13765,POMPEYA,17,SALTA
loc_13766,13766,PUEBLO NUEVO,17,SALTA
loc_13767,13767,PUEBLO VIEJO,17,SALTA
loc_13768,13768,TRIGAL,17,SALTA
loc_13769,13769,VILLITAS,17,SALTA
loc_13770,13770,ABRA GRANDE,17,SALTA
loc_13771,13771,AGUAS BLANCAS,17,SALTA
loc_13772,13772,ALGARROBAL,17,SALTA
loc_13773,13773,ANGEL PEREDO,17,SALTA
loc_13774,13774,ANGELICA,17,SALTA
loc_13775,13775,ARBOL SOLO,17,SALTA
loc_13776,13776,ARENALES,17,SALTA
loc_13777,13777,CHAGUARAL,17,SALTA
loc_13778,13778,COLONIA A,17,SALTA
loc_13779,13779,COLONIA AGRICOLA SAN AGUSTIN,17,SALTA
loc_13780,13780,COLONIA D,17,SALTA
loc_13781,13781,COLONIA SANTA MARIA,17,SALTA
loc_13782,13782,COLONIA SANTA ROSA,17,SALTA
loc_13783,13783,EL CARMEN,17,SALTA
loc_13784,13784,EL DESMONTE,17,SALTA
loc_13785,13785,EL MISTOL,17,SALTA
loc_13786,13786,EL MOLLE,17,SALTA
loc_13787,13787,EL QUEMADO,17,SALTA
loc_13788,13788,EL QUIMILAR CARBONCITO,17,SALTA
loc_13789,13789,EL TABACAL,17,SALTA
loc_13790,13790,ESTEBAN DE URIZAR,17,SALTA
loc_13791,13791,FINCA LA TOMA,17,SALTA
loc_13792,13792,FINCA MISION ZENTA,17,SALTA
loc_13793,13793,FORTIN BELGRANO,17,SALTA
loc_13794,13794,HIPOLITO YRIGOYEN,17,SALTA
loc_13795,13795,INGENIO SAN MARTIN,17,SALTA
loc_13796,13796,JERONIMO MATORRAS,17,SALTA
loc_13797,13797,KILOMETRO 1280,17,SALTA
loc_13798,13798,KILOMETRO 1281,17,SALTA
loc_13799,13799,KILOMETRO 1291,17,SALTA
loc_13800,13800,KILOMETRO 1298,17,SALTA
loc_13801,13801,LA ESTRELLA,17,SALTA
loc_13802,13802,LA TOMA,17,SALTA
loc_13803,13803,LAS CORTADERAS,17,SALTA
loc_13804,13804,LAS MARAVILLAS,17,SALTA
loc_13805,13805,LAS VARAS,17,SALTA
loc_13806,13806,LOMAS DE OLMEDO,17,SALTA
loc_13808,13808,LOTE JOSEFINA,17,SALTA
loc_13809,13809,LOTE LUCRECIA,17,SALTA
loc_13810,13810,LOTE MARCELA,17,SALTA
loc_13811,13811,LOTE SARITA,17,SALTA
loc_13812,13812,MANUEL ELORDI,17,SALTA
loc_13813,13813,MARIA JOSE,17,SALTA
loc_13814,13814,MARIA LUISA,17,SALTA
loc_13815,13815,MARTINEZ DEL TINCO,17,SALTA
loc_13816,13816,MARTINEZ DEL TINEO,17,SALTA
loc_13817,13817,MINAS YPF,17,SALTA
loc_13818,13818,MISION FRANCISCANA,17,SALTA
loc_13819,13819,ORAN,17,SALTA
loc_13820,13820,PARANI,17,SALTA
loc_13821,13821,PICHANAL,17,SALTA
loc_13822,13822,PIEDRA DEL POTRILLO,17,SALTA
loc_13823,13823,PIZARRO,17,SALTA
loc_13824,13824,POZO AZUL,17,SALTA
loc_13825,13825,POZO CERCADO,17,SALTA
loc_13826,13826,POZO DE LA ESQUINA,17,SALTA
loc_13827,13827,POZO DE LA PIEDRA,17,SALTA
loc_13828,13828,POZO DEL CUINCO,17,SALTA
loc_13829,13829,POZO PRINGLES,17,SALTA
loc_13830,13830,PUESTO DE MOTIJO,17,SALTA
loc_13831,13831,PUESTO DEL MEDIO,17,SALTA
loc_13832,13832,QUEÑUA,17,SALTA
loc_13833,13833,RIO COLORADO,17,SALTA
loc_13834,13834,RIO DE LAS PIEDRAS,17,SALTA
loc_13835,13835,RIO PESCADO,17,SALTA
loc_13836,13836,SAN ANDRES,17,SALTA
loc_13837,13837,SAN ANTONIO,17,SALTA
loc_13838,13838,SAN BERNARDO,17,SALTA
loc_13839,13839,SAN IGNACIO,17,SALTA
loc_13840,13840,SAN IGNACIO DE LOYOLA,17,SALTA
loc_13841,13841,SAN RAMON DE LA NUEVA ORAN,17,SALTA
loc_13842,13842,SANTA CRUZ,17,SALTA
loc_13843,13843,SANTA MARINA,17,SALTA
loc_13844,13844,SANTA ROSA,17,SALTA
loc_13845,13845,SAUCELITO,17,SALTA
loc_13846,13846,SOLEDAD,17,SALTA
loc_13847,13847,TABACAL INGENIO,17,SALTA
loc_13848,13848,TRES POZOS,17,SALTA
loc_13849,13849,URUNDEL,17,SALTA
loc_13850,13850,VADO HONDO,17,SALTA
loc_13851,13851,YACARA,17,SALTA
loc_13852,13852,YUCHAN,17,SALTA
loc_13853,13853,AMAICHA,17,SALTA
loc_13854,13854,ANGOSTURA,17,SALTA
loc_13855,13855,BANDA GRANDE,17,SALTA
loc_13856,13856,BREALITO,17,SALTA
loc_13857,13857,BURRO YACO,17,SALTA
loc_13858,13858,CERRO BRAVO,17,SALTA
loc_13859,13859,CERRO DE LA ZORRA VIEJA,17,SALTA
loc_13860,13860,CERRO DEL AGUA DE LA FALDA,17,SALTA
loc_13861,13861,CHICOANA,17,SALTA
loc_13862,13862,COLMENAR,17,SALTA
loc_13863,13863,COLOME,17,SALTA
loc_13864,13864,COLTE,17,SALTA
loc_13865,13865,CORRIDA DE CORI,17,SALTA
loc_13866,13866,CUCHIYACO,17,SALTA
loc_13867,13867,DIAMANTE,17,SALTA
loc_13868,13868,EL BREALITO,17,SALTA
loc_13869,13869,EL CARMEN,17,SALTA
loc_13870,13870,EL CHURCAL,17,SALTA
loc_13871,13871,ESQUINA,17,SALTA
loc_13872,13872,GUALFIN,17,SALTA
loc_13873,13873,HUMANAS,17,SALTA
loc_13874,13874,LA PUERTA,17,SALTA
loc_13875,13875,LURACATAO,17,SALTA
loc_13876,13876,MOLINOS,17,SALTA
loc_13877,13877,MONTE GRANDE,17,SALTA
loc_13878,13878,PEÑAS BLANCAS,17,SALTA
loc_13879,13879,RUMIHUASI,17,SALTA
loc_13880,13880,SALAR DE HOMBRE MUERTO,17,SALTA
loc_13881,13881,SAN MARTIN,17,SALTA
loc_13882,13882,SECLANTAS,17,SALTA
loc_13883,13883,SECLANTAS ADENTRO,17,SALTA
loc_13884,13884,TACUIL,17,SALTA
loc_13885,13885,TOMUCO,17,SALTA
loc_13886,13886,VOLCAN AZUFRE,17,SALTA
loc_13887,13887,AGUAS CALIENTES,17,SALTA
loc_13888,13888,ALMIRANTE BROWN,17,SALTA
loc_13889,13889,ALMONA,17,SALTA
loc_13890,13890,ANTILLA,17,SALTA
loc_13891,13891,ARENAL,17,SALTA
loc_13892,13892,ARJUNTAS,17,SALTA
loc_13893,13893,BAJADA,17,SALTA
loc_13894,13894,BAJADA BLANCA,17,SALTA
loc_13895,13895,BAJADA DE GAVI,17,SALTA
loc_13896,13896,BAJADA GRANDE,17,SALTA
loc_13897,13897,BALBOA,17,SALTA
loc_13899,13899,BARBAYASCO,17,SALTA
loc_13900,13900,BELLA VISTA,17,SALTA
loc_13901,13901,CABEZA DE ANTA,17,SALTA
loc_13902,13902,CAMARA,17,SALTA
loc_13904,13904,CAÑADON DE LAS JUNTAS,17,SALTA
loc_13905,13905,CERRO COLORADO,17,SALTA
loc_13906,13906,CERRO NEGRO,17,SALTA
loc_13907,13907,CHAÑAR AGUADA,17,SALTA
loc_13908,13908,COLGADAS,17,SALTA
loc_13909,13909,CONDOR,17,SALTA
loc_13910,13910,COPO QUILE,17,SALTA
loc_13911,13911,COSME,17,SALTA
loc_13912,13912,DIAMANTE,17,SALTA
loc_13913,13913,DURAZNITO,17,SALTA
loc_13914,13914,EL BORDO,17,SALTA
loc_13915,13915,EL CEIBAL,17,SALTA
loc_13916,13916,EL CONDOR,17,SALTA
loc_13917,13917,EL CORRAL VIEJO,17,SALTA
loc_13918,13918,EL MORANILLO,17,SALTA
loc_13919,13919,EL NARANJO,17,SALTA
loc_13920,13920,EL OJITO,17,SALTA
loc_13921,13921,EL OJO,17,SALTA
loc_13922,13922,EL PORTEZUELO,17,SALTA
loc_13923,13923,EL POTRERO,17,SALTA
loc_13924,13924,EL PUESTITO,17,SALTA
loc_13925,13925,EL QUEMADO,17,SALTA
loc_13926,13926,EL TANDIL,17,SALTA
loc_13927,13927,FEDERACION,17,SALTA
loc_13928,13928,FUERTE QUEMADO,17,SALTA
loc_13929,13929,HORCONES,17,SALTA
loc_13930,13930,LA BANDA,17,SALTA
loc_13931,13931,LA CIENAGA,17,SALTA
loc_13932,13932,LA CRUZ,17,SALTA
loc_13933,13933,LA FIRMEZA,17,SALTA
loc_13934,13934,LA HOYADA,17,SALTA
loc_13935,13935,LA MATILDE,17,SALTA
loc_13936,13936,LA PAJITA,17,SALTA
loc_13937,13937,LA PALATA,17,SALTA
loc_13938,13938,LA PLATA,17,SALTA
loc_13939,13939,LAS CATITAS,17,SALTA
loc_13940,13940,LAS MERCEDES,17,SALTA
loc_13941,13941,LAS MOJARRAS,17,SALTA
loc_13942,13942,LAS MOJARRITAS,17,SALTA
loc_13943,13943,LAS PIEDRITAS,17,SALTA
loc_13944,13944,LAS SALADAS,17,SALTA
loc_13945,13945,LAS TUNILLAS,17,SALTA
loc_13946,13946,LAS VENTANAS,17,SALTA
loc_13947,13947,LOS BAÑOS,17,SALTA
loc_13948,13948,LOS CANTEROS,17,SALTA
loc_13949,13949,LOS CHURQUIS,17,SALTA
loc_13950,13950,LOS POCITOS,17,SALTA
loc_13951,13951,LOS ROSALES,17,SALTA
loc_13952,13952,LOS ZANJONES,17,SALTA
loc_13953,13953,MADARIAGA,17,SALTA
loc_13954,13954,MORENILLO,17,SALTA
loc_13955,13955,OJO DE AGUA,17,SALTA
loc_13956,13956,OVANDO,17,SALTA
loc_13957,13957,OVEJERIA,17,SALTA
loc_13958,13958,PALOMAR,17,SALTA
loc_13959,13959,PASO VERDE,17,SALTA
loc_13960,13960,POTRERILLO,17,SALTA
loc_13961,13961,POTRERO,17,SALTA
loc_13962,13962,POZO BLANCO,17,SALTA
loc_13963,13963,POZO VERDE,17,SALTA
loc_13964,13964,POZOS LARGOS,17,SALTA
loc_13965,13965,PUENTE DE PLATA,17,SALTA
loc_13966,13966,RECREO,17,SALTA
loc_13967,13967,RIO URUEÑA,17,SALTA
loc_13968,13968,ROSARIO DE LA FRONTERA,17,SALTA
loc_13969,13969,ROSARIO FUNCA,17,SALTA
loc_13970,13970,SAN ESTEBAN,17,SALTA
loc_13971,13971,SAN FELIPE,17,SALTA
loc_13972,13972,SAN JUAN,17,SALTA
loc_13973,13973,SAN LORENZO,17,SALTA
loc_13974,13974,SAN LORENZO HORCONES,17,SALTA
loc_13975,13975,SAN LUIS,17,SALTA
loc_13976,13976,SAN PEDRO,17,SALTA
loc_13977,13977,SAN PEDRO DE LOS CORRALES,17,SALTA
loc_13978,13978,SAN ROQUE,17,SALTA
loc_13979,13979,SAN VICENTE,17,SALTA
loc_13980,13980,SANTA ANA,17,SALTA
loc_13981,13981,SANTA CATALINA,17,SALTA
loc_13982,13982,SANTA CRUZ,17,SALTA
loc_13983,13983,SANTA MARIA,17,SALTA
loc_13984,13984,SANTA ROSA,17,SALTA
loc_13985,13985,SIMBOL YACO,17,SALTA
loc_13986,13986,SURI MICUNA,17,SALTA
loc_13987,13987,TALA YACO,17,SALTA
loc_13988,13988,TAMAS CORTADAS,17,SALTA
loc_13989,13989,VAQUERIA,17,SALTA
loc_13990,13990,VIADUCTO EL MUÑAL,17,SALTA
loc_13991,13991,VILLA AURELIA,17,SALTA
loc_13992,13992,VILLA CORTA,17,SALTA
loc_13993,13993,VIZCACHERAL,17,SALTA
loc_13994,13994,ACOYTE,17,SALTA
loc_13995,13995,ANGOSTO PESCADO,17,SALTA
loc_13996,13996,BACOYA,17,SALTA
loc_13997,13997,BARITU,17,SALTA
loc_13998,13998,CAPILLA FUERTE,17,SALTA
loc_13999,13999,CONDADO,17,SALTA
loc_14000,14000,CUESTA AZUL,17,SALTA
loc_14001,14001,EL AGUILAR,17,SALTA
loc_14002,14002,HORNILLOS,17,SALTA
loc_14003,14003,HUERTA,17,SALTA
loc_14004,14004,LA FALDA,17,SALTA
loc_14005,14005,LIPEO,17,SALTA
loc_14006,14006,LIZOITE,17,SALTA
loc_14007,14007,LOS TOLDOS,17,SALTA
loc_14008,14008,MECOYITA,17,SALTA
loc_14009,14009,MESON,17,SALTA
loc_14010,14010,NAZARENO,17,SALTA
loc_14011,14011,PAL TOLCO,17,SALTA
loc_14012,14012,PAPA CHACRA,17,SALTA
loc_14013,14013,PASCALLA,17,SALTA
loc_14014,14014,POSCAYA,17,SALTA
loc_14015,14015,PUCARA,17,SALTA
loc_14016,14016,PUESTO,17,SALTA
loc_14017,14017,PUNCA VISCANA,17,SALTA
loc_14018,14018,PUNCO VISCANA,17,SALTA
loc_14019,14019,RODEO PAMPA,17,SALTA
loc_14020,14020,SAN FELIPE,17,SALTA
loc_14021,14021,SAN FRANCISCO,17,SALTA
loc_14022,14022,SAN JUAN DE ORO,17,SALTA
loc_14023,14023,SAN LEON,17,SALTA
loc_14024,14024,SAN MARCOS,17,SALTA
loc_14025,14025,SANTA CRUZ,17,SALTA
loc_14026,14026,SANTA VICTORIA OESTE,17,SALTA
loc_14027,14027,SANTO DOMINGO SANTA VICTORIA,17,SALTA
loc_14028,14028,SOLEDAD,17,SALTA
loc_14029,14029,SOLEDANI,17,SALTA
loc_14030,14030,TRIGO HUAYCO,17,SALTA
loc_14031,14031,TRUSUCA,17,SALTA
loc_14032,14032,TUCTUCA,17,SALTA
loc_14033,14033,VISCACHANI,17,SALTA
loc_14034,14034,ABRA DE ARAGUYOC,17,SALTA
loc_14035,14035,AGUAS BLANCAS,17,SALTA
loc_14036,14036,ASTILLERO,17,SALTA
loc_14037,14037,CANCILLAR,17,SALTA
loc_14038,14038,CASA GRANDE,17,SALTA
loc_14039,14039,CHACAR,17,SALTA
loc_14040,14040,CHAÑAR,17,SALTA
loc_14041,14041,CHIYAYOC,17,SALTA
loc_14042,14042,COLANZULI,17,SALTA
loc_14043,14043,COLORADO,17,SALTA
loc_14044,14044,CORTADERAS,17,SALTA
loc_14045,14045,EL TAPIAL,17,SALTA
loc_14046,14046,FINCA SANTIAGO,17,SALTA
loc_14047,14047,IRUYA,17,SALTA
loc_14048,14048,ISLA DE CAÑAS,17,SALTA
loc_14049,14049,JUNTAS DE SAN ANTONIO,17,SALTA
loc_14050,14050,LA HUERTA,17,SALTA
loc_14051,14051,LA MESADA CHICA,17,SALTA
loc_14052,14052,LA MESADA GRANDE,17,SALTA
loc_14053,14053,LAS CAÑAS,17,SALTA
loc_14054,14054,LAS HIGUERAS,17,SALTA
loc_14055,14055,LIMONCITO,17,SALTA
loc_14056,14056,MATANCILLAS,17,SALTA
loc_14057,14057,MOLINO,17,SALTA
loc_14058,14058,MOLLAR,17,SALTA
loc_14059,14059,PINAL,17,SALTA
loc_14060,14060,PUEBLO VIEJO,17,SALTA
loc_14061,14061,RODEO COLORADO,17,SALTA
loc_14062,14062,SAN ANTONIO,17,SALTA
loc_14063,14063,SAN ANTONIO DE IRUYA,17,SALTA
loc_14064,14064,SAN ISIDRO DE IRUYA,17,SALTA
loc_14065,14065,SAN JUAN,17,SALTA
loc_14066,14066,SAN PEDRO DE IRUYA,17,SALTA
loc_14067,14067,SOLAZUTI,17,SALTA
loc_14068,14068,TIPAYOC,17,SALTA
loc_14069,14069,TITICOITE,17,SALTA
loc_14070,14070,TOROYOC,17,SALTA
loc_14071,14071,TRES MORROS,17,SALTA
loc_14072,14072,UCHOGOL,17,SALTA
loc_14073,14073,UCHUYOC,17,SALTA
loc_14074,14074,VALLE DELGADO,17,SALTA
loc_14075,14075,VILLA ALEM,17,SALTA
loc_14076,14076,VIZCARRA,17,SALTA
loc_14077,14077,VOLCAN HIGUERAS,17,SALTA
loc_14078,14078,ACAMBUCO,17,SALTA
loc_14079,14079,AGUARAY,17,SALTA
loc_14080,14080,ANGOSTURA,17,SALTA
loc_14081,14081,ANTONIO QUIJARRO,17,SALTA
loc_14082,14082,ARENAL,17,SALTA
loc_14083,14083,BARRIO LA LOMA,17,SALTA
loc_14084,14084,BARRIO SAN ANTONIO,17,SALTA
loc_14085,14085,BARRIO SAN CAYETANO,17,SALTA
loc_14086,14086,BUEN LUGAR,17,SALTA
loc_14087,14087,CAMINERA SAN PEDRITO,17,SALTA
loc_14088,14088,CAMPAMENTO TABLILLA,17,SALTA
loc_14089,14089,CAMPAMENTO VESPUCIO,17,SALTA
loc_14090,14090,CAMPICHUELO,17,SALTA
loc_14091,14091,CAMPO DURAN,17,SALTA
loc_14092,14092,CAMPO LIBRE,17,SALTA
loc_14093,14093,CAPIAZUTTI,17,SALTA
loc_14094,14094,CARAPARI,17,SALTA
loc_14095,14095,COLONIA OTOMANA,17,SALTA
loc_14096,14096,COLONIA ZANJA DEL TIGRE,17,SALTA
loc_14097,14097,CORONEL CORNEJO,17,SALTA
loc_14098,14098,CORRALITO,17,SALTA
loc_14099,14099,CORZUELA,17,SALTA
loc_14100,14100,DIQUE ITIRUYO,17,SALTA
loc_14101,14101,DRAGONES,17,SALTA
loc_14102,14102,EL AGUAY,17,SALTA
loc_14103,14103,EL CHORRO,17,SALTA
loc_14104,14104,EL CIENAGO,17,SALTA
loc_14105,14105,EL CUCHILLO,17,SALTA
loc_14106,14106,EL ESPINILLO,17,SALTA
loc_14107,14107,EL RETIRO,17,SALTA
loc_14108,14108,EMBARCACION,17,SALTA
loc_14109,14109,EMBOSCADA,17,SALTA
loc_14110,14110,EST POCITOS,17,SALTA
loc_14111,14111,FRONTERA 4,17,SALTA
loc_14112,14112,FRONTERA 5,17,SALTA
loc_14113,14113,FRONTERA TRES,17,SALTA
loc_14114,14114,GENERAL BALLIVIAN,17,SALTA
loc_14115,14115,GENERAL ENRIQUE MOSCONI,17,SALTA
loc_14116,14116,GUAMACHI,17,SALTA
loc_14117,14117,HICKMANN,17,SALTA
loc_14118,14118,ITUYURO,17,SALTA
loc_14119,14119,KILOMETRO 1306 FCGB,17,SALTA
loc_14120,14120,KILOMETRO 1398,17,SALTA
loc_14121,14121,KILOMETRO 1448,17,SALTA
loc_14122,14122,LA FORTUNA,17,SALTA
loc_14123,14123,LA PORCELANA,17,SALTA
loc_14124,14124,LA QUENA,17,SALTA
loc_14125,14125,LA SOLEDAD,17,SALTA
loc_14126,14126,LAS LOMITAS,17,SALTA
loc_14127,14127,LOS BALDES,17,SALTA
loc_14128,14128,LOTE 27,17,SALTA
loc_14129,14129,LOTE ESTELA,17,SALTA
loc_14130,14130,LUNA MUERTA,17,SALTA
loc_14131,14131,MACUETA,17,SALTA
loc_14132,14132,MANUELA PEDRAZA,17,SALTA
loc_14133,14133,MISION CHAQUEÑA,17,SALTA
loc_14134,14134,MISION FRANCISCANA,17,SALTA
loc_14135,14135,MISTOLAR,17,SALTA
loc_14136,14136,MONTE CARMELO,17,SALTA
loc_14137,14137,NUEVO PORVENIR,17,SALTA
loc_14138,14138,OTOMANA,17,SALTA
loc_14139,14139,PARAJE CAMPO LARGO,17,SALTA
loc_14140,14140,PASTOR SEVILLOSA,17,SALTA
loc_14141,14141,PEDRO LOZANO,17,SALTA
loc_14142,14142,PIQUIRENDA,17,SALTA
loc_14143,14143,PLUMA DEL PATO,17,SALTA
loc_14144,14144,POCOY,17,SALTA
loc_14145,14145,POZO BERMEJO,17,SALTA
loc_14146,14146,POZO BRAVO,17,SALTA
loc_14147,14147,PUERTO BAULES,17,SALTA
loc_14148,14148,PUESTO GRANDE,17,SALTA
loc_14149,14149,RECAREDO,17,SALTA
loc_14150,14150,RIO CARAPAN,17,SALTA
loc_14151,14151,RIO SECO,17,SALTA
loc_14152,14152,S JOLLIN,17,SALTA
loc_14153,14153,SALVADOR MAZZA,17,SALTA
loc_14154,14154,SAN LAURENCIO,17,SALTA
loc_14155,14155,SAN PEDRO,17,SALTA
loc_14156,14156,SANTA VICTORIA,17,SALTA
loc_14157,14157,SENDA HACHADA ESTACION FCGB,17,SALTA
loc_14158,14158,TABACO CIMARRON,17,SALTA
loc_14159,14159,TARTAGAL,17,SALTA
loc_14160,14160,TOBANTIRENDA,17,SALTA
loc_14161,14161,TONONO,17,SALTA
loc_14162,14162,TRANQUITAS,17,SALTA
loc_14163,14163,TUYUNTI,17,SALTA
loc_14164,14164,VESPUCIO,17,SALTA
loc_14165,14165,VILLA GENERAL GUEMES,17,SALTA
loc_14166,14166,VILLA SAAVEDRA,17,SALTA
loc_14167,14167,YACAY,17,SALTA
loc_14168,14168,YACIMIENTO TONONO,17,SALTA
loc_14169,14169,YACUY,17,SALTA
loc_14170,14170,YARIGUARENDA,17,SALTA
loc_14171,14171,ZANJA HONDA,17,SALTA
loc_14172,14172,AGUA NEGRA,17,SALTA
loc_14173,14173,AMPATA,17,SALTA
loc_14174,14174,ATUDILLO,17,SALTA
loc_14175,14175,BELLA VISTA,17,SALTA
loc_14176,14176,CACHO MOLINO,17,SALTA
loc_14177,14177,CALVIMONTE,17,SALTA
loc_14178,14178,CAMPO ALEGRE,17,SALTA
loc_14179,14179,CERRO MAL CANTO,17,SALTA
loc_14180,14180,CHICOANA,17,SALTA
loc_14181,14181,CHIVILME,17,SALTA
loc_14182,14182,CHORRO BLANCO,17,SALTA
loc_14183,14183,COLONIA EL FUERTE,17,SALTA
loc_14184,14184,CUESTA CHICA,17,SALTA
loc_14185,14185,CUESTA DEL OBISPO,17,SALTA
loc_14186,14186,DOCTOR FACUNDO ZUVIRIA,17,SALTA
loc_14187,14187,EL CANDADO,17,SALTA
loc_14188,14188,EL CARRIL,17,SALTA
loc_14189,14189,EL MARAY,17,SALTA
loc_14191,14191,EL MOYAR,17,SALTA
loc_14192,14192,EL NOGALAR,17,SALTA
loc_14193,14193,EL POTRERO DE DIAZ,17,SALTA
loc_14194,14194,EL QUEMADO,17,SALTA
loc_14195,14195,EL RODEO,17,SALTA
loc_14196,14196,EL SIMBOLAR,17,SALTA
loc_14197,14197,EL SUNCHAL,17,SALTA
loc_14198,14198,EL TIPAL,17,SALTA
loc_14199,14199,ESCOIPE,17,SALTA
loc_14200,14200,ESTACION ZUVIRIA,17,SALTA
loc_14201,14201,HUAYRA HUASY,17,SALTA
loc_14202,14202,LA CALAVERA,17,SALTA
loc_14203,14203,LA ESPERANZA,17,SALTA
loc_14204,14204,LA GUARDIA,17,SALTA
loc_14205,14205,LA HERRADURA,17,SALTA
loc_14206,14206,LA MARGARITA,17,SALTA
loc_14207,14207,LA MAROMA,17,SALTA
loc_14208,14208,LA TOMA,17,SALTA
loc_14209,14209,LA YESERA,17,SALTA
loc_14210,14210,LAS ANIMAS,17,SALTA
loc_14211,14211,LAS GARZAS,17,SALTA
loc_14212,14212,LAS MORAS,17,SALTA
loc_14213,14213,LAS ZANJAS,17,SALTA
loc_14214,14214,LOS LAURELES,17,SALTA
loc_14215,14215,LOS LOS,17,SALTA
loc_14216,14216,MAL CANTE,17,SALTA
loc_14217,14217,MAL PASO,17,SALTA
loc_14218,14218,MOLINO,17,SALTA
loc_14219,14219,MOLINO DE GONGORA,17,SALTA
loc_14220,14220,PALMIRA,17,SALTA
loc_14221,14221,PEDREGAL,17,SALTA
loc_14222,14222,PEÑAFLOR,17,SALTA
loc_14223,14223,PIE DE LA CUESTA,17,SALTA
loc_14224,14224,PIEDRA DEL MOLINO,17,SALTA
loc_14225,14225,POTRERO DE DIAZ,17,SALTA
loc_14226,14226,PULARES,17,SALTA
loc_14227,14227,QUEBRADA DE ESCOIPE,17,SALTA
loc_14228,14228,SAN ANTONIO CHICOANA,17,SALTA
loc_14229,14229,SAN FERNANDO DE ESCOIPE,17,SALTA
loc_14230,14230,SAN JOAQUIN,17,SALTA
loc_14231,14231,SAN JOSE,17,SALTA
loc_14232,14232,SAN JOSE DE LA VIÑA,17,SALTA
loc_14233,14233,SAN MARTIN LA CUESTA,17,SALTA
loc_14234,14234,SANTA ANA,17,SALTA
loc_14235,14235,SANTA GERTRUDIS,17,SALTA
loc_14236,14236,SANTA ROSA,17,SALTA
loc_14237,14237,TILIAN,17,SALTA
loc_14238,14238,TORO YACO,17,SALTA
loc_14239,14239,VALLE ENCANTADO,17,SALTA
loc_14240,14240,VILLA FANNY,17,SALTA
loc_14241,14241,VIÑACO,17,SALTA
loc_14242,14242,YACERA,17,SALTA
loc_14243,14243,ALEJO DE ALBERRO,17,SALTA
loc_14244,14244,ALFARCITO,17,SALTA
loc_14245,14245,BALLENAL,17,SALTA
loc_14246,14246,CACHIÑAL,17,SALTA
loc_14247,14247,CAMARA,17,SALTA
loc_14248,14248,CAMPO QUIJANO,17,SALTA
loc_14249,14249,CARABAJAL,17,SALTA
loc_14250,14250,CERRO BAYO,17,SALTA
loc_14251,14251,CERRO NEGRO,17,SALTA
loc_14252,14252,CHORRILLITOS,17,SALTA
loc_14253,14253,CHORRILLOS,17,SALTA
loc_14254,14254,DAMIAN M TORINO,17,SALTA
loc_14255,14255,DIEGO DE ALMAGRO,17,SALTA
loc_14256,14256,DOCTOR FACUNDO ZUVIRIA,17,SALTA
loc_14257,14257,EL ALFREDITO,17,SALTA
loc_14258,14258,EL ALISAL,17,SALTA
loc_14259,14259,EL CARMEN,17,SALTA
loc_14260,14260,EL CORRALITO,17,SALTA
loc_14261,14261,EL DORADO,17,SALTA
loc_14262,14262,EL ENCON,17,SALTA
loc_14263,14263,EL GOLGOTA,17,SALTA
loc_14264,14264,EL MANZANO,17,SALTA
loc_14265,14265,EL MOLLAR,17,SALTA
loc_14266,14266,EL PORVENIR,17,SALTA
loc_14267,14267,EL POTRERO,17,SALTA
loc_14268,14268,EL PUCARA,17,SALTA
loc_14269,14269,EL PUYIL,17,SALTA
loc_14270,14270,EL ROSAL,17,SALTA
loc_14271,14271,EL TIMBO,17,SALTA
loc_14272,14272,EL TORO,17,SALTA
loc_14273,14273,ELTUNAL,17,SALTA
loc_14274,14274,ENCRUCIJADA,17,SALTA
loc_14275,14275,ENCRUCIJADA DE TASTIL,17,SALTA
loc_14276,14276,GOBERNADOR MANUEL SOLA,17,SALTA
loc_14277,14277,GOBERNADOR SARAVIA,17,SALTA
loc_14278,14278,HUAICONDO,17,SALTA
loc_14279,14279,INCAHUASI,17,SALTA
loc_14280,14280,INCAMAYO,17,SALTA
loc_14281,14281,INGENIERO MAURY,17,SALTA
loc_14282,14282,KILOMETRO 1172,17,SALTA
loc_14283,14283,LA ESTELA,17,SALTA
loc_14284,14284,LA SILLETA,17,SALTA
loc_14285,14285,LAS ARCAS,17,SALTA
loc_14286,14286,LAS ARENAS,17,SALTA
loc_14287,14287,LAS CAPILLAS,17,SALTA
loc_14288,14288,LAS CEBADAS,17,SALTA
loc_14289,14289,LAS CUEVAS,17,SALTA
loc_14290,14290,LAS MESADAS,17,SALTA
loc_14291,14291,LAS ROSAS,17,SALTA
loc_14292,14292,MEDIA LUNA,17,SALTA
loc_14293,14293,MERCED DE ARRIBA,17,SALTA
loc_14294,14294,MESETA,17,SALTA
loc_14295,14295,MINA CAROLINA,17,SALTA
loc_14296,14296,PASCHA,17,SALTA
loc_14297,14297,PIE DE LA CUESTA,17,SALTA
loc_14298,14298,POTRERO DE LINARES,17,SALTA
loc_14299,14299,POTRERO DE URIBURU,17,SALTA
loc_14300,14300,PUERTA DE TASTIL,17,SALTA
loc_14301,14301,QUEBRADA DEL TORO,17,SALTA
loc_14302,14302,QUEBRADA MUÑANO,17,SALTA
loc_14303,14303,ROSARIO DE LERMA,17,SALTA
loc_14304,14304,SAN BERNARDO DE LAS ZORRAS,17,SALTA
loc_14305,14305,SANTA ROSA DE TASTIL,17,SALTA
loc_14306,14306,TACUARA,17,SALTA
loc_14307,14307,TORO,17,SALTA
loc_14308,14308,TRES CRUCES,17,SALTA
loc_14309,14309,VILLA SOLA,17,SALTA
loc_14310,14310,VIRREY TOLEDO,17,SALTA
loc_14311,14311,ATOCHA,17,SALTA
loc_14312,14312,BELGRANO,17,SALTA
loc_14313,14313,BUENA VISTA,17,SALTA
loc_14314,14314,CAMPO CASEROS,17,SALTA
loc_14315,14315,CASTELLANOS,17,SALTA
loc_14316,14316,CHACHAPOYAS,17,SALTA
loc_14317,14317,CHAMICAL,17,SALTA
loc_14318,14318,COBAS,17,SALTA
loc_14319,14319,EL AYBAL,17,SALTA
loc_14320,14320,EL PRADO,17,SALTA
loc_14321,14321,ESTOLA,17,SALTA
loc_14322,14322,GENERAL ALVARADO,17,SALTA
loc_14323,14323,HIGUERILLAS,17,SALTA
loc_14324,14324,KILOMETRO 1129,17,SALTA
loc_14325,14325,LA CRUZ,17,SALTA
loc_14326,14326,LA ISLA,17,SALTA
loc_14327,14327,LA LAGUNILLA,17,SALTA
loc_14328,14328,LA MONTAÑA,17,SALTA
loc_14329,14329,LA PEDRERA,17,SALTA
loc_14330,14330,LA QUESERA,17,SALTA
loc_14331,14331,LA TROJA,17,SALTA
loc_14332,14332,LA UNION,17,SALTA
loc_14333,14333,LAS COSTAS,17,SALTA
loc_14334,14334,LIMACHE,17,SALTA
loc_14335,14335,LOS ALAMOS,17,SALTA
loc_14336,14336,LOS NOQUES,17,SALTA
loc_14337,14337,PAREDES,17,SALTA
loc_14338,14338,PEÑALVA,17,SALTA
loc_14339,14339,RIO ANCHO,17,SALTA
loc_14340,14340,SALTA,17,SALTA
loc_14341,14341,VILLA SAN LORENZO,17,SALTA
loc_14342,14342,20 DE FEBRERO,17,SALTA
loc_14343,14343,ABLOME,17,SALTA
loc_14344,14344,AMPASCACHI,17,SALTA
loc_14345,14345,BELLA VISTA,17,SALTA
loc_14346,14346,CABRA CORRAL DIQUE,17,SALTA
loc_14347,14347,CASTAÑARES,17,SALTA
loc_14348,14348,CORONEL MOLDES,17,SALTA
loc_14350,14350,EL CARANCHO,17,SALTA
loc_14351,14351,EL CARMEN,17,SALTA
loc_14352,14352,EL CRESTON,17,SALTA
loc_14353,14353,ENTRE RIOS,17,SALTA
loc_14355,14355,GUALIANA,17,SALTA
loc_14356,14356,KILOMETRO 1176 300,17,SALTA
loc_14357,14357,LA ARGENTINA,17,SALTA
loc_14358,14358,LA ARMONIA,17,SALTA
loc_14359,14359,LA BODEGA,17,SALTA
loc_14360,14360,LA BODEGUITA,17,SALTA
loc_14361,14361,LA COSTA,17,SALTA
loc_14362,14362,LA REPRESA,17,SALTA
loc_14363,14363,LA VIÑA,17,SALTA
loc_14364,14364,LAS CAÑAS,17,SALTA
loc_14365,14365,LAS LECHUZAS,17,SALTA
loc_14366,14366,LAS MERCEDES,17,SALTA
loc_14367,14367,OSMA,17,SALTA
loc_14368,14368,PASO DEL RIO,17,SALTA
loc_14369,14369,PEÑAS AZULES,17,SALTA
loc_14370,14370,PIEDRAS MORADAS,17,SALTA
loc_14371,14371,PUENTE DE DIAZ,17,SALTA
loc_14372,14372,QUISCA LORO,17,SALTA
loc_14373,14373,RETIRO,17,SALTA
loc_14374,14374,SALADILLO DE OSMA,17,SALTA
loc_14375,14375,SAN ANTONIO LA VIÑA,17,SALTA
loc_14376,14376,SAN NICOLAS,17,SALTA
loc_14377,14377,SAN ROQUE,17,SALTA
loc_14378,14378,SAN VICENTE,17,SALTA
loc_14379,14379,SANTA MARIA,17,SALTA
loc_14380,14380,SAUCE ALEGRE,17,SALTA
loc_14381,14381,SEVILLAR,17,SALTA
loc_14382,14382,SIÑUNTO,17,SALTA
loc_14383,14383,TALAPAMPA,17,SALTA
loc_14384,14384,TRES ACEQUIAS,17,SALTA
loc_14385,14385,AGUA SUCIA,17,SALTA
loc_14386,14386,ALGARROBAL,17,SALTA
loc_14387,14387,ALTO ALEGRE,17,SALTA
loc_14388,14388,APOLINARIO SARAVIA,17,SALTA
loc_14389,14389,ARITA,17,SALTA
loc_14390,14390,BARREALITO,17,SALTA
loc_14391,14391,CABEZA DE ANTA,17,SALTA
loc_14392,14392,CAMPO ALEGRE,17,SALTA
loc_14393,14393,CARRERAS,17,SALTA
loc_14394,14394,CEIBALITO,17,SALTA
loc_14395,14395,CHAÑAR MUYO,17,SALTA
loc_14396,14396,CHORROARIN,17,SALTA
loc_14397,14397,COLONIA HURLINGHAM,17,SALTA
loc_14398,14398,CORONEL MOLLINEDO,17,SALTA
loc_14399,14399,CORONEL OLLEROS,17,SALTA
loc_14400,14400,CORONEL VIDT,17,SALTA
loc_14401,14401,DIVISADERO,17,SALTA
loc_14402,14402,EBRO,17,SALTA
loc_14403,14403,EL ALGARROBAL,17,SALTA
loc_14404,14404,EL ARENAL,17,SALTA
loc_14405,14405,EL BORDO,17,SALTA
loc_14406,14406,EL CARMEN,17,SALTA
loc_14407,14407,EL CARRIZAL,17,SALTA
loc_14408,14408,EL JARAVI,17,SALTA
loc_14409,14409,EL LIBANO,17,SALTA
loc_14410,14410,EL MANANTIAL,17,SALTA
loc_14411,14411,EL NARANJO,17,SALTA
loc_14412,14412,EL PACARA,17,SALTA
loc_14413,14413,EL PERICOTE,17,SALTA
loc_14414,14414,EL PORVENIR,17,SALTA
loc_14415,14415,EL QUEBRACHAL,17,SALTA
loc_14416,14416,EL REY,17,SALTA
loc_14417,14417,EL SIMBOLAR,17,SALTA
loc_14418,14418,EL VENCIDO,17,SALTA
loc_14419,14419,EL YESO,17,SALTA
loc_14420,14420,ESPINILLO,17,SALTA
loc_14421,14421,ESQUINA,17,SALTA
loc_14422,14422,ESTANCIA VIEJA,17,SALTA
loc_14423,14423,FINCA LA CHINA,17,SALTA
loc_14424,14424,FINCA MISION ZENTA,17,SALTA
loc_14425,14425,FLORESTA,17,SALTA
loc_14426,14426,FUERTE EL PITO,17,SALTA
loc_14427,14427,GAONA,17,SALTA
loc_14428,14428,GENERAL PIZARRO,17,SALTA
loc_14429,14429,GONZALEZ,17,SALTA
loc_14430,14430,JOAQUIN V GONZALEZ,17,SALTA
loc_14431,14431,KILOMETRO 1088,17,SALTA
loc_14432,14432,KILOMETRO 1104,17,SALTA
loc_14433,14433,KILOMETRO 1152,17,SALTA
loc_14434,14434,LA CUESTITA ANTA,17,SALTA
loc_14435,14435,LA ESPERANZA,17,SALTA
loc_14436,14436,LA LOMITA,17,SALTA
loc_14437,14437,LA MANGA,17,SALTA
loc_14438,14438,LAGUNA BLANCA,17,SALTA
loc_14439,14439,LAGUNA VERDE,17,SALTA
loc_14440,14440,LAGUNITA,17,SALTA
loc_14441,14441,LAS BATEAS,17,SALTA
loc_14442,14442,LAS BLANCAS,17,SALTA
loc_14443,14443,LAS CAÑAS,17,SALTA
loc_14444,14444,LAS FLACAS,17,SALTA
loc_14445,14445,LAS FLECHAS,17,SALTA
loc_14446,14446,LAS FLORES,17,SALTA
loc_14447,14447,LAS HECHERAS,17,SALTA
loc_14448,14448,LAS LAJITAS,17,SALTA
loc_14449,14449,LAS PALMAS,17,SALTA
loc_14450,14450,LAS TORTUGAS,17,SALTA
loc_14451,14451,LAS VATEAS,17,SALTA
loc_14452,14452,LAS VIBORAS,17,SALTA
loc_14453,14453,LIMONCITO,17,SALTA
loc_14454,14454,LLUCHA,17,SALTA
loc_14455,14455,LOS CHIFLES,17,SALTA
loc_14456,14456,LOS MOLLINEDOS,17,SALTA
loc_14457,14457,LOS NOGALES,17,SALTA
loc_14458,14458,LUIS BURELA,17,SALTA
loc_14459,14459,MACAPILLO,17,SALTA
loc_14460,14460,MANGA VIEJA,17,SALTA
loc_14461,14461,MEDIA LUNA,17,SALTA
loc_14462,14462,MINAS YPF,17,SALTA
loc_14463,14463,MIRAFLORES,17,SALTA
loc_14464,14464,MOLLE POZO,17,SALTA
loc_14465,14465,MONASTERIOS,17,SALTA
loc_14466,14466,NUESTRA SEÑORA DE TALAVERA,17,SALTA
loc_14467,14467,PALERMO,17,SALTA
loc_14468,14468,PALO A PIQUE,17,SALTA
loc_14469,14469,PASO DE LA CRUZ,17,SALTA
loc_14470,14470,PASO DE LAS CARRETAS,17,SALTA
loc_14471,14471,PASO LA CRUZ,17,SALTA
loc_14472,14472,PIQUETE CABADO,17,SALTA
loc_14473,14473,PIQUETE DE ANTA,17,SALTA
loc_14474,14474,POBLACION,17,SALTA
loc_14475,14475,POSO DE ALGARROBO,17,SALTA
loc_14476,14476,POTRERILLO,17,SALTA
loc_14477,14477,POZO CANTADO,17,SALTA
loc_14478,14478,POZO DEL GREAL,17,SALTA
loc_14479,14479,POZO GRANDE,17,SALTA
loc_14480,14480,POZO VERDE,17,SALTA
loc_14481,14481,PRINGLES,17,SALTA
loc_14482,14482,PUERTA BLANCA,17,SALTA
loc_14483,14483,PULI,17,SALTA
loc_14484,14484,QUEBRACHAL,17,SALTA
loc_14485,14485,RIO DEL VALLE,17,SALTA
loc_14486,14486,ROCA,17,SALTA
loc_14487,14487,ROSARIO DEL DORADO,17,SALTA
loc_14488,14488,SALADILLO,17,SALTA
loc_14489,14489,SALADILLO DE JUAREZ,17,SALTA
loc_14490,14490,SALTA FORESTAL KILOMETRO 50,17,SALTA
loc_14491,14491,SAN FERNANDO,17,SALTA
loc_14492,14492,SAN GABRIEL,17,SALTA
loc_14493,14493,SAN IGNACIO,17,SALTA
loc_14494,14494,SAN JORGE,17,SALTA
loc_14495,14495,SAN JUAN,17,SALTA
loc_14496,14496,SAN LUIS,17,SALTA
loc_14497,14497,SAN MARTIN,17,SALTA
loc_14498,14498,SAN RAMON,17,SALTA
loc_14499,14499,SAN SEBASTIAN,17,SALTA
loc_14500,14500,SANTA ANA,17,SALTA
loc_14501,14501,SANTA ROSA,17,SALTA
loc_14502,14502,SANTA ROSA DE ANTA,17,SALTA
loc_14503,14503,SANTA TERESA,17,SALTA
loc_14504,14504,SANTA VICTORIA,17,SALTA
loc_14506,14506,SANTO DOMINGO ANTA,17,SALTA
loc_14507,14507,SAPO QUEMADO,17,SALTA
loc_14508,14508,SAUCE BAJADA,17,SALTA
loc_14509,14509,SAUCE SOLO,17,SALTA
loc_14510,14510,SAUZAL,17,SALTA
loc_14511,14511,SIMBOLAR,17,SALTA
loc_14512,14512,SIMBOLITO,17,SALTA
loc_14513,14513,SUNCHALITO,17,SALTA
loc_14514,14514,TACO PAMPA,17,SALTA
loc_14515,14515,TALA MUYO,17,SALTA
loc_14516,14516,TALAVERA,17,SALTA
loc_14517,14517,TOLLOCHE,17,SALTA
loc_14518,14518,TORO PAMPA,17,SALTA
loc_14519,14519,TOTORAL,17,SALTA
loc_14520,14520,TUNALITO,17,SALTA
loc_14521,14521,VENCIDA,17,SALTA
loc_14522,14522,VIEJA POZO,17,SALTA
loc_14523,14523,VINAL POZO,17,SALTA
loc_14524,14524,VINALITO,17,SALTA
loc_14525,14525,WEISBURG,17,SALTA
loc_14526,14526,YASQUIASME,17,SALTA
loc_14527,14527,BARRIO PARABOLICA,17,SALTA
loc_14528,14528,BUENA VISTA,17,SALTA
loc_14529,14529,CACHI,17,SALTA
loc_14530,14530,CACHI ADENTRO,17,SALTA
loc_14531,14531,EL POTRERO,17,SALTA
loc_14532,14532,ESCALCHI,17,SALTA
loc_14533,14533,FINCA BELGRANO,17,SALTA
loc_14534,14534,FUERTE ALTO,17,SALTA
loc_14535,14535,LA PAYA,17,SALTA
loc_14536,14536,LAS ARCAS,17,SALTA
loc_14537,14537,LAS CORTADERAS,17,SALTA
loc_14538,14538,LAS PAILAS,17,SALTA
loc_14539,14539,LAS TRANCAS,17,SALTA
loc_14540,14540,OJO DE AGUA,17,SALTA
loc_14541,14541,PALERMO OESTE,17,SALTA
loc_14542,14542,PAYOGASTA,17,SALTA
loc_14543,14543,PIUL,17,SALTA
loc_14544,14544,POTRERO,17,SALTA
loc_14545,14545,PUEBLO VIEJO,17,SALTA
loc_14546,14546,PUERTA DE LA PAYA,17,SALTA
loc_14547,14547,PUIL,17,SALTA
loc_14548,14548,PUNTA DE AGUA,17,SALTA
loc_14549,14549,RIO BLANCO,17,SALTA
loc_14550,14550,RIO TORO,17,SALTA
loc_14551,14551,RUMIHUASI,17,SALTA
loc_14552,14552,SAN JOSE DE COLTE,17,SALTA
loc_14553,14553,SAN JOSE DE ESCALCHI,17,SALTA
loc_14555,14555,VALLECITO,17,SALTA
loc_14556,14556,ACHARAS,17,SALTA
loc_14557,14557,ALGARROBAL VIEJO,17,SALTA
loc_14558,14558,ALTO DEL MISTOL,17,SALTA
loc_14559,14559,ARROCERO ITALIANO,17,SALTA
loc_14560,14560,BAJO GRANDE,17,SALTA
loc_14561,14561,BAJO GRANDE DESVIO FCGB,17,SALTA
loc_14562,14562,BALDERRAMA,17,SALTA
loc_14563,14563,CAMPO ALEGRE,17,SALTA
loc_14564,14564,CAMPO AZUL,17,SALTA
loc_14565,14565,CHILCAS,17,SALTA
loc_14566,14566,CONCHAS,17,SALTA
loc_14567,14567,CORRAL QUEMADO,17,SALTA
loc_14568,14568,DURAZNO,17,SALTA
loc_14569,14569,EL GALPON,17,SALTA
loc_14570,14570,EL GUANACO,17,SALTA
loc_14571,14571,EL PARQUE,17,SALTA
loc_14572,14572,EL SAUZAL,17,SALTA
loc_14573,14573,EL TUNAL,17,SALTA
loc_14574,14574,EL VALLECITO,17,SALTA
loc_14575,14575,ESTECO EMBARCADERO FCGB,17,SALTA
loc_14576,14576,FINCA ARMONIA,17,SALTA
loc_14577,14577,FINCA ROCCA,17,SALTA
loc_14578,14578,FOGUISTA J F JUAREZ,17,SALTA
loc_14579,14579,HOSTERIA JURAMENTO,17,SALTA
loc_14580,14580,JURAMENTO,17,SALTA
loc_14581,14581,LA AGUADITA,17,SALTA
loc_14582,14582,LA ARMONIA,17,SALTA
loc_14583,14583,LA CARRETERA,17,SALTA
loc_14584,14584,LA COSTOSA,17,SALTA
loc_14585,14585,LA CUESTITA METAN,17,SALTA
loc_14586,14586,LA POBLACION,17,SALTA
loc_14587,14587,LA POSTA,17,SALTA
loc_14588,14588,LAGUNITA NUEVA POBLACION,17,SALTA
loc_14589,14589,LAS ACHERAS,17,SALTA
loc_14590,14590,LAS CUESTITAS,17,SALTA
loc_14591,14591,LAS DELICIAS,17,SALTA
loc_14592,14592,LAS JUNTAS,17,SALTA
loc_14593,14593,LOS BAÑADOS,17,SALTA
loc_14594,14594,LOS ROSALES,17,SALTA
loc_14595,14595,LUMBRERAS,17,SALTA
loc_14596,14596,METAN,17,SALTA
loc_14597,14597,METAN VIEJO,17,SALTA
loc_14598,14598,MIRAFLORES,17,SALTA
loc_14599,14599,MIRAFLORES M,17,SALTA
loc_14600,14600,NOGALITO,17,SALTA
loc_14601,14601,OVEJERIA,17,SALTA
loc_14602,14602,PASO DE BALDERRAMA,17,SALTA
loc_14603,14603,PASO DEL DURAZNO,17,SALTA
loc_14604,14604,PASTEADERO,17,SALTA
loc_14605,14605,PERU,17,SALTA
loc_14606,14606,PIQUETE DE ANTA,17,SALTA
loc_14607,14607,POBLACION,17,SALTA
loc_14608,14608,POBLACION DE ORTEGA,17,SALTA
loc_14609,14609,POTRERO,17,SALTA
loc_14610,14610,PUNTA DEL AGUA,17,SALTA
loc_14611,14611,QUESERA,17,SALTA
loc_14612,14612,RIO PIEDRAS,17,SALTA
loc_14613,14613,ROSALES,17,SALTA
loc_14614,14614,SACHA PERA,17,SALTA
loc_14615,14615,SAN JAVIER,17,SALTA
loc_14616,14616,SAN JOSE DE ORQUERAS,17,SALTA
loc_14617,14617,SANTA ELENA,17,SALTA
loc_14618,14618,SCHNEIDEWIND,17,SALTA
loc_14619,14619,TALA MUYO,17,SALTA
loc_14620,14620,TALAS,17,SALTA
loc_14621,14621,TUNALITO,17,SALTA
loc_14622,14622,VERA CRUZ,17,SALTA
loc_14623,14623,YATASTO,17,SALTA
loc_14624,14624,ACOSTA,17,SALTA
loc_14625,14625,BODEGUITA,17,SALTA
loc_14626,14626,CAMPOS DE ALEMANIA,17,SALTA
loc_14627,14627,CARAHUASI,17,SALTA
loc_14628,14628,CERRO ALEMANIA,17,SALTA
loc_14629,14629,CEVILAR,17,SALTA
loc_14630,14630,COROPAMPA,17,SALTA
loc_14631,14631,DURAZNO,17,SALTA
loc_14632,14632,EL ACHERAL,17,SALTA
loc_14633,14633,EL FRAILE,17,SALTA
loc_14634,14634,EL OBELISCO,17,SALTA
loc_14635,14635,EL SAPO,17,SALTA
loc_14636,14636,FINCA EL CARMEN,17,SALTA
loc_14637,14637,GUACHIPAS,17,SALTA
loc_14638,14638,LA COSTA,17,SALTA
loc_14639,14639,LA FLORIDA,17,SALTA
loc_14640,14640,LA PAMPA,17,SALTA
loc_14641,14641,LA POBLACION,17,SALTA
loc_14642,14642,LAS CURTIEMBRES,17,SALTA
loc_14643,14643,LAS JUNTAS DE ALEMANIA,17,SALTA
loc_14644,14644,LOS CASTILLOS,17,SALTA
loc_14645,14645,LOS CHURQUIS,17,SALTA
loc_14646,14646,LOS SAUCES,17,SALTA
loc_14647,14647,MORALES,17,SALTA
loc_14648,14648,PAMPA GRANDE,17,SALTA
loc_14649,14649,POTRERILLOS,17,SALTA
loc_14650,14650,REDONDO,17,SALTA
loc_14651,14651,RIO ALEMANIA,17,SALTA
loc_14652,14652,SANTA BARBARA,17,SALTA
loc_14653,14653,SANTA ELENA,17,SALTA
loc_14654,14654,SAUCE,17,SALTA
loc_14655,14655,SAUCE REDONDO,17,SALTA
loc_14656,14656,TIPA SOLA,17,SALTA
loc_14657,14657,TRES CRUCES,17,SALTA
loc_14658,14658,VAQUERIA,17,SALTA
loc_14659,14659,VAQUERIA LOS SAUCES,17,SALTA
loc_14660,14660,ALEM,17,SALTA
loc_14661,14661,BARADERO,17,SALTA
loc_14662,14662,CEIBAL,17,SALTA
loc_14663,14663,EL BRETE,17,SALTA
loc_14664,14664,EL CUIBAL,17,SALTA
loc_14665,14665,EL ESPINAL,17,SALTA
loc_14666,14666,EL JARDIN,17,SALTA
loc_14667,14667,EL NARANJO,17,SALTA
loc_14668,14668,EL SUNCHAL,17,SALTA
loc_14669,14669,EL TALA,17,SALTA
loc_14670,14670,EL TALA EST R DE LOS LLANOS,17,SALTA
loc_14671,14671,LA ASUNCION,17,SALTA
loc_14673,14673,LA MARAVILLA,17,SALTA
loc_14674,14674,LA POBLACION,17,SALTA
loc_14675,14675,LOS MOGOTES,17,SALTA
loc_14676,14676,MIRAFLORES,17,SALTA
loc_14677,14677,OVEJERO,17,SALTA
loc_14678,14678,POTRERILLOS,17,SALTA
loc_14679,14679,RUIZ DE LOS LLANOS,17,SALTA
loc_14680,14680,SALAZAR,17,SALTA
loc_14681,14681,SAN PEDRO DE ARANDA,17,SALTA
loc_14682,14682,ABRA DEL GALLO,17,SALTA
loc_14683,14683,ACAZOQUE,17,SALTA
loc_14684,14684,CAIPE,17,SALTA
loc_14685,14685,CAUCHARI,17,SALTA
loc_14686,14686,CHACHAS,17,SALTA
loc_14687,14687,CHUCULAQUI,17,SALTA
loc_14688,14688,ESTACION CACHIÑAL,17,SALTA
loc_14689,14689,GRANDES PASTOS,17,SALTA
loc_14690,14690,INCACHULI,17,SALTA
loc_14691,14691,JUNCAL,17,SALTA
loc_14692,14692,JUNCALITO,17,SALTA
loc_14693,14693,KILOMETRO 1369,17,SALTA
loc_14694,14694,KILOMETRO 1373,17,SALTA
loc_14695,14695,KILOMETRO 1424,17,SALTA
loc_14696,14696,LAGUNA SECA,17,SALTA
loc_14697,14697,LOS COLORADOS,17,SALTA
loc_14698,14698,MINA JULIO,17,SALTA
loc_14699,14699,MINA LA CASUALIDAD,17,SALTA
loc_14700,14700,MINA TINCALAYA,17,SALTA
loc_14701,14701,MUÑANO KILOMETRO 1308,17,SALTA
loc_14702,14702,OLACAPATO CHICO,17,SALTA
loc_14703,14703,OLACAPATO GRANDE,17,SALTA
loc_14704,14704,PARAJE CERRO NEGRO,17,SALTA
loc_14705,14705,PARAJE CORTADERAS,17,SALTA
loc_14706,14706,PARAJE ESQUINA DE GUARDIA,17,SALTA
loc_14707,14707,PARAJE LAS CUEVAS,17,SALTA
loc_14708,14708,PARAJE MINA CONCORDIA,17,SALTA
loc_14709,14709,PARAJE MORRO COLORADO,17,SALTA
loc_14710,14710,PARAJE NACIMIENTOS,17,SALTA
loc_14711,14711,PARAJE OLACAPATO,17,SALTA
loc_14712,14712,PARAJE PASTOS GRANDES,17,SALTA
loc_14713,14713,PARAJE PIRCAS,17,SALTA
loc_14714,14714,PARAJE PIZCUNO,17,SALTA
loc_14715,14715,PARAJE UNCURU,17,SALTA
loc_14716,14716,POTRERILLOS,17,SALTA
loc_14717,14717,POTRERO DE POYOGASTA,17,SALTA
loc_14718,14718,QUEBRADA DEL AGUA,17,SALTA
loc_14719,14719,SALADILLO,17,SALTA
loc_14720,14720,SALAR DE POCITOS,17,SALTA
loc_14721,14721,SALAR DEL HOMBRE MUERTO,17,SALTA
loc_14722,14722,SAN ANTONIO DE LOS COBRES,17,SALTA
loc_14723,14723,SOCOMPA,17,SALTA
loc_14724,14724,STA ROSA DE LOS PASTOS GRANDES,17,SALTA
loc_14725,14725,TACA TACA ESTACION FCGB,17,SALTA
loc_14726,14726,TOLAR CHICO,17,SALTA
loc_14727,14727,TOLAR GRANDE,17,SALTA
loc_14728,14728,UNQUILLAL EMBARCADERO FCGB,17,SALTA
loc_14729,14729,VEGA DE ARIZARO,17,SALTA
loc_14730,14730,CEBADOS,17,SALTA
loc_14731,14731,CERRILLOS,17,SALTA
loc_14732,14732,COLON,17,SALTA
loc_14733,14733,EL COLEGIO,17,SALTA
loc_14734,14734,EL HUAICO,17,SALTA
loc_14735,14735,EL LEONCITO,17,SALTA
loc_14736,14736,FINCA CAMINO A COLON,17,SALTA
loc_14737,14737,FINCA CAMINO VALLISIOS,17,SALTA
loc_14738,14738,FINCA COLON,17,SALTA
loc_14739,14739,FINCA EL COLEGIO,17,SALTA
loc_14740,14740,HUMAITA,17,SALTA
loc_14741,14741,ISLA DE LA CANDELARIA,17,SALTA
loc_14742,14742,KILOMETRO 1156,17,SALTA
loc_14743,14743,LA CANDELARIA,17,SALTA
loc_14744,14744,LA FALDA,17,SALTA
loc_14745,14745,LA FAMA,17,SALTA
loc_14746,14746,LA ISLA,17,SALTA
loc_14747,14747,LA MERCED,17,SALTA
loc_14748,14748,LAS BLANCAS,17,SALTA
loc_14749,14749,LAS PALMAS,17,SALTA
loc_14750,14750,LAS PIRCAS,17,SALTA
loc_14751,14751,LAS TIENDITAS,17,SALTA
loc_14752,14752,LOS ALAMOS,17,SALTA
loc_14753,14753,OLMOS,17,SALTA
loc_14754,14754,PARAJE ZANJON,17,SALTA
loc_14755,14755,PIEDEMONTE,17,SALTA
loc_14756,14756,RIO ANCHO,17,SALTA
loc_14757,14757,RODEOS,17,SALTA
loc_14758,14758,SAN AGUSTIN,17,SALTA
loc_14759,14759,SAN CLEMENTE,17,SALTA
loc_14760,14760,SAN GERONIMO,17,SALTA
loc_14761,14761,SAN MARTIN,17,SALTA
loc_14762,14762,SAN MIGUEL,17,SALTA
loc_14763,14763,SANTA ELENA,17,SALTA
loc_14764,14764,SUMALAO,17,SALTA
loc_14765,14765,VILLA LOS TARCOS,17,SALTA
loc_14766,14766,ZANJON,17,SALTA
loc_14767,14767,AMBLAYO,17,SALTA
loc_14768,14768,ANGASTACO,17,SALTA
loc_14769,14769,ANGOSTURA,17,SALTA
loc_14770,14770,ANIMANA,17,SALTA
loc_14771,14771,BARRIAL,17,SALTA
loc_14772,14772,BUENA VISTA,17,SALTA
loc_14773,14773,CORRALITO,17,SALTA
loc_14774,14774,ISONZA,17,SALTA
loc_14775,14775,JACIMANA,17,SALTA
loc_14776,14776,LA ARCADIA,17,SALTA
loc_14777,14777,LA CABAÑA,17,SALTA
loc_14778,14778,LA MERCED,17,SALTA
loc_14779,14779,LA VIÑA,17,SALTA
loc_14780,14780,LAS VIÑAS,17,SALTA
loc_14781,14781,LOS SAUCES,17,SALTA
loc_14782,14782,MINA DON OTTO,17,SALTA
loc_14783,14783,MONTE VIEJO,17,SALTA
loc_14784,14784,PALO PINTADO,17,SALTA
loc_14785,14785,PAYOGASTILLA,17,SALTA
loc_14786,14786,PUCARA,17,SALTA
loc_14787,14787,RUMIUARCO,17,SALTA
loc_14788,14788,SAN ANTONIO,17,SALTA
loc_14789,14789,SAN CARLOS,17,SALTA
loc_14790,14790,SAN FELIPE,17,SALTA
loc_14791,14791,SAN LUCAS,17,SALTA
loc_14792,14792,SAN RAFAEL,17,SALTA
loc_14793,14793,SANTA ROSA,17,SALTA
loc_14794,14794,SIMBOLAR,17,SALTA
loc_14795,14795,TONCO,17,SALTA
loc_14796,14796,AGUA VERDE,17,SALTA
loc_14797,14797,AGUAS MUERTAS,17,SALTA
loc_14798,14798,ALGARROBAL,17,SALTA
loc_14799,14799,ALTO DE LA SIERRA,17,SALTA
loc_14800,14800,ALTO VERDE,17,SALTA
loc_14801,14801,AMBERES,17,SALTA
loc_14802,14802,BALBUENA,17,SALTA
loc_14803,14803,BELGRANO FORTIN 2,17,SALTA
loc_14804,14804,BELLA VISTA,17,SALTA
loc_14805,14805,BUENA FE,17,SALTA
loc_14806,14806,CAMPO ARGENTINO,17,SALTA
loc_14807,14807,CAMPO LARGO,17,SALTA
loc_14808,14808,CAPITAN JUAN PAGE,17,SALTA
loc_14809,14809,CHIRETE,17,SALTA
loc_14810,14810,CIERVO CANSADO,17,SALTA
loc_14811,14811,CNEL JUAN SOLA EST MORILLO,17,SALTA
loc_14812,14812,COLONIA BUENAVENTURA,17,SALTA
loc_14813,14813,DOS YUCHANES,17,SALTA
loc_14814,14814,EL BREAL,17,SALTA
loc_14816,14816,EL COLGADO,17,SALTA
loc_14817,14817,EL DESTIERRO,17,SALTA
loc_14818,14818,EL ESPINILLO,17,SALTA
loc_14819,14819,EL MIRADOR,17,SALTA
loc_14820,14820,EL ÑATO,17,SALTA
loc_14821,14821,EL PERTIGO,17,SALTA
loc_14822,14822,EL SOLDADITO,17,SALTA
loc_14823,14823,EL SUNCHAL,17,SALTA
loc_14824,14824,EL TALAR,17,SALTA
loc_14825,14825,EL TARTAGAL,17,SALTA
loc_14826,14826,EL TUNALITO,17,SALTA
loc_14827,14827,EL YACON,17,SALTA
loc_14829,14829,EL ZAPALLO,17,SALTA
loc_14830,14830,FORTIN FRIAS,17,SALTA
loc_14831,14831,HITO 1,17,SALTA
loc_14832,14832,LA ASUNCION,17,SALTA
loc_14833,14833,LA CANCHA,17,SALTA
loc_14834,14834,LA CHINA,17,SALTA
loc_14835,14835,LA CURVA,17,SALTA
loc_14836,14836,LA ENTRADA,17,SALTA
loc_14837,14837,LA ESPERANZA,17,SALTA
loc_14838,14838,LA ESQUINITA,17,SALTA
loc_14839,14839,LA MARAVILLA,17,SALTA
loc_14840,14840,LA MONTAÑA,17,SALTA
loc_14841,14841,LA MORA,17,SALTA
loc_14842,14842,LA TABLADA,17,SALTA
loc_14843,14843,LA UNION,17,SALTA
loc_14844,14844,LAS BOLSAS,17,SALTA
loc_14845,14845,LAS CAÑITAS,17,SALTA
loc_14846,14846,LAS CONCHAS,17,SALTA
loc_14847,14847,LAS HORQUETAS,17,SALTA
loc_14848,14848,LAS LLAVES,17,SALTA
loc_14849,14849,LAS VERTIENTES,17,SALTA
loc_14850,14850,LOS BLANCOS,17,SALTA
loc_14851,14851,LOS RANCHILLOS,17,SALTA
loc_14852,14852,MADREJON,17,SALTA
loc_14853,14853,MARTIN GARCIA,17,SALTA
loc_14854,14854,MEDIA LUNA,17,SALTA
loc_14855,14855,MISION LA PAZ,17,SALTA
loc_14856,14856,MISION SANTA LUCIA,17,SALTA
loc_14857,14857,MISIONES,17,SALTA
loc_14858,14858,MISTOL MAREADO,17,SALTA
loc_14859,14859,MOLLINEDO,17,SALTA
loc_14860,14860,PALMARCITO,17,SALTA
loc_14861,14861,PALO SANTO,17,SALTA
loc_14862,14862,PARAISO,17,SALTA
loc_14863,14863,PARAMAMAYA,17,SALTA
loc_14864,14864,PASO EL MILAGRO SAN ANICETO,17,SALTA
loc_14865,14865,PLUMA DEL PATO,17,SALTA
loc_14866,14866,PORONGAL,17,SALTA
loc_14867,14867,POZO CERCADO,17,SALTA
loc_14868,14868,POZO DEL CHAÑAR,17,SALTA
loc_14869,14869,POZO DEL CUICO,17,SALTA
loc_14870,14870,POZO DEL PATO,17,SALTA
loc_14871,14871,POZO DEL SAUCE,17,SALTA
loc_14872,14872,POZO DEL ZORRO,17,SALTA
loc_14873,14873,POZO EL ALGARROBO,17,SALTA
loc_14874,14874,POZO HONDO,17,SALTA
loc_14875,14875,POZO VERDE,17,SALTA
loc_14876,14876,PUERTO DE DIAZ,17,SALTA
loc_14877,14877,PUESTO DE LA VIUDA,17,SALTA
loc_14878,14878,PUESTO DEL PAÑUELO,17,SALTA
loc_14879,14879,PUESTO LA PAZ,17,SALTA
loc_14880,14880,RESISTENCIA,4,CHACO
loc_14881,14881,RIVADAVIA,17,SALTA
loc_14882,14882,SAN AGUSTIN,17,SALTA
loc_14883,14883,SAN BERNARDO,17,SALTA
loc_14884,14884,SAN ISIDRO,17,SALTA
loc_14885,14885,SAN JOAQUIN,17,SALTA
loc_14886,14886,SAN MIGUEL,17,SALTA
loc_14887,14887,SAN PATRICIO,17,SALTA
loc_14888,14888,SAN PEDRO DE ARANDA,17,SALTA
loc_14889,14889,SANTA CLARA,17,SALTA
loc_14890,14890,SANTA MARIA,17,SALTA
loc_14891,14891,SANTA ROSA,17,SALTA
loc_14892,14892,SANTA VICTORIA ESTE,17,SALTA
loc_14893,14893,SANTO DOMINGO,17,SALTA
loc_14894,14894,SANTOS LUGARES,17,SALTA
loc_14895,14895,SARGENTO CRISTOBAL,17,SALTA
loc_14896,14896,SURI PINTADO,17,SALTA
loc_14897,14897,TRES POZOS,17,SALTA
loc_14898,14898,TRES YUCHANES,17,SALTA
loc_14899,14899,VICTORICA,17,SALTA
loc_14900,14900,VILLA PETRONA,17,SALTA
loc_14901,14901,VUELTA DE LAS TOBAS,17,SALTA
loc_14902,14902,AGUAS CALIENTES,17,SALTA
loc_14903,14903,ALGARROBAL,17,SALTA
loc_14904,14904,ALTOS HORNOS GUEMES,17,SALTA
loc_14905,14905,BETANIA,17,SALTA
loc_14906,14906,CABEZA DE BUEY,17,SALTA
loc_14907,14907,CAMPO SANTO,17,SALTA
loc_14908,14908,CANTERA DEL SAUCE,17,SALTA
loc_14909,14909,CHACRA EXPERIMENTAL,17,SALTA
loc_14910,14910,COBA,17,SALTA
loc_14911,14911,COBOS,17,SALTA
loc_14912,14912,COLONIA SANTA ROSA DE LIMA,17,SALTA
loc_14913,14913,CRUZ QUEMADA,17,SALTA
loc_14914,14914,DIQUE EMBALSE CAMPO ALEGRE,17,SALTA
loc_14915,14915,EL ALGARROBO,17,SALTA
loc_14916,14916,EL BORDE DE SAN MIGUEL,17,SALTA
loc_14917,14917,EL BORDO,17,SALTA
loc_14918,14918,EL CEIBAL,17,SALTA
loc_14919,14919,EL ESTANQUE,17,SALTA
loc_14920,14920,EL OSO,17,SALTA
loc_14921,14921,EL PRADO,17,SALTA
loc_14922,14922,EL SALTO,17,SALTA
loc_14923,14923,EL SAUCE,17,SALTA
loc_14924,14924,EL ZANJON,17,SALTA
loc_14925,14925,EL ZAPALLAR,17,SALTA
loc_14926,14926,EST EL BORDO,17,SALTA
loc_14927,14927,GALLINATO,17,SALTA
loc_14928,14928,GENERAL GUEMES,17,SALTA
loc_14929,14929,INGENIO SAN ISIDRO,17,SALTA
loc_14930,14930,KILOMETRO 1094,17,SALTA
loc_14931,14931,KILOMETRO 1102,17,SALTA
loc_14932,14932,LA DEFENSA,17,SALTA
loc_14933,14933,LA OFELIA,17,SALTA
loc_14934,14934,LA OLIVA,17,SALTA
loc_14935,14935,LA PUNTILLA,17,SALTA
loc_14936,14936,LA RAMADA,17,SALTA
loc_14937,14937,LA TRAMPA,17,SALTA
loc_14938,14938,LA VIÑA,17,SALTA
loc_14939,14939,LAS MESITAS,17,SALTA
loc_14940,14940,LAS VERTIENTES SANTA RITA DE,17,SALTA
loc_14941,14941,LECHIGUANA,17,SALTA
loc_14942,14942,LOS CORRALES,17,SALTA
loc_14943,14943,MADRE VIEJA,17,SALTA
loc_14944,14944,OJO DE AGUA,17,SALTA
loc_14945,14945,PALOMITAS,17,SALTA
loc_14946,14946,PUESTO VIEJO,17,SALTA
loc_14947,14947,QUISTO,17,SALTA
loc_14948,14948,RIO LAVALLEN,17,SALTA
loc_14949,14949,RODEO GRANDE,17,SALTA
loc_14950,14950,SALADILLO,17,SALTA
loc_14951,14951,SAN ISIDRO,17,SALTA
loc_14952,14952,SAN MARTIN,17,SALTA
loc_14953,14953,SANTA LUCIA,17,SALTA
loc_14954,14954,SANTA RITA,17,SALTA
loc_14955,14955,SANTA ROSA,17,SALTA
loc_14956,14956,SAUSALITO,17,SALTA
loc_14957,14957,TORZALITO,17,SALTA
loc_14958,14958,VILLA MAYOR ZABALETA,17,SALTA
loc_14959,14959,VIRGILIO TEDIN,17,SALTA
loc_14960,14960,ZAPALLITO,17,SALTA
loc_14961,14961,ACHALCO,3,CATAMARCA
loc_14962,14962,ALBIGASTA,3,CATAMARCA
loc_14963,14963,AYAPASO,3,CATAMARCA
loc_14964,14964,BARRANQUITAS,3,CATAMARCA
loc_14965,14965,BEBIDA,3,CATAMARCA
loc_14966,14966,BELLA VISTA,3,CATAMARCA
loc_14967,14967,BREA CHIMPANA,3,CATAMARCA
loc_14969,14969,EL ALTO,3,CATAMARCA
loc_14970,14970,EL RODEITO,3,CATAMARCA
loc_14971,14971,EL ROSARIO,3,CATAMARCA
loc_14972,14972,EL SIMBOL,3,CATAMARCA
loc_14973,14973,EL VALLECITO,3,CATAMARCA
loc_14974,14974,ESTANZUELA,3,CATAMARCA
loc_14975,14975,GUAYAMBA,3,CATAMARCA
loc_14976,14976,ICHIPUCA,3,CATAMARCA
loc_14977,14977,ILOGA,3,CATAMARCA
loc_14978,14978,INACILLO,3,CATAMARCA
loc_14979,14979,INFANZON,3,CATAMARCA
loc_14980,14980,KILOMETRO 1093,3,CATAMARCA
loc_14981,14981,LA CALERA,3,CATAMARCA
loc_14982,14982,LA CALERA DEL SAUCE,3,CATAMARCA
loc_14983,14983,LA ESTANCIA,3,CATAMARCA
loc_14984,14984,LA ESTANZUELA,3,CATAMARCA
loc_14985,14985,LA HUERTA,3,CATAMARCA
loc_14986,14986,LA QUEBRADA,3,CATAMARCA
loc_14987,14987,LAS JUSTAS,3,CATAMARCA
loc_14988,14988,LAS LOMITAS,3,CATAMARCA
loc_14989,14989,LAS MINAS,3,CATAMARCA
loc_14990,14990,LAS TAPIAS,3,CATAMARCA
loc_14991,14991,LAS TRANCAS,3,CATAMARCA
loc_14992,14992,LAS TRILLAS,3,CATAMARCA
loc_14993,14993,LINDERO,3,CATAMARCA
loc_14994,14994,LOS CISTERNAS,3,CATAMARCA
loc_14995,14995,LOS MORTEROS,3,CATAMARCA
loc_14996,14996,LOS ORTICES,3,CATAMARCA
loc_14997,14997,LOS PEDRAZAS,3,CATAMARCA
loc_14998,14998,MINA DAL,3,CATAMARCA
loc_14999,14999,NOGALITO,3,CATAMARCA
loc_15000,15000,ORELLANO,3,CATAMARCA
loc_15001,15001,OYOLA,3,CATAMARCA
loc_15002,15002,POZO GRANDE,3,CATAMARCA
loc_15003,15003,PUEBLITO,3,CATAMARCA
loc_15004,15004,PUESTO LOS GOMEZ,3,CATAMARCA
loc_15005,15005,RIO DE AVILA,3,CATAMARCA
loc_15006,15006,RIO DE LA PLATA,3,CATAMARCA
loc_15007,15007,SAN JERONIMO,3,CATAMARCA
loc_15008,15008,SAN VICENTE,3,CATAMARCA
loc_15009,15009,SAUCE HUACHO,3,CATAMARCA
loc_15010,15010,SOLEDAD,3,CATAMARCA
loc_15011,15011,SUCUMA,3,CATAMARCA
loc_15012,15012,SURUIPIANA,3,CATAMARCA
loc_15013,15013,TALEGA,3,CATAMARCA
loc_15014,15014,TAPSO,3,CATAMARCA
loc_15015,15015,TINTIGASTA,3,CATAMARCA
loc_15016,15016,VILISMAN,3,CATAMARCA
loc_15017,15017,AGUA AMARILLA LA HOYADA,3,CATAMARCA
loc_15018,15018,AGUA AMARILLA PTA DE BALASTO,3,CATAMARCA
loc_15019,15019,AMPAJANGO,3,CATAMARCA
loc_15020,15020,ANDALHUALA,3,CATAMARCA
loc_15021,15021,BANDA,3,CATAMARCA
loc_15022,15022,BUEY MUERTO,3,CATAMARCA
loc_15023,15023,CAMPITOS,3,CATAMARCA
loc_15024,15024,CASA DE PIEDRA,3,CATAMARCA
loc_15025,15025,CASPINCHANGO,3,CATAMARCA
loc_15027,15027,CERRO COLORADO,3,CATAMARCA
loc_15030,15030,CIENAGA,3,CATAMARCA
loc_15031,15031,CORRAL VIEJO,3,CATAMARCA
loc_15032,15032,DESRUMBE,3,CATAMARCA
loc_15033,15033,EL ARROYO,3,CATAMARCA
loc_15034,15034,EL BALDE,3,CATAMARCA
loc_15035,15035,EL CAJON,3,CATAMARCA
loc_15036,15036,EL CALCHAQUI,3,CATAMARCA
loc_15037,15037,EL CERRITO,3,CATAMARCA
loc_15038,15038,EL DESMONTE,3,CATAMARCA
loc_15039,15039,EL MEDANITO,3,CATAMARCA
loc_15040,15040,EL RECREO,3,CATAMARCA
loc_15041,15041,EL TESORO,3,CATAMARCA
loc_15042,15042,EL TRAPICHE,3,CATAMARCA
loc_15043,15043,EL ZARZO,3,CATAMARCA
loc_15044,15044,ENTRE RIOS,3,CATAMARCA
loc_15045,15045,ESTANCIA VIEJA,3,CATAMARCA
loc_15046,15046,FAMABALASTRO,3,CATAMARCA
loc_15047,15047,FAMATANCA,3,CATAMARCA
loc_15048,15048,FUERTE QUEMADO,3,CATAMARCA
loc_15049,15049,IAPES,3,CATAMARCA
loc_15050,15050,JULIPAO,3,CATAMARCA
loc_15051,15051,LA CAMPANA,3,CATAMARCA
loc_15053,15053,LA LOMA,3,CATAMARCA
loc_15054,15054,LA OLLADA,3,CATAMARCA
loc_15055,15055,LA OVEJERIA,3,CATAMARCA
loc_15056,15056,LA QUEBRADA,3,CATAMARCA
loc_15057,15057,LA SOLEDAD,3,CATAMARCA
loc_15058,15058,LAMPASITO,3,CATAMARCA
loc_15059,15059,LAS MOJARRAS,3,CATAMARCA
loc_15061,15061,LOS POZUELOS,3,CATAMARCA
loc_15062,15062,LOS SALTOS,3,CATAMARCA
loc_15063,15063,MEDANITO,3,CATAMARCA
loc_15064,15064,OVEJERIA,3,CATAMARCA
loc_15065,15065,PAJANGUILLO,3,CATAMARCA
loc_15066,15066,PALO SECO,3,CATAMARCA
loc_15067,15067,PALOMA YACO,3,CATAMARCA
loc_15068,15068,PIE DEL MEDANO,3,CATAMARCA
loc_15069,15069,PUNTA DE BALASTO,3,CATAMARCA
loc_15070,15070,SAN ANTONIO DEL CAJON,3,CATAMARCA
loc_15071,15071,SAN JOSE,3,CATAMARCA
loc_15072,15072,SAN JOSE BANDA,3,CATAMARCA
loc_15073,15073,SAN JOSE NORTE,3,CATAMARCA
loc_15074,15074,SANTA MARIA,3,CATAMARCA
loc_15075,15075,TOROYACO,3,CATAMARCA
loc_15076,15076,TOTORILLA,3,CATAMARCA
loc_15077,15077,YAPES,3,CATAMARCA
loc_15078,15078,AMADORES,3,CATAMARCA
loc_15079,15079,BALCOSNA,3,CATAMARCA
loc_15080,15080,BALCOSNA DE AFUERA,3,CATAMARCA
loc_15081,15081,BARRO NEGRO,3,CATAMARCA
loc_15082,15082,BASTIDOR,3,CATAMARCA
loc_15084,15084,CHIFLON,3,CATAMARCA
loc_15085,15085,EL BASTIDOR,3,CATAMARCA
loc_15086,15086,EL CEVIL,3,CATAMARCA
loc_15087,15087,EL CHAMICO,3,CATAMARCA
loc_15088,15088,EL CIFLON,3,CATAMARCA
loc_15089,15089,EL CONTADOR,3,CATAMARCA
loc_15090,15090,EL DURAZNILLO,3,CATAMARCA
loc_15091,15091,EL GARABATO,3,CATAMARCA
loc_15092,15092,EL RETIRO,3,CATAMARCA
loc_15093,15093,EL ROSARIO,3,CATAMARCA
loc_15094,15094,EL TOTORAL,3,CATAMARCA
loc_15095,15095,HUACRA,3,CATAMARCA
loc_15096,15096,LA BAJADA,3,CATAMARCA
loc_15097,15097,LA BANDA,3,CATAMARCA
loc_15098,15098,LA ESQUINA,3,CATAMARCA
loc_15099,15099,LA FALDA,3,CATAMARCA
loc_15100,15100,LA HIGUERA,3,CATAMARCA
loc_15101,15101,LA MERCED,3,CATAMARCA
loc_15104,15104,LAS HUERTAS,3,CATAMARCA
loc_15105,15105,LAS LAJAS,3,CATAMARCA
loc_15106,15106,LAS TRANQUITAS,3,CATAMARCA
loc_15107,15107,LOS GALPONES,3,CATAMARCA
loc_15108,15108,LOS OVEJEROS,3,CATAMARCA
loc_15109,15109,LOS PINTADOS,3,CATAMARCA
loc_15110,15110,MONTE POTRERO,3,CATAMARCA
loc_15111,15111,PALO LABRADO,3,CATAMARCA
loc_15112,15112,POSTA,3,CATAMARCA
loc_15113,15113,POZO DEL ALGARROBO,3,CATAMARCA
loc_15114,15114,POZO DEL CAMPO,3,CATAMARCA
loc_15115,15115,RAFAEL CASTILLO,3,CATAMARCA
loc_15116,15116,SALCEDO,3,CATAMARCA
loc_15117,15117,SAN ANTONIO DE PACLIN,3,CATAMARCA
loc_15118,15118,SANTA ANA,3,CATAMARCA
loc_15119,15119,SANTA BARBARA,3,CATAMARCA
loc_15120,15120,SAUCE MAYO,3,CATAMARCA
loc_15121,15121,SUMAMPA,3,CATAMARCA
loc_15122,15122,SUPERI,3,CATAMARCA
loc_15123,15123,TALAGUADA,3,CATAMARCA
loc_15124,15124,TIERRA VERDE,3,CATAMARCA
loc_15125,15125,VILLA COLLANTES,3,CATAMARCA
loc_15126,15126,YOCAN,3,CATAMARCA
loc_15127,15127,AGUADITA,3,CATAMARCA
loc_15128,15128,ANTOFAGASTA DE LA SIERRA,3,CATAMARCA
loc_15129,15129,BALSA,3,CATAMARCA
loc_15130,15130,CUMBRE DEL LAUDO,3,CATAMARCA
loc_15132,15132,GENTILE,3,CATAMARCA
loc_15133,15133,MINA INCA HUASI,3,CATAMARCA
loc_15134,15134,ROSARIO DEL SUMALAO,3,CATAMARCA
loc_15135,15135,TACAHUASI,3,CATAMARCA
loc_15136,15136,TORO MUERTO,3,CATAMARCA
loc_15137,15137,VEGA CURUTU,3,CATAMARCA
loc_15138,15138,VEGA TAMBERIA,3,CATAMARCA
loc_15139,15139,COLLAGASTA,3,CATAMARCA
loc_15140,15140,EL DESMONTE,3,CATAMARCA
loc_15141,15141,EL HUECO,3,CATAMARCA
loc_15142,15142,LA CARRERA,3,CATAMARCA
loc_15143,15143,LA FALDA DE SAN ANTONIO,3,CATAMARCA
loc_15144,15144,LA TERCENA,3,CATAMARCA
loc_15145,15145,OCHO VADOS,3,CATAMARCA
loc_15146,15146,POMANCILLO,3,CATAMARCA
loc_15147,15147,SAN ANTONIO DE P BLANCA,3,CATAMARCA
loc_15148,15148,SAN ANTONIO FRAY M ESQUIU,3,CATAMARCA
loc_15149,15149,SAN JOSE DE PIEDRA BLANCA,3,CATAMARCA
loc_15150,15150,SIERRA BRAVA,3,CATAMARCA
loc_15151,15151,VILLA LAS PIRQUITAS,3,CATAMARCA
loc_15152,15152,ADOLFO E CARRANZA,3,CATAMARCA
loc_15153,15153,BALDE LA PUNTA,3,CATAMARCA
loc_15154,15154,BALDE NUEVO,3,CATAMARCA
loc_15155,15155,BUENA VISTA,3,CATAMARCA
loc_15156,15156,CAPAYAN,3,CATAMARCA
loc_15157,15157,CERRILLOS,3,CATAMARCA
loc_15158,15158,CHUMBICHA,3,CATAMARCA
loc_15159,15159,COLONIA DEL VALLE,3,CATAMARCA
loc_15160,15160,COLONIA NUEVA CONETA,3,CATAMARCA
loc_15161,15161,CONCEPCION,3,CATAMARCA
loc_15162,15162,CONETA,3,CATAMARCA
loc_15164,15164,EL CARRIZAL,3,CATAMARCA
loc_15165,15165,EL MILAGRO,3,CATAMARCA
loc_15166,15166,HUILLAPIMA,3,CATAMARCA
loc_15167,15167,KILOMETRO 128,3,CATAMARCA
loc_15168,15168,KILOMETRO 99,3,CATAMARCA
loc_15170,15170,LA HORQUETA,3,CATAMARCA
loc_15171,15171,LA PARAGUAYA,3,CATAMARCA
loc_15172,15172,LAMPASILLO,3,CATAMARCA
loc_15173,15173,LAS LATILLAS,3,CATAMARCA
loc_15174,15174,LAS PALMAS,3,CATAMARCA
loc_15175,15175,LOS ANGELES,3,CATAMARCA
loc_15176,15176,LOS BAZAN,3,CATAMARCA
loc_15178,15178,LOS PINOS,3,CATAMARCA
loc_15179,15179,LOS PUESTOS,3,CATAMARCA
loc_15180,15180,MIRAFLORES,3,CATAMARCA
loc_15181,15181,SAN GERONIMO,3,CATAMARCA
loc_15182,15182,SAN LORENZO,3,CATAMARCA
loc_15183,15183,SAN MARTIN,3,CATAMARCA
loc_15184,15184,SAN PABLO,3,CATAMARCA
loc_15185,15185,SAN PEDRO CAPAYAN,3,CATAMARCA
loc_15186,15186,SEBILA,3,CATAMARCA
loc_15187,15187,SISIGUASI,3,CATAMARCA
loc_15188,15188,TELARITOS,3,CATAMARCA
loc_15189,15189,TRAMPASACHA,3,CATAMARCA
loc_15190,15190,AGUA COLORADA,3,CATAMARCA
loc_15191,15191,AGUA DE DIONISIO,3,CATAMARCA
loc_15192,15192,AGUA DEL CAMPO,3,CATAMARCA
loc_15193,15193,AGUAS CALIENTES,3,CATAMARCA
loc_15194,15194,ALTO EL BOLSON,3,CATAMARCA
loc_15195,15195,AMPUJACO,3,CATAMARCA
loc_15196,15196,ANGOSTURA,3,CATAMARCA
loc_15197,15197,ASAMPAY,3,CATAMARCA
loc_15198,15198,BARRANCA LARGA,3,CATAMARCA
loc_15199,15199,BELEN,3,CATAMARCA
loc_15200,15200,CACHIJAN,3,CATAMARCA
loc_15201,15201,CACHUAN,3,CATAMARCA
loc_15202,15202,CARRIZAL,3,CATAMARCA
loc_15203,15203,CARRIZAL DE ABAJO,3,CATAMARCA
loc_15204,15204,CARRIZAL DE LA COSTA,3,CATAMARCA
loc_15205,15205,CASA GRANDE,3,CATAMARCA
loc_15206,15206,CHIQUERITO,3,CATAMARCA
loc_15207,15207,CHUCOLAY,3,CATAMARCA
loc_15208,15208,CONDOR HUASI DE BELEN,3,CATAMARCA
loc_15209,15209,CORRAL QUEMADO,3,CATAMARCA
loc_15210,15210,CORRALITO,3,CATAMARCA
loc_15211,15211,CORTADERA,3,CATAMARCA
loc_15212,15212,COTAGUA,3,CATAMARCA
loc_15213,15213,CUEVA BLANCA,3,CATAMARCA
loc_15214,15214,CULAMPAJA,3,CATAMARCA
loc_15215,15215,DURAZNILLO,3,CATAMARCA
loc_15216,15216,DURAZNO,3,CATAMARCA
loc_15217,15217,EL CAJON,3,CATAMARCA
loc_15218,15218,EL CAMPILLO,3,CATAMARCA
loc_15219,15219,EL CARRIZAL,3,CATAMARCA
loc_15220,15220,EL DURAZNO,3,CATAMARCA
loc_15221,15221,EL EJE,3,CATAMARCA
loc_15222,15222,EL MEDIO,3,CATAMARCA
loc_15223,15223,EL MOLINO,3,CATAMARCA
loc_15224,15224,EL PORTEZUELO,3,CATAMARCA
loc_15225,15225,EL TIO,3,CATAMARCA
loc_15226,15226,EL TOLAR,3,CATAMARCA
loc_15227,15227,FARALLON NEGRO,3,CATAMARCA
loc_15228,15228,HUACO,3,CATAMARCA
loc_15229,15229,HUALFIN,3,CATAMARCA
loc_15230,15230,HUASAYACO,3,CATAMARCA
loc_15231,15231,HUASI CIENAGA,3,CATAMARCA
loc_15232,15232,JACIPUNCO,3,CATAMARCA
loc_15233,15233,LA AGUADA,3,CATAMARCA
loc_15234,15234,LA BANDA,3,CATAMARCA
loc_15235,15235,LA BARRANCA LARGA,3,CATAMARCA
loc_15237,15237,LA CAPELLANIA,3,CATAMARCA
loc_15238,15238,LA CIENAGA,3,CATAMARCA
loc_15239,15239,LA COSTA,3,CATAMARCA
loc_15240,15240,LA CUESTA,3,CATAMARCA
loc_15241,15241,LA ESTANCIA,3,CATAMARCA
loc_15242,15242,LA PUERTA DE SAN JOSE,3,CATAMARCA
loc_15243,15243,LA PUNTILLA,3,CATAMARCA
loc_15244,15244,LA QUEBRADA,3,CATAMARCA
loc_15245,15245,LA RAMADA,3,CATAMARCA
loc_15246,15246,LA REPRESA,3,CATAMARCA
loc_15247,15247,LA TOMA,3,CATAMARCA
loc_15248,15248,LA TOTORA,3,CATAMARCA
loc_15250,15250,LAGUNA BLANCA,3,CATAMARCA
loc_15251,15251,LAGUNA COLORADA,3,CATAMARCA
loc_15252,15252,LAS BARRANCAS,3,CATAMARCA
loc_15253,15253,LAS BAYAS,3,CATAMARCA
loc_15254,15254,LAS CUEVAS,3,CATAMARCA
loc_15255,15255,LAS JUNTAS,3,CATAMARCA
loc_15256,15256,LAS LATILLAS,3,CATAMARCA
loc_15257,15257,LAS MANZAS,3,CATAMARCA
loc_15258,15258,LOCONTE,3,CATAMARCA
loc_15259,15259,LONDRES,3,CATAMARCA
loc_15260,15260,LONDRES ESTE,3,CATAMARCA
loc_15261,15261,LONDRES OESTE,3,CATAMARCA
loc_15262,15262,LORO HUASI,3,CATAMARCA
loc_15263,15263,LOS COLORADOS,3,CATAMARCA
loc_15264,15264,LOS MORTERITOS,3,CATAMARCA
loc_15265,15265,LOS NACIMIENTOS,3,CATAMARCA
loc_15266,15266,LOS POZUELOS,3,CATAMARCA
loc_15267,15267,LUNA AGUADA,3,CATAMARCA
loc_15268,15268,MINAS AGUA TAPADA,3,CATAMARCA
loc_15269,15269,NACIMIENTO,3,CATAMARCA
loc_15270,15270,NACIMIENTOS DE ABAJO,3,CATAMARCA
loc_15271,15271,NACIMIENTOS DE ARRIBA,3,CATAMARCA
loc_15272,15272,NACIMIENTOS DE SAN ANTONIO,3,CATAMARCA
loc_15273,15273,NACIMIENTOS DEL BOLSON,3,CATAMARCA
loc_15274,15274,OJO DE AGUA,3,CATAMARCA
loc_15275,15275,OJO DE LA CORTADERA,3,CATAMARCA
loc_15276,15276,PALO BLANCO,3,CATAMARCA
loc_15277,15277,PAMPA CIENAGA,3,CATAMARCA
loc_15278,15278,PAPA CHACRA,3,CATAMARCA
loc_15279,15279,PIEDRA LARGA,3,CATAMARCA
loc_15280,15280,POTRERITO,3,CATAMARCA
loc_15281,15281,POZO DE PIEDRA,3,CATAMARCA
loc_15282,15282,POZUELOS,3,CATAMARCA
loc_15283,15283,PUERTA DE CORRAL QUEMADO,3,CATAMARCA
loc_15284,15284,PUERTO BLANCO,3,CATAMARCA
loc_15285,15285,PUERTO CHIPI,3,CATAMARCA
loc_15286,15286,PUERTO DE LA PAMPA,3,CATAMARCA
loc_15287,15287,PUERTO POTRERO,3,CATAMARCA
loc_15288,15288,RINCON GRANDE,3,CATAMARCA
loc_15289,15289,RODEO GERVAN,3,CATAMARCA
loc_15290,15290,RUMIMONION,3,CATAMARCA
loc_15291,15291,SAN ANTONIO,3,CATAMARCA
loc_15292,15292,SAN BUENAVENTURA,3,CATAMARCA
loc_15293,15293,SAN FERNANDO,3,CATAMARCA
loc_15294,15294,SEBILA,3,CATAMARCA
loc_15295,15295,SHINCAL,3,CATAMARCA
loc_15296,15296,TALAMAYO,3,CATAMARCA
loc_15298,15298,VILLA VIL,3,CATAMARCA
loc_15299,15299,VISCOTE,3,CATAMARCA
loc_15300,15300,ZARCITO,3,CATAMARCA
loc_15301,15301,ZARZA,3,CATAMARCA
loc_15302,15302,AGUA VERDE,3,CATAMARCA
loc_15303,15303,AMBATO,3,CATAMARCA
loc_15304,15304,BELLA VISTA,3,CATAMARCA
loc_15305,15305,BISCOTAL,3,CATAMARCA
loc_15306,15306,CASA VIEJAS,3,CATAMARCA
loc_15307,15307,CHAMORRO,3,CATAMARCA
loc_15308,15308,CHAVARRIA,3,CATAMARCA
loc_15309,15309,CHUCHUCARUANA,3,CATAMARCA
loc_15310,15310,COLPES,3,CATAMARCA
loc_15311,15311,CORRALITA,3,CATAMARCA
loc_15312,15312,EL ARBOL SOLO,3,CATAMARCA
loc_15313,15313,EL ATOYAL,3,CATAMARCA
loc_15314,15314,EL BISCOTE,3,CATAMARCA
loc_15315,15315,EL BOLSON,3,CATAMARCA
loc_15316,15316,EL CHORRO,3,CATAMARCA
loc_15317,15317,EL MOLINITO,3,CATAMARCA
loc_15318,15318,EL NOGAL,3,CATAMARCA
loc_15319,15319,EL PARQUE,3,CATAMARCA
loc_15320,15320,EL PIE DE LA CUESTA,3,CATAMARCA
loc_15321,15321,EL POLEAR,3,CATAMARCA
loc_15322,15322,EL POTRERILLO,3,CATAMARCA
loc_15323,15323,EL REALITO,3,CATAMARCA
loc_15324,15324,EL RODEO,3,CATAMARCA
loc_15325,15325,EL RODEO GRANDE,3,CATAMARCA
loc_15326,15326,EL TABIQUE,3,CATAMARCA
loc_15327,15327,EL TALA,3,CATAMARCA
loc_15328,15328,FALDEO,3,CATAMARCA
loc_15329,15329,GALPON,3,CATAMARCA
loc_15330,15330,HUMAYA,3,CATAMARCA
loc_15331,15331,ISLA LARGA,3,CATAMARCA
loc_15332,15332,LA AGUADA,3,CATAMARCA
loc_15333,15333,LA AGUITA,3,CATAMARCA
loc_15335,15335,LA HIGUERITA,3,CATAMARCA
loc_15336,15336,LA PIEDRA,3,CATAMARCA
loc_15337,15337,LA PUERTA,3,CATAMARCA
loc_15338,15338,LA SALVIA,3,CATAMARCA
loc_15339,15339,LAMPASO,3,CATAMARCA
loc_15340,15340,LAS AGUITAS,3,CATAMARCA
loc_15341,15341,LAS BARRAS,3,CATAMARCA
loc_15342,15342,LAS BURRAS,3,CATAMARCA
loc_15343,15343,LAS CHACRITAS,3,CATAMARCA
loc_15344,15344,LAS CUCHILLAS,3,CATAMARCA
loc_15345,15345,LAS JUNTAS,3,CATAMARCA
loc_15346,15346,LAS LAJAS,3,CATAMARCA
loc_15347,15347,LAS PAMPITAS,3,CATAMARCA
loc_15348,15348,LAS PIEDRAS BLANCAS,3,CATAMARCA
loc_15349,15349,LOS CASTILLOS,3,CATAMARCA
loc_15350,15350,LOS GUINDOS,3,CATAMARCA
loc_15351,15351,LOS LOROS,3,CATAMARCA
loc_15352,15352,LOS MOLLES,3,CATAMARCA
loc_15353,15353,LOS NARVAEZ,3,CATAMARCA
loc_15354,15354,LOS NAVARROS,3,CATAMARCA
loc_15355,15355,LOS PUESTOS,3,CATAMARCA
loc_15356,15356,LOS TALAS,3,CATAMARCA
loc_15357,15357,LOS VARELA,3,CATAMARCA
loc_15358,15358,MOLLE QUEMADO,3,CATAMARCA
loc_15359,15359,SINGUIL,3,CATAMARCA
loc_15360,15360,VILLA QUINTIN AHUMADA,3,CATAMARCA
loc_15361,15361,BANDA VARELA,3,CATAMARCA
loc_15362,15362,CHACABUCO,3,CATAMARCA
loc_15363,15363,EL TALA,3,CATAMARCA
loc_15364,15364,LA AGUADA,3,CATAMARCA
loc_15365,15365,LA BREA,3,CATAMARCA
loc_15366,15366,LA CALERA,3,CATAMARCA
loc_15367,15367,LA CHACARITA,3,CATAMARCA
loc_15368,15368,LA CHACARITA DE LOS PADRES,3,CATAMARCA
loc_15369,15369,LAS VARITAS,3,CATAMARCA
loc_15370,15370,LAZARETO,3,CATAMARCA
loc_15371,15371,LOMA CORTADA,3,CATAMARCA
loc_15372,15372,PAYABUAYCA,3,CATAMARCA
loc_15374,15374,RIO DEL TALA,3,CATAMARCA
loc_15375,15375,SAN FDO DEL VALLE DE CATAMARCA,3,CATAMARCA
loc_15376,15376,SAUCE,3,CATAMARCA
loc_15377,15377,VILLA CUBAS,3,CATAMARCA
loc_15378,15378,VILLA PARQUE CHACABUCO,3,CATAMARCA
loc_15379,15379,APOYACO,3,CATAMARCA
loc_15380,15380,CALERA LA NORMA,3,CATAMARCA
loc_15381,15381,COLPES,3,CATAMARCA
loc_15382,15382,EL PAJONAL,3,CATAMARCA
loc_15383,15383,EL POTRERO,3,CATAMARCA
loc_15384,15384,ESTABLECIMIENTO MINERO CERRO B,3,CATAMARCA
loc_15385,15385,ESTACION POMAN,3,CATAMARCA
loc_15386,15386,JOYANGO,3,CATAMARCA
loc_15387,15387,JOYANGUITO,3,CATAMARCA
loc_15388,15388,KILOMETRO 975,3,CATAMARCA
loc_15389,15389,LA AGUADA GRANDE,3,CATAMARCA
loc_15390,15390,LA YEGUA MUERTA,3,CATAMARCA
loc_15391,15391,LAS BREAS,3,CATAMARCA
loc_15392,15392,LAS CASITAS,3,CATAMARCA
loc_15393,15393,LAS CIENAGAS,3,CATAMARCA
loc_15394,15394,LOS BALDES,3,CATAMARCA
loc_15395,15395,LOS CAJONES,3,CATAMARCA
loc_15396,15396,MALCASCO,3,CATAMARCA
loc_15397,15397,MISCHANGO,3,CATAMARCA
loc_15398,15398,MUTQUIN,3,CATAMARCA
loc_15399,15399,POMAN,3,CATAMARCA
loc_15400,15400,RETIRO DE COLANA,3,CATAMARCA
loc_15401,15401,RINCON,3,CATAMARCA
loc_15402,15402,ROSARIO DE COLANA,3,CATAMARCA
loc_15403,15403,SAN MIGUEL,3,CATAMARCA
loc_15404,15404,SAUJIL,3,CATAMARCA
loc_15405,15405,SIJAN,3,CATAMARCA
loc_15406,15406,TUSCUMAYO,3,CATAMARCA
loc_15407,15407,ACONQUIJA,3,CATAMARCA
loc_15408,15408,AGUA DE LAS PALOMAS,3,CATAMARCA
loc_15409,15409,AGUA SALADA,3,CATAMARCA
loc_15410,15410,AGUA VERDE,3,CATAMARCA
loc_15411,15411,ALGARROBAL,3,CATAMARCA
loc_15412,15412,ALTO DE LA JUNTA,3,CATAMARCA
loc_15413,15413,AMANAO,3,CATAMARCA
loc_15414,15414,ANDALGALA,3,CATAMARCA
loc_15415,15415,ARIMA,3,CATAMARCA
loc_15416,15416,ASERRADERO EL PILCIO,3,CATAMARCA
loc_15417,15417,BUENA VISTA,3,CATAMARCA
loc_15418,15418,CARAPUNCO,3,CATAMARCA
loc_15419,15419,CASA DE PIEDRA,3,CATAMARCA
loc_15421,15421,CHAQUIAGO,3,CATAMARCA
loc_15422,15422,CHILCA,3,CATAMARCA
loc_15423,15423,CHOYA,3,CATAMARCA
loc_15424,15424,CONDOR HUASI,3,CATAMARCA
loc_15425,15425,DISTRITO ESPINILLO,3,CATAMARCA
loc_15426,15426,EL ALAMITO,3,CATAMARCA
loc_15427,15427,EL ARBOLITO,3,CATAMARCA
loc_15428,15428,EL CARRIZAL,3,CATAMARCA
loc_15429,15429,EL COLEGIO,3,CATAMARCA
loc_15430,15430,EL ESPINILLO,3,CATAMARCA
loc_15431,15431,EL LINDERO,3,CATAMARCA
loc_15432,15432,EL MOLLE,3,CATAMARCA
loc_15433,15433,EL POTRERO,3,CATAMARCA
loc_15434,15434,EL PUCARA,3,CATAMARCA
loc_15435,15435,EL SUNCHO,3,CATAMARCA
loc_15436,15436,EL ZAPALLAR,3,CATAMARCA
loc_15437,15437,HUACO,3,CATAMARCA
loc_15438,15438,HUASAN,3,CATAMARCA
loc_15439,15439,HUASCHASCHI,3,CATAMARCA
loc_15440,15440,JULUMAO,3,CATAMARCA
loc_15441,15441,LA AGUADA,3,CATAMARCA
loc_15442,15442,LA ALUMBRERA,3,CATAMARCA
loc_15443,15443,LA BANDA,3,CATAMARCA
loc_15444,15444,LA HOYADA,3,CATAMARCA
loc_15445,15445,LA LAGUNA,3,CATAMARCA
loc_15446,15446,LAS ESTANCIAS,3,CATAMARCA
loc_15447,15447,LAS PAMPITAS,3,CATAMARCA
loc_15448,15448,LOS RASTROJOS,3,CATAMARCA
loc_15449,15449,MALLI 1,3,CATAMARCA
loc_15450,15450,MALLI 2,3,CATAMARCA
loc_15451,15451,MINAS CAPILLITAS,3,CATAMARCA
loc_15452,15452,MOLLECITO,3,CATAMARCA
loc_15453,15453,PILCIAO,3,CATAMARCA
loc_15454,15454,RODEO GRANDE,3,CATAMARCA
loc_15455,15455,VILLA CORONEL ARROYO,3,CATAMARCA
loc_15456,15456,AGUA COLORADA,3,CATAMARCA
loc_15457,15457,ANTAPOCA,3,CATAMARCA
loc_15458,15458,CHAÑARCITO,3,CATAMARCA
loc_15460,15460,ESTANQUE,3,CATAMARCA
loc_15461,15461,HUAYCAMA,3,CATAMARCA
loc_15462,15462,LA ESTRELLA,3,CATAMARCA
loc_15463,15463,LAS ESQUINAS,3,CATAMARCA
loc_15464,15464,LAS TEJAS DE VALLE VIEJO,3,CATAMARCA
loc_15465,15465,MOTA BOTELLO,3,CATAMARCA
loc_15466,15466,PAMPA,3,CATAMARCA
loc_15467,15467,POLCOS,3,CATAMARCA
loc_15468,15468,PORTEZUELO,3,CATAMARCA
loc_15469,15469,POZO DEL MISTOL,3,CATAMARCA
loc_15470,15470,ROSARIO DEL SUMALAO,3,CATAMARCA
loc_15471,15471,SAN ISIDRO,3,CATAMARCA
loc_15472,15472,SANTA CRUZ,3,CATAMARCA
loc_15473,15473,SANTA ROSA,3,CATAMARCA
loc_15474,15474,SEBILA,3,CATAMARCA
loc_15475,15475,SUMALAO,3,CATAMARCA
loc_15476,15476,TALA,3,CATAMARCA
loc_15477,15477,TIORCO,3,CATAMARCA
loc_15478,15478,TRES PUENTES,3,CATAMARCA
loc_15479,15479,VILLA DOLORES,3,CATAMARCA
loc_15480,15480,VILLA MACEDO,3,CATAMARCA
loc_15481,15481,ZANJA,3,CATAMARCA
loc_15482,15482,ALIJILAN,3,CATAMARCA
loc_15483,15483,ALMIGAUCHO,3,CATAMARCA
loc_15484,15484,ALTA GRACIA,3,CATAMARCA
loc_15485,15485,AMANCALA,3,CATAMARCA
loc_15486,15486,AMPOLLA,3,CATAMARCA
loc_15488,15488,CACHI,3,CATAMARCA
loc_15489,15489,CARIDAD,3,CATAMARCA
loc_15490,15490,CORTADERAS,3,CATAMARCA
loc_15491,15491,DOS POCITOS,3,CATAMARCA
loc_15492,15492,DOS TRONCOS,3,CATAMARCA
loc_15493,15493,EL CARMEN,3,CATAMARCA
loc_15494,15494,EL DESMONTE,3,CATAMARCA
loc_15495,15495,EL POTRERO,3,CATAMARCA
loc_15496,15496,EL QUEBRACHITO,3,CATAMARCA
loc_15497,15497,EL RODEITO,3,CATAMARCA
loc_15498,15498,EL SAUCECITO,3,CATAMARCA
loc_15499,15499,LA AGUADA,3,CATAMARCA
loc_15500,15500,LA BAJADA,3,CATAMARCA
loc_15501,15501,LA CALERA,3,CATAMARCA
loc_15502,15502,LA MARAVILLA,3,CATAMARCA
loc_15503,15503,LA VICTORIA,3,CATAMARCA
loc_15505,15505,LAS CAYAS,3,CATAMARCA
loc_15506,15506,LAS LOMITAS,3,CATAMARCA
loc_15507,15507,LAS PAMPAS,3,CATAMARCA
loc_15508,15508,LAS TUNAS,3,CATAMARCA
loc_15509,15509,LAVALLE,3,CATAMARCA
loc_15510,15510,LOS ALTOS,3,CATAMARCA
loc_15511,15511,LOS BASTIDORES,3,CATAMARCA
loc_15512,15512,LOS ESTANTES,3,CATAMARCA
loc_15513,15513,LOS MOLLES,3,CATAMARCA
loc_15514,15514,LOS ORTICES,3,CATAMARCA
loc_15515,15515,LOS POCITOS,3,CATAMARCA
loc_15516,15516,LOS TRONCOS,3,CATAMARCA
loc_15517,15517,LOS ZANJONES,3,CATAMARCA
loc_15518,15518,MANANTIALES,3,CATAMARCA
loc_15519,15519,MISTOL ANCHO,3,CATAMARCA
loc_15520,15520,MONTE REDONDO,3,CATAMARCA
loc_15521,15521,NAIPA,3,CATAMARCA
loc_15522,15522,OVANTA,3,CATAMARCA
loc_15523,15523,PAMPA CHACRA,3,CATAMARCA
loc_15524,15524,PUERTA GRANDE,3,CATAMARCA
loc_15525,15525,PUESTO DE LA VIUDA,3,CATAMARCA
loc_15526,15526,PUESTO DEL MEDIO,3,CATAMARCA
loc_15527,15527,QUEBRACHAL,3,CATAMARCA
loc_15528,15528,QUEBRACHOS BLANCOS,3,CATAMARCA
loc_15529,15529,QUIMILPA,3,CATAMARCA
loc_15530,15530,RETIRO,3,CATAMARCA
loc_15531,15531,SALAUCA,3,CATAMARCA
loc_15532,15532,SAN LUIS,3,CATAMARCA
loc_15533,15533,SAN PEDRO,3,CATAMARCA
loc_15534,15534,SANTOS LUGARES,3,CATAMARCA
loc_15535,15535,YAQUICHO,3,CATAMARCA
loc_15536,15536,AGUA GRANDE,3,CATAMARCA
loc_15537,15537,AGUADA,3,CATAMARCA
loc_15538,15538,ANCHOCA,3,CATAMARCA
loc_15539,15539,ANDALUCIA,3,CATAMARCA
loc_15540,15540,ANILLACO,3,CATAMARCA
loc_15541,15541,ANTINACO,3,CATAMARCA
loc_15542,15542,APOCANGO,3,CATAMARCA
loc_15543,15543,BALUNGASTA,3,CATAMARCA
loc_15544,15544,BANDA DE LUCERO,3,CATAMARCA
loc_15546,15546,CANTERA ROTA,3,CATAMARCA
loc_15547,15547,CARRIZAL,3,CATAMARCA
loc_15548,15548,CASA DE ALTO,3,CATAMARCA
loc_15549,15549,CASA GRANDE,3,CATAMARCA
loc_15551,15551,CERDAS,3,CATAMARCA
loc_15552,15552,CERRO NEGRO,3,CATAMARCA
loc_15553,15553,CHANERO,3,CATAMARCA
loc_15554,15554,CHAVERO,3,CATAMARCA
loc_15555,15555,CIENAGUITA,3,CATAMARCA
loc_15556,15556,COPACABANA,3,CATAMARCA
loc_15557,15557,CORDOBITA,3,CATAMARCA
loc_15558,15558,CORRAL DE PIEDRA,3,CATAMARCA
loc_15559,15559,CORTADERA,3,CATAMARCA
loc_15560,15560,COSTA DE REYES,3,CATAMARCA
loc_15561,15561,EL ALTO,3,CATAMARCA
loc_15562,15562,EL BARRIALITO,3,CATAMARCA
loc_15563,15563,EL CACHIYUYO,3,CATAMARCA
loc_15564,15564,EL PUEBLITO,3,CATAMARCA
loc_15565,15565,EL PUESTO,3,CATAMARCA
loc_15566,15566,EL RETIRO,3,CATAMARCA
loc_15567,15567,EL TAMBILLO,3,CATAMARCA
loc_15568,15568,ESTANCITO,3,CATAMARCA
loc_15569,15569,FIAMBALA,3,CATAMARCA
loc_15570,15570,GUANCHICITO,3,CATAMARCA
loc_15571,15571,GUANCHIN,3,CATAMARCA
loc_15572,15572,GUINCHO,3,CATAMARCA
loc_15573,15573,JUNTA,3,CATAMARCA
loc_15574,15574,KILOMETRO 1006,3,CATAMARCA
loc_15575,15575,KILOMETRO 999,3,CATAMARCA
loc_15576,15576,LA AGUADITA,3,CATAMARCA
loc_15577,15577,LA CANDELARIA,3,CATAMARCA
loc_15579,15579,LA CAPELLANIA,3,CATAMARCA
loc_15580,15580,LA CHILCA,3,CATAMARCA
loc_15581,15581,LA CIENAGA,3,CATAMARCA
loc_15582,15582,LA CIENAGA DE LOS ZONDONES,3,CATAMARCA
loc_15583,15583,LA FALDA,3,CATAMARCA
loc_15584,15584,LA FLORIDA,3,CATAMARCA
loc_15585,15585,LA ISLA,3,CATAMARCA
loc_15586,15586,LA MAJADA,3,CATAMARCA
loc_15587,15587,LA MESADA,3,CATAMARCA
loc_15588,15588,LA PALCA,3,CATAMARCA
loc_15589,15589,LA PUNTILLA,3,CATAMARCA
loc_15590,15590,LA PUNTILLA DE SAN JOSE,3,CATAMARCA
loc_15591,15591,LA RAMADITA,3,CATAMARCA
loc_15592,15592,LAS CHACRAS,3,CATAMARCA
loc_15593,15593,LAS HIGUERITAS,3,CATAMARCA
loc_15594,15594,LAS LOSAS,3,CATAMARCA
loc_15595,15595,LAS PAMPAS,3,CATAMARCA
loc_15596,15596,LAS PAPAS,3,CATAMARCA
loc_15597,15597,LAS PELADAS,3,CATAMARCA
loc_15598,15598,LAS RETAMAS,3,CATAMARCA
loc_15599,15599,LOMA GRANDE,3,CATAMARCA
loc_15600,15600,LORO HUASI,3,CATAMARCA
loc_15601,15601,LOS BALVERDIS,3,CATAMARCA
loc_15602,15602,LOS CHANAMPA,3,CATAMARCA
loc_15603,15603,LOS GONZALES,3,CATAMARCA
loc_15604,15604,LOS GUAYTIMAS,3,CATAMARCA
loc_15605,15605,LOS MORTEROS,3,CATAMARCA
loc_15606,15606,LOS PALACIOS,3,CATAMARCA
loc_15607,15607,LOS POTRERILLOS,3,CATAMARCA
loc_15608,15608,LOS QUINTEROS,3,CATAMARCA
loc_15609,15609,LOS RINCONES,3,CATAMARCA
loc_15610,15610,LOS ROBLEDOS,3,CATAMARCA
loc_15611,15611,LOS VALDEZ,3,CATAMARCA
loc_15612,15612,LOS VALVEROS,3,CATAMARCA
loc_15613,15613,MATAMBRE,3,CATAMARCA
loc_15614,15614,MEDANITOS,3,CATAMARCA
loc_15615,15615,MEDANO,3,CATAMARCA
loc_15616,15616,MESADA DE LOS ZARATE,3,CATAMARCA
loc_15617,15617,MESADA GRANDE,3,CATAMARCA
loc_15618,15618,NEGRO MUERTO,3,CATAMARCA
loc_15619,15619,OJO DE AGUA,3,CATAMARCA
loc_15620,15620,PALACIOS,3,CATAMARCA
loc_15621,15621,PALO BLANCO,3,CATAMARCA
loc_15622,15622,PAMPA BLANCA,3,CATAMARCA
loc_15623,15623,PAN DE AZUCAR,3,CATAMARCA
loc_15624,15624,PANTANOS,3,CATAMARCA
loc_15625,15625,PASO SAN FRANCISCO,3,CATAMARCA
loc_15626,15626,PASTOS AMARILLOS,3,CATAMARCA
loc_15628,15628,PILLAHUASI,3,CATAMARCA
loc_15629,15629,PLANCHADA,3,CATAMARCA
loc_15630,15630,PLAZA DE SAN PEDRO,3,CATAMARCA
loc_15631,15631,POCITOS,3,CATAMARCA
loc_15632,15632,PUNTA DE AGUA,3,CATAMARCA
loc_15633,15633,QUEBRADA HONDA,3,CATAMARCA
loc_15634,15634,QUEMADITA,3,CATAMARCA
loc_15635,15635,QUEMADO,3,CATAMARCA
loc_15636,15636,QUIQUERO,3,CATAMARCA
loc_15637,15637,QUSTO,3,CATAMARCA
loc_15638,15638,RIO ABAJO,3,CATAMARCA
loc_15639,15639,RIO COLORADO,3,CATAMARCA
loc_15640,15640,RIO DE LOS INDIOS,3,CATAMARCA
loc_15641,15641,RIO GRANDE,3,CATAMARCA
loc_15642,15642,RODEO,3,CATAMARCA
loc_15643,15643,SALADO,3,CATAMARCA
loc_15644,15644,SAN BUENAVENTURA,3,CATAMARCA
loc_15645,15645,SAN JOSE DE TINOGASTA,3,CATAMARCA
loc_15646,15646,SANTA CRUZ,3,CATAMARCA
loc_15647,15647,SANTA ROSA,3,CATAMARCA
loc_15648,15648,SANTO TOMAS,3,CATAMARCA
loc_15649,15649,SAUJIL DE TINOGASTA,3,CATAMARCA
loc_15650,15650,SUNCHO,3,CATAMARCA
loc_15651,15651,TALA ZAPATA,3,CATAMARCA
loc_15652,15652,TALAR,3,CATAMARCA
loc_15653,15653,TALITA,3,CATAMARCA
loc_15654,15654,TAMBERIA,3,CATAMARCA
loc_15655,15655,TAMBU,3,CATAMARCA
loc_15656,15656,TATON,3,CATAMARCA
loc_15657,15657,TINOGASTA,3,CATAMARCA
loc_15658,15658,TOTORA,3,CATAMARCA
loc_15659,15659,TROYA,3,CATAMARCA
loc_15660,15660,VALLECITO,3,CATAMARCA
loc_15661,15661,VEGA,3,CATAMARCA
loc_15662,15662,VILLA SAN ROQUE,3,CATAMARCA
loc_15663,15663,VILLA SELEME,3,CATAMARCA
loc_15664,15664,VINQUIS,3,CATAMARCA
loc_15666,15666,YACOCHUYO,3,CATAMARCA
loc_15667,15667,ACOSTILLA,3,CATAMARCA
loc_15668,15668,AGUA DEL SIMBOL,3,CATAMARCA
loc_15669,15669,AGUA LOS MATOS,3,CATAMARCA
loc_15670,15670,ALTO DEL ROSARIO,3,CATAMARCA
loc_15671,15671,AMANA,3,CATAMARCA
loc_15672,15672,ANCASTI,3,CATAMARCA
loc_15673,15673,ANQUINCILA,3,CATAMARCA
loc_15674,15674,BREA,3,CATAMARCA
loc_15675,15675,CABRERA,3,CATAMARCA
loc_15676,15676,CALACIO,3,CATAMARCA
loc_15677,15677,CALERA,3,CATAMARCA
loc_15678,15678,CANDELARIA,3,CATAMARCA
loc_15682,15682,CASA ARMADA,3,CATAMARCA
loc_15683,15683,CASA DE LA CUMBRE,3,CATAMARCA
loc_15684,15684,CASA VIEJA,3,CATAMARCA
loc_15685,15685,CHACRITAS,3,CATAMARCA
loc_15686,15686,CONCEPCION,3,CATAMARCA
loc_15687,15687,CORRAL DE PIEDRA,3,CATAMARCA
loc_15688,15688,CORRAL VIEJO,3,CATAMARCA
loc_15689,15689,CORRALITO,3,CATAMARCA
loc_15690,15690,EL ARBOLITO,3,CATAMARCA
loc_15691,15691,EL ARENAL,3,CATAMARCA
loc_15692,15692,EL BARREAL,3,CATAMARCA
loc_15693,15693,EL CERCADO,3,CATAMARCA
loc_15694,15694,EL CEVILARCITO,3,CATAMARCA
loc_15696,15696,EL CHORRO,3,CATAMARCA
loc_15697,15697,EL MOJON,3,CATAMARCA
loc_15698,15698,EL MOLLAR,3,CATAMARCA
loc_15699,15699,EL POTRERO DE LOS CORDOBA,3,CATAMARCA
loc_15700,15700,EL POZO,3,CATAMARCA
loc_15701,15701,EL QUEBRACHAL,3,CATAMARCA
loc_15702,15702,EL SALTITO,3,CATAMARCA
loc_15703,15703,EL SAUCE,3,CATAMARCA
loc_15704,15704,EL SAUCE IPIZCA,3,CATAMARCA
loc_15705,15705,EL TACO,3,CATAMARCA
loc_15706,15706,EL TOTORAL,3,CATAMARCA
loc_15707,15707,EL VALLECITO,3,CATAMARCA
loc_15708,15708,EL ZAPALLAR,3,CATAMARCA
loc_15709,15709,ESTANCIA,3,CATAMARCA
loc_15710,15710,ESTANCIA VIEJA,3,CATAMARCA
loc_15711,15711,GUANACO,3,CATAMARCA
loc_15712,15712,HIGUERA DEL ALUMBRE,3,CATAMARCA
loc_15713,15713,IPIZCA,3,CATAMARCA
loc_15714,15714,LA AGUADITA,3,CATAMARCA
loc_15715,15715,LA BARROSA,3,CATAMARCA
loc_15716,15716,LA BEBIDA,3,CATAMARCA
loc_15717,15717,LA ESTANCIA,3,CATAMARCA
loc_15718,15718,LA ESTANCITA,3,CATAMARCA
loc_15719,15719,LA FALDA,3,CATAMARCA
loc_15720,15720,LA HIGUERITA,3,CATAMARCA
loc_15721,15721,LA HUERTA,3,CATAMARCA
loc_15722,15722,LA MESADA,3,CATAMARCA
loc_15724,15724,LA TIGRA,3,CATAMARCA
loc_15725,15725,LAS BARRANCAS,3,CATAMARCA
loc_15726,15726,LAS BARRANCAS CASA ARMADA,3,CATAMARCA
loc_15727,15727,LAS CHACRAS,3,CATAMARCA
loc_15728,15728,LAS CUCHILLAS,3,CATAMARCA
loc_15729,15729,LAS CUCHILLAS DEL AYBAL,3,CATAMARCA
loc_15730,15730,LAS TAPIAS,3,CATAMARCA
loc_15731,15731,LAS TUNAS,3,CATAMARCA
loc_15732,15732,LOMA SOLA,3,CATAMARCA
loc_15733,15733,LOS BULACIO,3,CATAMARCA
loc_15734,15734,LOS HUAYCOS,3,CATAMARCA
loc_15735,15735,LOS MOGOTES,3,CATAMARCA
loc_15736,15736,LOS MOLLES,3,CATAMARCA
loc_15737,15737,LOS MORTEROS,3,CATAMARCA
loc_15738,15738,LOS PIQUILLINES,3,CATAMARCA
loc_15739,15739,MAJADA,3,CATAMARCA
loc_15740,15740,NAVAGUIN,3,CATAMARCA
loc_15741,15741,OJO DE AGUA,3,CATAMARCA
loc_15743,15743,POTRERO,3,CATAMARCA
loc_15744,15744,QUEBRACHO,3,CATAMARCA
loc_15745,15745,RIO LOS MOLINOS,3,CATAMARCA
loc_15746,15746,SAN ANTONIO,3,CATAMARCA
loc_15747,15747,SAN JOSE,3,CATAMARCA
loc_15748,15748,SAN MARTIN,3,CATAMARCA
loc_15749,15749,SANTA GERTRUDIS,3,CATAMARCA
loc_15750,15750,SAUCE DE LOS CEJAS,3,CATAMARCA
loc_15751,15751,SAUCE HUACHO,3,CATAMARCA
loc_15752,15752,TACANA,3,CATAMARCA
loc_15753,15753,TACO DE ABAJO,3,CATAMARCA
loc_15754,15754,TOTORAL,3,CATAMARCA
loc_15755,15755,YERBA BUENA,3,CATAMARCA
loc_15756,15756,ACHERAL,3,CATAMARCA
loc_15757,15757,AGUA ESCONDIDA,3,CATAMARCA
loc_15758,15758,ALBIGASTA,3,CATAMARCA
loc_15759,15759,ALTO BELLO,3,CATAMARCA
loc_15760,15760,ANCASTILLO,3,CATAMARCA
loc_15761,15761,ANGELINA,3,CATAMARCA
loc_15762,15762,ANJULI,3,CATAMARCA
loc_15763,15763,BALDE,3,CATAMARCA
loc_15765,15765,BAVIANO,3,CATAMARCA
loc_15766,15766,BUEN RETIRO,3,CATAMARCA
loc_15767,15767,BUEY MUERTO,3,CATAMARCA
loc_15768,15768,CABALLA,3,CATAMARCA
loc_15769,15769,CAMPO BELLO,3,CATAMARCA
loc_15770,15770,CAMPO BLANCO,3,CATAMARCA
loc_15771,15771,CANDELARIA,3,CATAMARCA
loc_15773,15773,CATITA,3,CATAMARCA
loc_15774,15774,CERRILLADA,3,CATAMARCA
loc_15775,15775,CERRO COLORADO,3,CATAMARCA
loc_15777,15777,CHICHAGASTA,3,CATAMARCA
loc_15778,15778,CIENAGA,3,CATAMARCA
loc_15779,15779,CORRALITOS,3,CATAMARCA
loc_15780,15780,CORTADERAS,3,CATAMARCA
loc_15781,15781,DIVISADERO,3,CATAMARCA
loc_15782,15782,EL ABRA,3,CATAMARCA
loc_15783,15783,EL AYBAL,3,CATAMARCA
loc_15785,15785,EL BARREAL,3,CATAMARCA
loc_15786,15786,EL BARRIAL,3,CATAMARCA
loc_15787,15787,EL BARRIALITO,3,CATAMARCA
loc_15788,15788,EL BELLO,3,CATAMARCA
loc_15789,15789,EL CACHO,3,CATAMARCA
loc_15790,15790,EL CENTENARIO,3,CATAMARCA
loc_15791,15791,EL CERCADO,3,CATAMARCA
loc_15792,15792,EL CERRITO,3,CATAMARCA
loc_15794,15794,EL CIENAGO,3,CATAMARCA
loc_15795,15795,EL GACHO,3,CATAMARCA
loc_15796,15796,EL LINDERO,3,CATAMARCA
loc_15797,15797,EL MILAGRO,3,CATAMARCA
loc_15798,15798,EL MISTOLITO,3,CATAMARCA
loc_15799,15799,EL MORENO,3,CATAMARCA
loc_15800,15800,EL POLEAR,3,CATAMARCA
loc_15801,15801,EL PORTEZUELO,3,CATAMARCA
loc_15802,15802,EL POTRERO,3,CATAMARCA
loc_15803,15803,EL PUESTITO,3,CATAMARCA
loc_15804,15804,EL PUESTO,3,CATAMARCA
loc_15805,15805,EL QUIMILO,3,CATAMARCA
loc_15806,15806,EL RECREO,3,CATAMARCA
loc_15807,15807,EL RETIRO,3,CATAMARCA
loc_15808,15808,EL ROSARIO,3,CATAMARCA
loc_15809,15809,EL SALADILLO,3,CATAMARCA
loc_15810,15810,EL SALTO,3,CATAMARCA
loc_15811,15811,EL SUNCHO,3,CATAMARCA
loc_15812,15812,EL TALA,3,CATAMARCA
loc_15813,15813,EL VALLE,3,CATAMARCA
loc_15814,15814,EL VALLECITO,3,CATAMARCA
loc_15815,15815,EMPALME SAN CARLOS,3,CATAMARCA
loc_15816,15816,ENSENADA,3,CATAMARCA
loc_15817,15817,ESQUIU,3,CATAMARCA
loc_15818,15818,GARAY,3,CATAMARCA
loc_15819,15819,GARZON,3,CATAMARCA
loc_15821,15821,JESUS MARIA,3,CATAMARCA
loc_15822,15822,JUMEAL,3,CATAMARCA
loc_15823,15823,KILOMETRO 1008,3,CATAMARCA
loc_15824,15824,KILOMETRO 1017,3,CATAMARCA
loc_15825,15825,KILOMETRO 38,3,CATAMARCA
loc_15826,15826,KILOMETRO 955,3,CATAMARCA
loc_15827,15827,KILOMETRO 969,3,CATAMARCA
loc_15828,15828,KILOMETRO 997,3,CATAMARCA
loc_15829,15829,LA AGUADA,3,CATAMARCA
loc_15830,15830,LA ANTIGUA,3,CATAMARCA
loc_15831,15831,LA BARROSA,3,CATAMARCA
loc_15832,15832,LA BREA,3,CATAMARCA
loc_15833,15833,LA BUENA ESTRELLA,3,CATAMARCA
loc_15834,15834,LA CAMPANA,3,CATAMARCA
loc_15836,15836,LA COLONIA,3,CATAMARCA
loc_15837,15837,LA DORADA,3,CATAMARCA
loc_15838,15838,LA FALDA,3,CATAMARCA
loc_15839,15839,LA FLORIDA,3,CATAMARCA
loc_15840,15840,LA GRANJA,3,CATAMARCA
loc_15841,15841,LA GUARDIA,3,CATAMARCA
loc_15842,15842,LA HOYADA,3,CATAMARCA
loc_15843,15843,LA ISLA,3,CATAMARCA
loc_15844,15844,LA LOMA,3,CATAMARCA
loc_15845,15845,LA MONTOSA,3,CATAMARCA
loc_15846,15846,LA PARADA,3,CATAMARCA
loc_15848,15848,LA QUINTA,3,CATAMARCA
loc_15849,15849,LA RENOVACION,3,CATAMARCA
loc_15850,15850,LA VALENTINA,3,CATAMARCA
loc_15851,15851,LA ZANJA,3,CATAMARCA
loc_15852,15852,LAGUNITA,3,CATAMARCA
loc_15853,15853,LAJA,3,CATAMARCA
loc_15854,15854,LAS CORTADERAS,3,CATAMARCA
loc_15855,15855,LAS CORTADERITAS,3,CATAMARCA
loc_15856,15856,LAS FLORES,3,CATAMARCA
loc_15857,15857,LAS IGUANAS,3,CATAMARCA
loc_15858,15858,LAS LOMITAS,3,CATAMARCA
loc_15859,15859,LAS PALMITAS,3,CATAMARCA
loc_15860,15860,LAS PALOMAS,3,CATAMARCA
loc_15862,15862,LAS PUERTAS,3,CATAMARCA
loc_15863,15863,LAS TEJAS,3,CATAMARCA
loc_15864,15864,LAS TOSCAS,3,CATAMARCA
loc_15865,15865,LAS ZANJAS,3,CATAMARCA
loc_15866,15866,LIEBRE,3,CATAMARCA
loc_15867,15867,LOS ALAMOS,3,CATAMARCA
loc_15868,15868,LOS CADILLOS,3,CATAMARCA
loc_15869,15869,LOS CAUDILLOS,3,CATAMARCA
loc_15871,15871,LOS CORDOBESES,3,CATAMARCA
loc_15872,15872,LOS CORRALES,3,CATAMARCA
loc_15873,15873,LOS NOGALES,3,CATAMARCA
loc_15874,15874,LOS POCITOS,3,CATAMARCA
loc_15875,15875,MARIA DORA,3,CATAMARCA
loc_15876,15876,MARIA ELENA,3,CATAMARCA
loc_15877,15877,MOLLEGASTA,3,CATAMARCA
loc_15878,15878,MOTEGASTA,3,CATAMARCA
loc_15879,15879,NAVIGAN,3,CATAMARCA
loc_15880,15880,OLLITA,3,CATAMARCA
loc_15881,15881,OLMOS,3,CATAMARCA
loc_15882,15882,OLTA,3,CATAMARCA
loc_15883,15883,PALO CRUZ,3,CATAMARCA
loc_15884,15884,PALO PARADO,3,CATAMARCA
loc_15885,15885,PALO SECO,3,CATAMARCA
loc_15886,15886,PAMPA POZO,3,CATAMARCA
loc_15887,15887,PARADA KILOMETRO 62,3,CATAMARCA
loc_15889,15889,PLUMERO,3,CATAMARCA
loc_15890,15890,PORTILLO CHICO,3,CATAMARCA
loc_15891,15891,POZANCONES,3,CATAMARCA
loc_15892,15892,POZOS CAVADOS,3,CATAMARCA
loc_15893,15893,PTO ESPINAL,3,CATAMARCA
loc_15894,15894,PUESTO DE FADEL O DE LOBO,3,CATAMARCA
loc_15895,15895,PUESTO DE LOS MORALES,3,CATAMARCA
loc_15896,15896,PUESTO DE VERA,3,CATAMARCA
loc_15897,15897,PUESTO SABATTE,3,CATAMARCA
loc_15898,15898,PUNTA DEL POZO,3,CATAMARCA
loc_15899,15899,QUIROS,3,CATAMARCA
loc_15900,15900,RAMBLONES,3,CATAMARCA
loc_15901,15901,RECREO,3,CATAMARCA
loc_15902,15902,RIO CHICO,3,CATAMARCA
loc_15903,15903,RIO DE BAZANES,3,CATAMARCA
loc_15904,15904,RIO DE DON DIEGO,3,CATAMARCA
loc_15905,15905,RIO DE LA DORADA,3,CATAMARCA
loc_15906,15906,SAN ANTONIO,3,CATAMARCA
loc_15907,15907,SAN ANTONIO DE LA PAZ,3,CATAMARCA
loc_15908,15908,SAN ANTONIO VIEJO,3,CATAMARCA
loc_15909,15909,SAN FRANCISCO,3,CATAMARCA
loc_15910,15910,SAN JOSE,3,CATAMARCA
loc_15911,15911,SAN LORENZO,3,CATAMARCA
loc_15912,15912,SAN MANUEL,3,CATAMARCA
loc_15913,15913,SAN MIGUEL,3,CATAMARCA
loc_15914,15914,SAN NICOLAS,3,CATAMARCA
loc_15915,15915,SAN RAFAEL,3,CATAMARCA
loc_15916,15916,SAN ROQUE,3,CATAMARCA
loc_15917,15917,SANCHO,3,CATAMARCA
loc_15918,15918,SANTA LUCIA,3,CATAMARCA
loc_15919,15919,SANTO DOMINGO,3,CATAMARCA
loc_15920,15920,SICHA,3,CATAMARCA
loc_15921,15921,TACOPAMPA,3,CATAMARCA
loc_15922,15922,TAJAMARES,3,CATAMARCA
loc_15923,15923,TINAJERA,3,CATAMARCA
loc_15924,15924,TULA,3,CATAMARCA
loc_15925,15925,VILLA OFELIA,3,CATAMARCA
loc_15926,15926,VILLA SOTOMAYOR,3,CATAMARCA
loc_15927,15927,YAPES,3,CATAMARCA
loc_15928,15928,ANTILO,22,SANTIAGO DEL ESTERO
loc_15929,15929,BARRIO VILLA COHESA,22,SANTIAGO DEL ESTERO
loc_15931,15931,CARDOZOS,22,SANTIAGO DEL ESTERO
loc_15932,15932,CONTRERAS ESTABLECIMIENTO,22,SANTIAGO DEL ESTERO
loc_15933,15933,COSTA RICA,22,SANTIAGO DEL ESTERO
loc_15934,15934,DIQUE LOS QUIROGA,22,SANTIAGO DEL ESTERO
loc_15935,15935,EL BARRIAL,22,SANTIAGO DEL ESTERO
loc_15936,15936,EL CARMEN,22,SANTIAGO DEL ESTERO
loc_15937,15937,EL CHURQUI,22,SANTIAGO DEL ESTERO
loc_15938,15938,EL DEAN,22,SANTIAGO DEL ESTERO
loc_15939,15939,EL PUESTITO,22,SANTIAGO DEL ESTERO
loc_15940,15940,EL VINALAR,22,SANTIAGO DEL ESTERO
loc_15941,15941,INGENIERO EZCURRA,22,SANTIAGO DEL ESTERO
loc_15945,15945,LA VUELTA,22,SANTIAGO DEL ESTERO
loc_15947,15947,LOS QUIROGA,22,SANTIAGO DEL ESTERO
loc_15948,15948,MACO YANDA,22,SANTIAGO DEL ESTERO
loc_15949,15949,MAGUITO,22,SANTIAGO DEL ESTERO
loc_15950,15950,MAQUITA,22,SANTIAGO DEL ESTERO
loc_15951,15951,MAQUITIS,22,SANTIAGO DEL ESTERO
loc_15952,15952,MERCEDES,22,SANTIAGO DEL ESTERO
loc_15953,15953,NANDA,22,SANTIAGO DEL ESTERO
loc_15954,15954,NAQUITO,22,SANTIAGO DEL ESTERO
loc_15955,15955,PAMPA MUYOJ,22,SANTIAGO DEL ESTERO
loc_15956,15956,POZO NUEVO,22,SANTIAGO DEL ESTERO
loc_15958,15958,PUESTO NUEVO,22,SANTIAGO DEL ESTERO
loc_15959,15959,QUEBRACHO HERRADO,22,SANTIAGO DEL ESTERO
loc_15960,15960,REMES,22,SANTIAGO DEL ESTERO
loc_15961,15961,SAN ISIDRO,22,SANTIAGO DEL ESTERO
loc_15962,15962,SAN LORENZO,22,SANTIAGO DEL ESTERO
loc_15964,15964,SANTA MARIA,22,SANTIAGO DEL ESTERO
loc_15966,15966,SANTA ROSA ARRAGA,22,SANTIAGO DEL ESTERO
loc_15967,15967,SANTIAGO DEL ESTERO,22,SANTIAGO DEL ESTERO
loc_15969,15969,TALA POZO,22,SANTIAGO DEL ESTERO
loc_15970,15970,UPIANITA,22,SANTIAGO DEL ESTERO
loc_15971,15971,VILLA CONSTANTINA,22,SANTIAGO DEL ESTERO
loc_15972,15972,VILLA DE LA BARRANCA,22,SANTIAGO DEL ESTERO
loc_15973,15973,VILLA GRIMANESA,22,SANTIAGO DEL ESTERO
loc_15974,15974,VILLA ZANJON,22,SANTIAGO DEL ESTERO
loc_15976,15976,ABRA GRANDE,22,SANTIAGO DEL ESTERO
loc_15977,15977,ACOSTA,22,SANTIAGO DEL ESTERO
loc_15978,15978,AHI VEREMOS,22,SANTIAGO DEL ESTERO
loc_15979,15979,ALTO POZO,22,SANTIAGO DEL ESTERO
loc_15980,15980,ANTAJE,22,SANTIAGO DEL ESTERO
loc_15981,15981,ARDILES,22,SANTIAGO DEL ESTERO
loc_15983,15983,BAJO GRANDE,22,SANTIAGO DEL ESTERO
loc_15984,15984,BARRIO ESTE,22,SANTIAGO DEL ESTERO
loc_15985,15985,BAYO MUERTO,22,SANTIAGO DEL ESTERO
loc_15986,15986,BEJAN,22,SANTIAGO DEL ESTERO
loc_15988,15988,CERRILLO,22,SANTIAGO DEL ESTERO
loc_15989,15989,CHANCHILLOS,22,SANTIAGO DEL ESTERO
loc_15990,15990,CHAÑAR PUJIO,22,SANTIAGO DEL ESTERO
loc_15991,15991,CHAUPI POZO,22,SANTIAGO DEL ESTERO
loc_15992,15992,CHILQUITA I,22,SANTIAGO DEL ESTERO
loc_15993,15993,CHUIQUI,22,SANTIAGO DEL ESTERO
loc_15994,15994,CLODOMIRA,22,SANTIAGO DEL ESTERO
loc_15995,15995,COLONIA MARIA LUISA,22,SANTIAGO DEL ESTERO
loc_15996,15996,COLONIAS,22,SANTIAGO DEL ESTERO
loc_15997,15997,CONDOR HUASI,22,SANTIAGO DEL ESTERO
loc_15998,15998,CORO ABRA,22,SANTIAGO DEL ESTERO
loc_15999,15999,COROPAMPA,22,SANTIAGO DEL ESTERO
loc_16000,16000,CORVALANES,22,SANTIAGO DEL ESTERO
loc_16001,16001,CUYOJ,22,SANTIAGO DEL ESTERO
loc_16002,16002,EL AIBE,22,SANTIAGO DEL ESTERO
loc_16003,16003,EL ALAMBRADO,22,SANTIAGO DEL ESTERO
loc_16004,16004,EL BARRIAL,22,SANTIAGO DEL ESTERO
loc_16005,16005,EL BOSQUE,22,SANTIAGO DEL ESTERO
loc_16006,16006,EL CARMEN,22,SANTIAGO DEL ESTERO
loc_16007,16007,EL CEBOLLIN,22,SANTIAGO DEL ESTERO
loc_16008,16008,EL CRUCE KILOMETRO 659,22,SANTIAGO DEL ESTERO
loc_16009,16009,EL DIAMANTE,22,SANTIAGO DEL ESTERO
loc_16010,16010,EL FAVORITO,22,SANTIAGO DEL ESTERO
loc_16011,16011,EL OJO DE AGUA,22,SANTIAGO DEL ESTERO
loc_16012,16012,EL PARAISO,22,SANTIAGO DEL ESTERO
loc_16013,16013,EL PUENTE,22,SANTIAGO DEL ESTERO
loc_16014,16014,EL ROSARIO,22,SANTIAGO DEL ESTERO
loc_16015,16015,FAVORITA,22,SANTIAGO DEL ESTERO
loc_16016,16016,HUYAMAMPA,22,SANTIAGO DEL ESTERO
loc_16017,16017,JUMI POZO,22,SANTIAGO DEL ESTERO
loc_16018,16018,JUMIALITO,22,SANTIAGO DEL ESTERO
loc_16019,16019,KILOMETRO 1033,22,SANTIAGO DEL ESTERO
loc_16020,16020,KILOMETRO 629,22,SANTIAGO DEL ESTERO
loc_16021,16021,KILOMETRO 645,22,SANTIAGO DEL ESTERO
loc_16022,16022,KILOMETRO 651,22,SANTIAGO DEL ESTERO
loc_16023,16023,KILOMETRO 659,22,SANTIAGO DEL ESTERO
loc_16024,16024,KILOMETRO 661,22,SANTIAGO DEL ESTERO
loc_16025,16025,KILOMETRO 665,22,SANTIAGO DEL ESTERO
loc_16026,16026,KISKA HURMANA,22,SANTIAGO DEL ESTERO
loc_16027,16027,LA AURORA,22,SANTIAGO DEL ESTERO
loc_16028,16028,LA BANDA,22,SANTIAGO DEL ESTERO
loc_16029,16029,LA CAÑADA,22,SANTIAGO DEL ESTERO
loc_16030,16030,LA CAPILLA,22,SANTIAGO DEL ESTERO
loc_16031,16031,LA COLONIA,22,SANTIAGO DEL ESTERO
loc_16032,16032,LA CUARTEADA,22,SANTIAGO DEL ESTERO
loc_16033,16033,LA DARSENA,22,SANTIAGO DEL ESTERO
loc_16034,16034,LA FALDA,22,SANTIAGO DEL ESTERO
loc_16035,16035,LA GERMANIA,22,SANTIAGO DEL ESTERO
loc_16036,16036,LA GRANJA,22,SANTIAGO DEL ESTERO
loc_16037,16037,LA ISLA,22,SANTIAGO DEL ESTERO
loc_16038,16038,LA VUELTA,22,SANTIAGO DEL ESTERO
loc_16039,16039,LAGUNA LARGA,22,SANTIAGO DEL ESTERO
loc_16040,16040,LAS CHACRAS,22,SANTIAGO DEL ESTERO
loc_16041,16041,LAS COLONIAS,22,SANTIAGO DEL ESTERO
loc_16042,16042,LAS HERMANAS,22,SANTIAGO DEL ESTERO
loc_16043,16043,LAS SALINAS,22,SANTIAGO DEL ESTERO
loc_16044,16044,LAS ZANJAS,22,SANTIAGO DEL ESTERO
loc_16046,16046,LOS ALDERETES,22,SANTIAGO DEL ESTERO
loc_16047,16047,LOS DIAZ,22,SANTIAGO DEL ESTERO
loc_16048,16048,LOS DOCE QUEBRACHOS,22,SANTIAGO DEL ESTERO
loc_16049,16049,LOS GALLARDOS,22,SANTIAGO DEL ESTERO
loc_16050,16050,LOS GUERREROS,22,SANTIAGO DEL ESTERO
loc_16051,16051,LOS HERRERAS,22,SANTIAGO DEL ESTERO
loc_16052,16052,LOS HERREROS,22,SANTIAGO DEL ESTERO
loc_16053,16053,LOS MARCOS,22,SANTIAGO DEL ESTERO
loc_16054,16054,LOS NARANJOS,22,SANTIAGO DEL ESTERO
loc_16055,16055,LOS PUESTOS,22,SANTIAGO DEL ESTERO
loc_16056,16056,LOS PUNTOS,22,SANTIAGO DEL ESTERO
loc_16057,16057,LOS QUIROGA,22,SANTIAGO DEL ESTERO
loc_16059,16059,NEGRA MUERTA,22,SANTIAGO DEL ESTERO
loc_16060,16060,NUEVA ANTAJE,22,SANTIAGO DEL ESTERO
loc_16061,16061,NUEVA TRINIDAD,22,SANTIAGO DEL ESTERO
loc_16062,16062,NUEVO LIBANO,22,SANTIAGO DEL ESTERO
loc_16063,16063,PALERMO,22,SANTIAGO DEL ESTERO
loc_16064,16064,PALMARES,22,SANTIAGO DEL ESTERO
loc_16065,16065,PALMITAS,22,SANTIAGO DEL ESTERO
loc_16066,16066,PALMITAS DE JEREZ,22,SANTIAGO DEL ESTERO
loc_16067,16067,PALOS QUEMADOS,22,SANTIAGO DEL ESTERO
loc_16068,16068,PAMPA MAYO,22,SANTIAGO DEL ESTERO
loc_16069,16069,PARAJE LA BAJADA,22,SANTIAGO DEL ESTERO
loc_16070,16070,PUESTO LOS MARCOS,22,SANTIAGO DEL ESTERO
loc_16071,16071,QUISHCA,22,SANTIAGO DEL ESTERO
loc_16072,16072,QUITA PUNCO,22,SANTIAGO DEL ESTERO
loc_16073,16073,RINCON,22,SANTIAGO DEL ESTERO
loc_16074,16074,RUBIA MORENO,22,SANTIAGO DEL ESTERO
loc_16075,16075,RUMIOS,22,SANTIAGO DEL ESTERO
loc_16076,16076,RUTA NACIONAL 34,22,SANTIAGO DEL ESTERO
loc_16077,16077,RUTA PROVINCIAL 11,22,SANTIAGO DEL ESTERO
loc_16078,16078,RUTA PROVINCIAL 130,22,SANTIAGO DEL ESTERO
loc_16079,16079,RUTA PROVINCIAL 17,22,SANTIAGO DEL ESTERO
loc_16080,16080,RUTA PROVINCIAL 40,22,SANTIAGO DEL ESTERO
loc_16081,16081,RUTA PROVINCIAL 5,22,SANTIAGO DEL ESTERO
loc_16082,16082,RUTA PROVINCIAL 8,22,SANTIAGO DEL ESTERO
loc_16083,16083,SAN CARLOS,22,SANTIAGO DEL ESTERO
loc_16084,16084,SAN FELIPE,22,SANTIAGO DEL ESTERO
loc_16085,16085,SAN FELIX,22,SANTIAGO DEL ESTERO
loc_16086,16086,SAN FRANCISCO LAVALLE,22,SANTIAGO DEL ESTERO
loc_16087,16087,SAN ISIDRO,22,SANTIAGO DEL ESTERO
loc_16088,16088,SAN JAVIER,22,SANTIAGO DEL ESTERO
loc_16089,16089,SAN JUAN,22,SANTIAGO DEL ESTERO
loc_16090,16090,SAN LORENZO,22,SANTIAGO DEL ESTERO
loc_16091,16091,SAN MARTIN,22,SANTIAGO DEL ESTERO
loc_16093,16093,SAN PABLO,22,SANTIAGO DEL ESTERO
loc_16094,16094,SAN PEDRO,22,SANTIAGO DEL ESTERO
loc_16095,16095,SAN RAMON,22,SANTIAGO DEL ESTERO
loc_16096,16096,SAN ROQUE,22,SANTIAGO DEL ESTERO
loc_16097,16097,SANTA CRUZ,22,SANTIAGO DEL ESTERO
loc_16098,16098,SANTA RITA,22,SANTIAGO DEL ESTERO
loc_16100,16100,SANTA ROSA DE VITERVO,22,SANTIAGO DEL ESTERO
loc_16101,16101,SANTO DOMINGO,22,SANTIAGO DEL ESTERO
loc_16102,16102,SANTOS LUGARES,22,SANTIAGO DEL ESTERO
loc_16103,16103,SEÑORA PUJIO,22,SANTIAGO DEL ESTERO
loc_16104,16104,SIMBOL CAÑADA,22,SANTIAGO DEL ESTERO
loc_16105,16105,SIMBOLAR,22,SANTIAGO DEL ESTERO
loc_16106,16106,SINQUEN PUNCO,22,SANTIAGO DEL ESTERO
loc_16107,16107,SURI POZO,22,SANTIAGO DEL ESTERO
loc_16108,16108,TAPERAS,22,SANTIAGO DEL ESTERO
loc_16109,16109,TRAMO 16,22,SANTIAGO DEL ESTERO
loc_16110,16110,TRAMO 20,22,SANTIAGO DEL ESTERO
loc_16111,16111,TRAMO 26,22,SANTIAGO DEL ESTERO
loc_16112,16112,VALDIVIA,22,SANTIAGO DEL ESTERO
loc_16113,16113,VILLA UNION,22,SANTIAGO DEL ESTERO
loc_16114,16114,25 DE MAYO,22,SANTIAGO DEL ESTERO
loc_16115,16115,25 DE MAYO DE BARNEGAS,22,SANTIAGO DEL ESTERO
loc_16116,16116,25 DE MAYO SUD,22,SANTIAGO DEL ESTERO
loc_16117,16117,ABRAS DEL MEDIO,22,SANTIAGO DEL ESTERO
loc_16118,16118,ALTO ALEGRE,22,SANTIAGO DEL ESTERO
loc_16119,16119,ALTO BELLO,22,SANTIAGO DEL ESTERO
loc_16120,16120,ANCAJAN,22,SANTIAGO DEL ESTERO
loc_16121,16121,ARBOL SOLO,22,SANTIAGO DEL ESTERO
loc_16122,16122,BAJO HONDO,22,SANTIAGO DEL ESTERO
loc_16123,16123,BALDE POZO,22,SANTIAGO DEL ESTERO
loc_16124,16124,BARRIO JARDIN,22,SANTIAGO DEL ESTERO
loc_16125,16125,BELLA VISTA,22,SANTIAGO DEL ESTERO
loc_16126,16126,BELTRAN LORETO,22,SANTIAGO DEL ESTERO
loc_16127,16127,BUENOS AIRES,22,SANTIAGO DEL ESTERO
loc_16128,16128,CAMPO DE AMOR,22,SANTIAGO DEL ESTERO
loc_16129,16129,CANARIO,22,SANTIAGO DEL ESTERO
loc_16130,16130,CAÑADA,22,SANTIAGO DEL ESTERO
loc_16131,16131,CERRILLOS DE SAN ISIDRO,22,SANTIAGO DEL ESTERO
loc_16132,16132,CERRO RICO,22,SANTIAGO DEL ESTERO
loc_16133,16133,CHAÑAR LAGUNA,22,SANTIAGO DEL ESTERO
loc_16134,16134,CHAÑAR POZO,22,SANTIAGO DEL ESTERO
loc_16135,16135,CHAVES,22,SANTIAGO DEL ESTERO
loc_16136,16136,CHILLIMO,22,SANTIAGO DEL ESTERO
loc_16137,16137,CHOYA,22,SANTIAGO DEL ESTERO
loc_16138,16138,CORTADERA,22,SANTIAGO DEL ESTERO
loc_16139,16139,CUICHICAÑA,22,SANTIAGO DEL ESTERO
loc_16140,16140,DIVISADERO,22,SANTIAGO DEL ESTERO
loc_16141,16141,EL ABRA,22,SANTIAGO DEL ESTERO
loc_16142,16142,EL BAJO,22,SANTIAGO DEL ESTERO
loc_16143,16143,EL CHAÑAR,22,SANTIAGO DEL ESTERO
loc_16144,16144,EL ESCONDIDO,22,SANTIAGO DEL ESTERO
loc_16145,16145,EL MILAGRO,22,SANTIAGO DEL ESTERO
loc_16146,16146,EL NERIO,22,SANTIAGO DEL ESTERO
loc_16147,16147,EL RAJO,22,SANTIAGO DEL ESTERO
loc_16148,16148,EL RECREO,22,SANTIAGO DEL ESTERO
loc_16149,16149,EL RINCON,22,SANTIAGO DEL ESTERO
loc_16150,16150,EL RODEO,22,SANTIAGO DEL ESTERO
loc_16151,16151,EL ROSARIO,22,SANTIAGO DEL ESTERO
loc_16152,16152,EL SALVADOR,22,SANTIAGO DEL ESTERO
loc_16153,16153,EL SEÑUELO,22,SANTIAGO DEL ESTERO
loc_16154,16154,EL TACIAL,22,SANTIAGO DEL ESTERO
loc_16155,16155,EL TALA,22,SANTIAGO DEL ESTERO
loc_16156,16156,EL VEINTICINCO DE MAYO,22,SANTIAGO DEL ESTERO
loc_16157,16157,ENVIDIA,22,SANTIAGO DEL ESTERO
loc_16158,16158,ESCUELA 879,22,SANTIAGO DEL ESTERO
loc_16159,16159,ESPERANZA,22,SANTIAGO DEL ESTERO
loc_16160,16160,FAROL,22,SANTIAGO DEL ESTERO
loc_16161,16161,FAVORINA,22,SANTIAGO DEL ESTERO
loc_16162,16162,FLORIDA,22,SANTIAGO DEL ESTERO
loc_16163,16163,FRIAS,22,SANTIAGO DEL ESTERO
loc_16164,16164,GUARDIA DEL NORTE,22,SANTIAGO DEL ESTERO
loc_16165,16165,GUATANA,22,SANTIAGO DEL ESTERO
loc_16166,16166,ICHAGON,22,SANTIAGO DEL ESTERO
loc_16167,16167,INTI HUASI,22,SANTIAGO DEL ESTERO
loc_16168,16168,JUMEAL O JUMIAL,22,SANTIAGO DEL ESTERO
loc_16169,16169,KILOMETRO 10,22,SANTIAGO DEL ESTERO
loc_16170,16170,KILOMETRO 1073,22,SANTIAGO DEL ESTERO
loc_16171,16171,KILOMETRO 1098,22,SANTIAGO DEL ESTERO
loc_16172,16172,KILOMETRO 18,22,SANTIAGO DEL ESTERO
loc_16173,16173,KILOMETRO 3,22,SANTIAGO DEL ESTERO
loc_16174,16174,KILOMETRO 55,22,SANTIAGO DEL ESTERO
loc_16175,16175,LA ABRA,22,SANTIAGO DEL ESTERO
loc_16176,16176,LA BLANCA,22,SANTIAGO DEL ESTERO
loc_16177,16177,LA CORTADERA,22,SANTIAGO DEL ESTERO
loc_16178,16178,LA ESPERANZA,22,SANTIAGO DEL ESTERO
loc_16179,16179,LA ESQUINA,22,SANTIAGO DEL ESTERO
loc_16180,16180,LA GUARDIA,22,SANTIAGO DEL ESTERO
loc_16181,16181,LA LAGUNA,22,SANTIAGO DEL ESTERO
loc_16182,16182,LA LAURA,22,SANTIAGO DEL ESTERO
loc_16183,16183,LA MELADA,22,SANTIAGO DEL ESTERO
loc_16184,16184,LA POLVAREDA,22,SANTIAGO DEL ESTERO
loc_16185,16185,LA PROVIDENCIA,22,SANTIAGO DEL ESTERO
loc_16186,16186,LA PUNTA,22,SANTIAGO DEL ESTERO
loc_16187,16187,LA REPRESA,22,SANTIAGO DEL ESTERO
loc_16188,16188,LA VIUDA,22,SANTIAGO DEL ESTERO
loc_16189,16189,LAGUNA,22,SANTIAGO DEL ESTERO
loc_16190,16190,LAPRIDA,22,SANTIAGO DEL ESTERO
loc_16191,16191,LAS DOS FLORES,22,SANTIAGO DEL ESTERO
loc_16193,16193,LAS PALOMITAS,22,SANTIAGO DEL ESTERO
loc_16194,16194,LAS PEÑAS,22,SANTIAGO DEL ESTERO
loc_16195,16195,LAS TEJAS,22,SANTIAGO DEL ESTERO
loc_16196,16196,LAS TRINCHERAS,22,SANTIAGO DEL ESTERO
loc_16197,16197,LOMITAS,22,SANTIAGO DEL ESTERO
loc_16198,16198,LOS CERRILLOS,22,SANTIAGO DEL ESTERO
loc_16199,16199,LOS RALOS,22,SANTIAGO DEL ESTERO
loc_16200,16200,LUJAN,22,SANTIAGO DEL ESTERO
loc_16201,16201,MAQUIJATA,22,SANTIAGO DEL ESTERO
loc_16202,16202,MARAVILLA,22,SANTIAGO DEL ESTERO
loc_16203,16203,MATE PAMPA,22,SANTIAGO DEL ESTERO
loc_16204,16204,MENDOZA,22,SANTIAGO DEL ESTERO
loc_16205,16205,MOJONCITO,22,SANTIAGO DEL ESTERO
loc_16206,16206,MONTE REDONDO,22,SANTIAGO DEL ESTERO
loc_16207,16207,MONTEAGUDO,22,SANTIAGO DEL ESTERO
loc_16208,16208,ONCAJAN,22,SANTIAGO DEL ESTERO
loc_16209,16209,PALO LINDO,22,SANTIAGO DEL ESTERO
loc_16210,16210,PALO PARADO,22,SANTIAGO DEL ESTERO
loc_16211,16211,PAMPA POZO,22,SANTIAGO DEL ESTERO
loc_16212,16212,PARANA,22,SANTIAGO DEL ESTERO
loc_16213,16213,POCITO DE LA LOMA,22,SANTIAGO DEL ESTERO
loc_16214,16214,PORONGAL,22,SANTIAGO DEL ESTERO
loc_16215,16215,POZANCONES,22,SANTIAGO DEL ESTERO
loc_16216,16216,POZO CERCADO,22,SANTIAGO DEL ESTERO
loc_16217,16217,POZO DE LA PUERTA,22,SANTIAGO DEL ESTERO
loc_16218,16218,POZO DEL CAMPO,22,SANTIAGO DEL ESTERO
loc_16219,16219,PUEDA SER,22,SANTIAGO DEL ESTERO
loc_16220,16220,PUERTA DE LAS PIEDRAS,22,SANTIAGO DEL ESTERO
loc_16221,16221,PUERTA DEL CIELO,22,SANTIAGO DEL ESTERO
loc_16222,16222,PUESTO,22,SANTIAGO DEL ESTERO
loc_16223,16223,QUEBRACHOS,22,SANTIAGO DEL ESTERO
loc_16224,16224,REMANSITO,22,SANTIAGO DEL ESTERO
loc_16225,16225,RODEITO,22,SANTIAGO DEL ESTERO
loc_16226,16226,RODEO,22,SANTIAGO DEL ESTERO
loc_16227,16227,RUMI ESQUINA,22,SANTIAGO DEL ESTERO
loc_16228,16228,SAN AGUSTIN,22,SANTIAGO DEL ESTERO
loc_16229,16229,SAN ANTONIO DE LAS FLORES,22,SANTIAGO DEL ESTERO
loc_16230,16230,SAN BENITO,22,SANTIAGO DEL ESTERO
loc_16231,16231,SAN CARLOS,22,SANTIAGO DEL ESTERO
loc_16232,16232,SAN DELFIN,22,SANTIAGO DEL ESTERO
loc_16233,16233,SAN IGNACIO,22,SANTIAGO DEL ESTERO
loc_16234,16234,SAN JOSE,22,SANTIAGO DEL ESTERO
loc_16235,16235,SAN JUAN,22,SANTIAGO DEL ESTERO
loc_16236,16236,SAN JUANCITO,22,SANTIAGO DEL ESTERO
loc_16237,16237,SAN JUSTO,22,SANTIAGO DEL ESTERO
loc_16238,16238,SAN LUIS,22,SANTIAGO DEL ESTERO
loc_16239,16239,SAN MANUEL,22,SANTIAGO DEL ESTERO
loc_16240,16240,SAN MIGUEL,22,SANTIAGO DEL ESTERO
loc_16241,16241,SAN PASTOR,22,SANTIAGO DEL ESTERO
loc_16242,16242,SAN PATRICIO,22,SANTIAGO DEL ESTERO
loc_16243,16243,SAN PEDRO,22,SANTIAGO DEL ESTERO
loc_16244,16244,SAN RAMON,22,SANTIAGO DEL ESTERO
loc_16245,16245,SAN ROMANO,22,SANTIAGO DEL ESTERO
loc_16246,16246,SAN ROQUE,22,SANTIAGO DEL ESTERO
loc_16247,16247,SANTA ANA,22,SANTIAGO DEL ESTERO
loc_16248,16248,SANTA LUCIA,22,SANTIAGO DEL ESTERO
loc_16249,16249,SANTA ROSA,22,SANTIAGO DEL ESTERO
loc_16250,16250,SANTA ROSA DE CORONEL,22,SANTIAGO DEL ESTERO
loc_16251,16251,SAYACO,22,SANTIAGO DEL ESTERO
loc_16252,16252,SERRANO MUERTO,22,SANTIAGO DEL ESTERO
loc_16253,16253,SHISHI POZO,22,SANTIAGO DEL ESTERO
loc_16254,16254,SINCHI CAÑA,22,SANTIAGO DEL ESTERO
loc_16255,16255,SOL DE MAYO,22,SANTIAGO DEL ESTERO
loc_16256,16256,SUNCHO POZO,22,SANTIAGO DEL ESTERO
loc_16257,16257,SUNCHO PUJIO,22,SANTIAGO DEL ESTERO
loc_16258,16258,TACO QUINKA,22,SANTIAGO DEL ESTERO
loc_16259,16259,TAPSO,22,SANTIAGO DEL ESTERO
loc_16260,16260,TRES BAJADAS,22,SANTIAGO DEL ESTERO
loc_16261,16261,TRONCOS QUEMADOS,22,SANTIAGO DEL ESTERO
loc_16262,16262,VILLA ADELA,22,SANTIAGO DEL ESTERO
loc_16263,16263,VILLA COINOR,22,SANTIAGO DEL ESTERO
loc_16264,16264,VILLA ELVIRA,22,SANTIAGO DEL ESTERO
loc_16265,16265,VILLA LA PUNTA,22,SANTIAGO DEL ESTERO
loc_16266,16266,VILLA RIVADAVIA,22,SANTIAGO DEL ESTERO
loc_16267,16267,YESO ALTO,22,SANTIAGO DEL ESTERO
loc_16268,16268,ZORRO HUARCUNA,22,SANTIAGO DEL ESTERO
loc_16269,16269,ACOS,22,SANTIAGO DEL ESTERO
loc_16271,16271,ARBOL SOLO,22,SANTIAGO DEL ESTERO
loc_16272,16272,BAJO LAS PIEDRAS,22,SANTIAGO DEL ESTERO
loc_16273,16273,BELGRANO,22,SANTIAGO DEL ESTERO
loc_16274,16274,BUENA VISTA,22,SANTIAGO DEL ESTERO
loc_16275,16275,CAJON,22,SANTIAGO DEL ESTERO
loc_16276,16276,CAMPO RICO,22,SANTIAGO DEL ESTERO
loc_16278,16278,CARDAJAL,22,SANTIAGO DEL ESTERO
loc_16279,16279,CASA DE DIOS,22,SANTIAGO DEL ESTERO
loc_16280,16280,CHACRAS,22,SANTIAGO DEL ESTERO
loc_16281,16281,CHAÑARES ALTOS,22,SANTIAGO DEL ESTERO
loc_16282,16282,CORONEL FERNANDEZ,22,SANTIAGO DEL ESTERO
loc_16283,16283,CORRAL DE CARCOS,22,SANTIAGO DEL ESTERO
loc_16284,16284,COSTA VIEJA,22,SANTIAGO DEL ESTERO
loc_16285,16285,CUCHI CORRAL,22,SANTIAGO DEL ESTERO
loc_16287,16287,EL AGUILA,22,SANTIAGO DEL ESTERO
loc_16288,16288,EL ARBOL DE PIEDRA,22,SANTIAGO DEL ESTERO
loc_16289,16289,EL ARBOLITO,22,SANTIAGO DEL ESTERO
loc_16290,16290,EL BAJO,22,SANTIAGO DEL ESTERO
loc_16291,16291,EL FUERTE,22,SANTIAGO DEL ESTERO
loc_16292,16292,EL MISTOL,22,SANTIAGO DEL ESTERO
loc_16293,16293,EL MOLLE,22,SANTIAGO DEL ESTERO
loc_16294,16294,EL NARANJO,22,SANTIAGO DEL ESTERO
loc_16295,16295,EL PALOMAR,22,SANTIAGO DEL ESTERO
loc_16296,16296,EL PARAISO,22,SANTIAGO DEL ESTERO
loc_16297,16297,EL PILAR,22,SANTIAGO DEL ESTERO
loc_16298,16298,EL PORVENIR,22,SANTIAGO DEL ESTERO
loc_16299,16299,EL PUEBLITO,22,SANTIAGO DEL ESTERO
loc_16300,16300,EL UNCO,22,SANTIAGO DEL ESTERO
loc_16301,16301,EL VEINTICINCO,22,SANTIAGO DEL ESTERO
loc_16302,16302,EL VEINTICINCO  SUMAMPA,22,SANTIAGO DEL ESTERO
loc_16303,16303,EL VENTICINCO,22,SANTIAGO DEL ESTERO
loc_16304,16304,HORCOS TUCUCUNA,22,SANTIAGO DEL ESTERO
loc_16305,16305,INGENIERO CARLOS CHRISTIERNSON,22,SANTIAGO DEL ESTERO
loc_16306,16306,JACIMAMPA,22,SANTIAGO DEL ESTERO
loc_16307,16307,JUME,22,SANTIAGO DEL ESTERO
loc_16308,16308,KENTI TACKO,22,SANTIAGO DEL ESTERO
loc_16309,16309,KILOMETRO 364,22,SANTIAGO DEL ESTERO
loc_16310,16310,LA BELLA CRIOLLA,22,SANTIAGO DEL ESTERO
loc_16312,16312,LA COLINA,22,SANTIAGO DEL ESTERO
loc_16313,16313,LA GOLONDRINA,22,SANTIAGO DEL ESTERO
loc_16314,16314,LA GRINGA,22,SANTIAGO DEL ESTERO
loc_16315,16315,LA PAMPA,22,SANTIAGO DEL ESTERO
loc_16316,16316,LA PORFIA,22,SANTIAGO DEL ESTERO
loc_16317,16317,LA PROTEGIDA,22,SANTIAGO DEL ESTERO
loc_16318,16318,LA PUERTA DEL MONTE,22,SANTIAGO DEL ESTERO
loc_16319,16319,LA SOLEDAD,22,SANTIAGO DEL ESTERO
loc_16320,16320,LA TRAMPA,22,SANTIAGO DEL ESTERO
loc_16321,16321,LA TUSCA,22,SANTIAGO DEL ESTERO
loc_16322,16322,LA YERBA,22,SANTIAGO DEL ESTERO
loc_16323,16323,LAGUNA DEL SUNCHO,22,SANTIAGO DEL ESTERO
loc_16324,16324,LAS CAÑAS,22,SANTIAGO DEL ESTERO
loc_16325,16325,LAS COLONIAS,22,SANTIAGO DEL ESTERO
loc_16326,16326,LAS FLORES,22,SANTIAGO DEL ESTERO
loc_16327,16327,LAS ISLAS,22,SANTIAGO DEL ESTERO
loc_16329,16329,LOS ARBOLITOS,22,SANTIAGO DEL ESTERO
loc_16330,16330,LOS CAÑOS,22,SANTIAGO DEL ESTERO
loc_16331,16331,LOS MOLLES,22,SANTIAGO DEL ESTERO
loc_16333,16333,LOS QUEBRACHOS,22,SANTIAGO DEL ESTERO
loc_16334,16334,LOS REMANSOS,22,SANTIAGO DEL ESTERO
loc_16335,16335,MANCHIN,22,SANTIAGO DEL ESTERO
loc_16336,16336,MEDANOS,22,SANTIAGO DEL ESTERO
loc_16337,16337,MIRAMONTE,22,SANTIAGO DEL ESTERO
loc_16338,16338,MISTOL LOMA,22,SANTIAGO DEL ESTERO
loc_16339,16339,PAJARO BLANCO,22,SANTIAGO DEL ESTERO
loc_16340,16340,PALOMAR,22,SANTIAGO DEL ESTERO
loc_16341,16341,POLVAREDAS,22,SANTIAGO DEL ESTERO
loc_16342,16342,PORTALIS,22,SANTIAGO DEL ESTERO
loc_16343,16343,POZO DEL CHAÑAR,22,SANTIAGO DEL ESTERO
loc_16344,16344,POZO DEL MONTE,22,SANTIAGO DEL ESTERO
loc_16345,16345,POZO VERDE,22,SANTIAGO DEL ESTERO
loc_16346,16346,PRIMAVERA,22,SANTIAGO DEL ESTERO
loc_16347,16347,PROGRESO DE JUME,22,SANTIAGO DEL ESTERO
loc_16348,16348,PUESTO DEL MEDIO,22,SANTIAGO DEL ESTERO
loc_16349,16349,PUNITA NORTE,22,SANTIAGO DEL ESTERO
loc_16350,16350,PUNITA SUD,22,SANTIAGO DEL ESTERO
loc_16351,16351,RAMA PASO,22,SANTIAGO DEL ESTERO
loc_16352,16352,RAMADITA,22,SANTIAGO DEL ESTERO
loc_16353,16353,RAMI YACU,22,SANTIAGO DEL ESTERO
loc_16354,16354,RAMIREZ DE VELAZCO,22,SANTIAGO DEL ESTERO
loc_16355,16355,REMANSOS,22,SANTIAGO DEL ESTERO
loc_16356,16356,RETIRO,22,SANTIAGO DEL ESTERO
loc_16357,16357,REY VIEJO,22,SANTIAGO DEL ESTERO
loc_16358,16358,RIO VIEJO,22,SANTIAGO DEL ESTERO
loc_16359,16359,RUMI JACO,22,SANTIAGO DEL ESTERO
loc_16360,16360,SAN ANDRES,22,SANTIAGO DEL ESTERO
loc_16361,16361,SAN CARLOS,22,SANTIAGO DEL ESTERO
loc_16362,16362,SAN FRANCISCO,22,SANTIAGO DEL ESTERO
loc_16363,16363,SAN JAVIER,22,SANTIAGO DEL ESTERO
loc_16364,16364,SAN JORGE,22,SANTIAGO DEL ESTERO
loc_16365,16365,SAN LORENZO,22,SANTIAGO DEL ESTERO
loc_16366,16366,SAN MARTIN,22,SANTIAGO DEL ESTERO
loc_16367,16367,SAN MATEO,22,SANTIAGO DEL ESTERO
loc_16368,16368,SAN RAMON QUEBRACHOS,22,SANTIAGO DEL ESTERO
loc_16369,16369,SANTA ANA,22,SANTIAGO DEL ESTERO
loc_16370,16370,SANTA BRIGIDA,22,SANTIAGO DEL ESTERO
loc_16371,16371,SANTA ELENA,22,SANTIAGO DEL ESTERO
loc_16372,16372,SANTA MARIA,22,SANTIAGO DEL ESTERO
loc_16373,16373,SANTA ROSA,22,SANTIAGO DEL ESTERO
loc_16374,16374,SIEMPRE VERDE,22,SANTIAGO DEL ESTERO
loc_16375,16375,SUMAMPA,22,SANTIAGO DEL ESTERO
loc_16376,16376,SUMAMPA VIEJO,22,SANTIAGO DEL ESTERO
loc_16377,16377,TACO PALTA,22,SANTIAGO DEL ESTERO
loc_16378,16378,TACO POZO,22,SANTIAGO DEL ESTERO
loc_16379,16379,TENTI TACO,22,SANTIAGO DEL ESTERO
loc_16380,16380,TRONCO QUEMADO,22,SANTIAGO DEL ESTERO
loc_16381,16381,VILLA QUEBRACHOS,22,SANTIAGO DEL ESTERO
loc_16382,16382,WIÑANO,22,SANTIAGO DEL ESTERO
loc_16384,16384,BANDERA,22,SANTIAGO DEL ESTERO
loc_16385,16385,CAMPO BELGRANO,22,SANTIAGO DEL ESTERO
loc_16386,16386,COLONIA ALSINA,22,SANTIAGO DEL ESTERO
loc_16387,16387,CUATRO BOCAS,22,SANTIAGO DEL ESTERO
loc_16388,16388,DESVIO POZO DULCE,22,SANTIAGO DEL ESTERO
loc_16389,16389,DON PIETRO,22,SANTIAGO DEL ESTERO
loc_16390,16390,EL AGRICULTOR,22,SANTIAGO DEL ESTERO
loc_16391,16391,EL CANDELERO,22,SANTIAGO DEL ESTERO
loc_16392,16392,EL CAÑON,22,SANTIAGO DEL ESTERO
loc_16393,16393,EL CRUCERO,22,SANTIAGO DEL ESTERO
loc_16394,16394,EL JARDIN,22,SANTIAGO DEL ESTERO
loc_16395,16395,EL ONCE,22,SANTIAGO DEL ESTERO
loc_16396,16396,EL SIMBOL,22,SANTIAGO DEL ESTERO
loc_16397,16397,FORTIN INCA,22,SANTIAGO DEL ESTERO
loc_16398,16398,GUARDIA ESCOLTA,22,SANTIAGO DEL ESTERO
loc_16399,16399,ISLA BAJA,22,SANTIAGO DEL ESTERO
loc_16400,16400,LA AIDA,22,SANTIAGO DEL ESTERO
loc_16401,16401,LA ALEMANA,22,SANTIAGO DEL ESTERO
loc_16402,16402,LA DELIA,22,SANTIAGO DEL ESTERO
loc_16403,16403,LA DOLORES,22,SANTIAGO DEL ESTERO
loc_16404,16404,LA DORA,22,SANTIAGO DEL ESTERO
loc_16405,16405,LA ESPERANZA,22,SANTIAGO DEL ESTERO
loc_16406,16406,LA EULALIA,22,SANTIAGO DEL ESTERO
loc_16407,16407,LA FELICIANA,22,SANTIAGO DEL ESTERO
loc_16408,16408,LA FRANCISCA,22,SANTIAGO DEL ESTERO
loc_16409,16409,LA HIEDRA,22,SANTIAGO DEL ESTERO
loc_16410,16410,LA HUERTA,22,SANTIAGO DEL ESTERO
loc_16411,16411,LA ISLETA,22,SANTIAGO DEL ESTERO
loc_16412,16412,LA LIBIA,22,SANTIAGO DEL ESTERO
loc_16413,16413,LA MAGDALENA,22,SANTIAGO DEL ESTERO
loc_16414,16414,LA PAMPA,22,SANTIAGO DEL ESTERO
loc_16415,16415,LA PANCHITA,22,SANTIAGO DEL ESTERO
loc_16416,16416,LA ROSILLA,22,SANTIAGO DEL ESTERO
loc_16417,16417,LA SANTAFECINA,22,SANTIAGO DEL ESTERO
loc_16418,16418,LA SIMONA,22,SANTIAGO DEL ESTERO
loc_16419,16419,LA SUSANA,22,SANTIAGO DEL ESTERO
loc_16420,16420,LA TERESA,22,SANTIAGO DEL ESTERO
loc_16421,16421,LAS AGUADAS,22,SANTIAGO DEL ESTERO
loc_16422,16422,LAS CHILCAS,22,SANTIAGO DEL ESTERO
loc_16423,16423,LAS GAMAS,22,SANTIAGO DEL ESTERO
loc_16424,16424,LAS ISLETAS,22,SANTIAGO DEL ESTERO
loc_16425,16425,LAS MOCHAS,22,SANTIAGO DEL ESTERO
loc_16426,16426,LAS TERESAS,22,SANTIAGO DEL ESTERO
loc_16427,16427,LOS PARAISOS,22,SANTIAGO DEL ESTERO
loc_16428,16428,LOS TABLEROS,22,SANTIAGO DEL ESTERO
loc_16429,16429,NUEVA AURORA,22,SANTIAGO DEL ESTERO
loc_16430,16430,POZO DULCE,22,SANTIAGO DEL ESTERO
loc_16431,16431,SAN GERMAN,22,SANTIAGO DEL ESTERO
loc_16432,16432,SANTA CATALINA,22,SANTIAGO DEL ESTERO
loc_16433,16433,SELVA BLANCA,22,SANTIAGO DEL ESTERO
loc_16434,16434,TRES LAGUNAS,22,SANTIAGO DEL ESTERO
loc_16435,16435,ALEJITO,22,SANTIAGO DEL ESTERO
loc_16436,16436,AMPA,22,SANTIAGO DEL ESTERO
loc_16437,16437,AZOGASTA,22,SANTIAGO DEL ESTERO
loc_16438,16438,BAJO HONDO,22,SANTIAGO DEL ESTERO
loc_16439,16439,CAMPO DEL CIELO,22,SANTIAGO DEL ESTERO
loc_16440,16440,CARRETERO,22,SANTIAGO DEL ESTERO
loc_16441,16441,CASA ALTA,22,SANTIAGO DEL ESTERO
loc_16442,16442,CODO BAJADA,22,SANTIAGO DEL ESTERO
loc_16443,16443,COLONIA PAZ,22,SANTIAGO DEL ESTERO
loc_16444,16444,CORRAL GRANDE,22,SANTIAGO DEL ESTERO
loc_16445,16445,CRUZ CHULA,22,SANTIAGO DEL ESTERO
loc_16446,16446,CRUZ LOMA,22,SANTIAGO DEL ESTERO
loc_16447,16447,DOLORES,22,SANTIAGO DEL ESTERO
loc_16448,16448,DOS HERMANOS,22,SANTIAGO DEL ESTERO
loc_16449,16449,EL AIBAL,22,SANTIAGO DEL ESTERO
loc_16450,16450,EL CANAL,22,SANTIAGO DEL ESTERO
loc_16451,16451,EL CHINCHILLAR,22,SANTIAGO DEL ESTERO
loc_16452,16452,EL COLORADO,22,SANTIAGO DEL ESTERO
loc_16453,16453,EL CUADRADO,22,SANTIAGO DEL ESTERO
loc_16454,16454,EL DESCANSO,22,SANTIAGO DEL ESTERO
loc_16455,16455,EL MISTOL,22,SANTIAGO DEL ESTERO
loc_16456,16456,EL QUEMADO,22,SANTIAGO DEL ESTERO
loc_16457,16457,EL SALADILLO,22,SANTIAGO DEL ESTERO
loc_16458,16458,EL SAUCE,22,SANTIAGO DEL ESTERO
loc_16459,16459,IUCHAN,22,SANTIAGO DEL ESTERO
loc_16460,16460,JUMI POZO,22,SANTIAGO DEL ESTERO
loc_16461,16461,KILOMETRO 443,22,SANTIAGO DEL ESTERO
loc_16462,16462,KILOMETRO 494,22,SANTIAGO DEL ESTERO
loc_16463,16463,KILOMETRO 499,22,SANTIAGO DEL ESTERO
loc_16464,16464,KILOMETRO 546,22,SANTIAGO DEL ESTERO
loc_16465,16465,LA BALANZA,22,SANTIAGO DEL ESTERO
loc_16466,16466,LA CRUZ,22,SANTIAGO DEL ESTERO
loc_16467,16467,LA RECONQUISTA,22,SANTIAGO DEL ESTERO
loc_16468,16468,LA REDUCCION,22,SANTIAGO DEL ESTERO
loc_16469,16469,LAGUNILLA,22,SANTIAGO DEL ESTERO
loc_16470,16470,LASPA,22,SANTIAGO DEL ESTERO
loc_16471,16471,LAURELES,22,SANTIAGO DEL ESTERO
loc_16472,16472,LEDESMA,22,SANTIAGO DEL ESTERO
loc_16473,16473,LLAJTA MAUCA,22,SANTIAGO DEL ESTERO
loc_16474,16474,LOJLO,22,SANTIAGO DEL ESTERO
loc_16475,16475,LOTE 15,22,SANTIAGO DEL ESTERO
loc_16476,16476,LOTE 29,22,SANTIAGO DEL ESTERO
loc_16477,16477,MATARA,22,SANTIAGO DEL ESTERO
loc_16478,16478,MELERO,22,SANTIAGO DEL ESTERO
loc_16479,16479,NASALO,22,SANTIAGO DEL ESTERO
loc_16480,16480,NOGE,22,SANTIAGO DEL ESTERO
loc_16481,16481,NUEVA COLONIA,22,SANTIAGO DEL ESTERO
loc_16482,16482,NUEVA GRANADA,22,SANTIAGO DEL ESTERO
loc_16483,16483,PADUA,22,SANTIAGO DEL ESTERO
loc_16484,16484,PAMPA POZO,22,SANTIAGO DEL ESTERO
loc_16485,16485,POZO COLORADO,22,SANTIAGO DEL ESTERO
loc_16486,16486,POZO DEL TOBA,22,SANTIAGO DEL ESTERO
loc_16487,16487,POZO GRANDE,22,SANTIAGO DEL ESTERO
loc_16488,16488,PUENTE BAJADA,22,SANTIAGO DEL ESTERO
loc_16489,16489,PUENTE RIO SALADO,22,SANTIAGO DEL ESTERO
loc_16490,16490,PUNCO,22,SANTIAGO DEL ESTERO
loc_16491,16491,QUEBRACHO PINTADO,22,SANTIAGO DEL ESTERO
loc_16492,16492,REPECHO DIAZ,22,SANTIAGO DEL ESTERO
loc_16493,16493,REPECHO MONTENEGRO,22,SANTIAGO DEL ESTERO
loc_16494,16494,RINCON ESPERANZA,22,SANTIAGO DEL ESTERO
loc_16495,16495,RODEO BAJADA,22,SANTIAGO DEL ESTERO
loc_16496,16496,ROLDAN,22,SANTIAGO DEL ESTERO
loc_16497,16497,RUMIARCO,22,SANTIAGO DEL ESTERO
loc_16498,16498,SAN ANTONIO,22,SANTIAGO DEL ESTERO
loc_16499,16499,SAN CARLOS,22,SANTIAGO DEL ESTERO
loc_16500,16500,SAN FRANCISCO,22,SANTIAGO DEL ESTERO
loc_16501,16501,SAN LUIS,22,SANTIAGO DEL ESTERO
loc_16502,16502,SAN MIGUEL DEL MATARA,22,SANTIAGO DEL ESTERO
loc_16503,16503,SAN PEDRO,22,SANTIAGO DEL ESTERO
loc_16504,16504,SAN RAMON,22,SANTIAGO DEL ESTERO
loc_16505,16505,SAN SIMON,22,SANTIAGO DEL ESTERO
loc_16506,16506,SANTA MARIA,22,SANTIAGO DEL ESTERO
loc_16507,16507,SIN DESCANSO,22,SANTIAGO DEL ESTERO
loc_16508,16508,SOLEDAD,22,SANTIAGO DEL ESTERO
loc_16509,16509,SUNCHO CORRAL,22,SANTIAGO DEL ESTERO
loc_16510,16510,SURI,22,SANTIAGO DEL ESTERO
loc_16511,16511,TARUY,22,SANTIAGO DEL ESTERO
loc_16512,16512,TIUN PUNCO,22,SANTIAGO DEL ESTERO
loc_16513,16513,TOBAS,22,SANTIAGO DEL ESTERO
loc_16514,16514,TRES HERMANAS,22,SANTIAGO DEL ESTERO
loc_16515,16515,VILELAS,22,SANTIAGO DEL ESTERO
loc_16516,16516,VILLA ESQUINA,22,SANTIAGO DEL ESTERO
loc_16517,16517,YUCHAN,22,SANTIAGO DEL ESTERO
loc_16519,16519,BAJADITA,22,SANTIAGO DEL ESTERO
loc_16520,16520,BELLA VISTA,22,SANTIAGO DEL ESTERO
loc_16521,16521,BELTRAN LORETO,22,SANTIAGO DEL ESTERO
loc_16523,16523,CAMPO DE AMOR,22,SANTIAGO DEL ESTERO
loc_16524,16524,CAÑADA RICA,22,SANTIAGO DEL ESTERO
loc_16525,16525,CAÑADA SAN RAMON,22,SANTIAGO DEL ESTERO
loc_16526,16526,CHIMPA MACHO,22,SANTIAGO DEL ESTERO
loc_16528,16528,CODO,22,SANTIAGO DEL ESTERO
loc_16529,16529,COLLERA HURCUNA,22,SANTIAGO DEL ESTERO
loc_16530,16530,DIENTE DEL ARADO,22,SANTIAGO DEL ESTERO
loc_16531,16531,DORMIDA,22,SANTIAGO DEL ESTERO
loc_16532,16532,EL MULATO,22,SANTIAGO DEL ESTERO
loc_16533,16533,EL PINTO,22,SANTIAGO DEL ESTERO
loc_16534,16534,ENVIDIA,22,SANTIAGO DEL ESTERO
loc_16536,16536,JUMI POZO,22,SANTIAGO DEL ESTERO
loc_16537,16537,KILOMETRO 88,22,SANTIAGO DEL ESTERO
loc_16538,16538,LA DORMIDA,22,SANTIAGO DEL ESTERO
loc_16539,16539,LA LAURA,22,SANTIAGO DEL ESTERO
loc_16540,16540,LA NORIA,22,SANTIAGO DEL ESTERO
loc_16541,16541,LA RAMADITA,22,SANTIAGO DEL ESTERO
loc_16542,16542,LA REVANCHA,22,SANTIAGO DEL ESTERO
loc_16544,16544,LAS DOS FLORES,22,SANTIAGO DEL ESTERO
loc_16546,16546,LOMITAS,22,SANTIAGO DEL ESTERO
loc_16547,16547,LORETO,22,SANTIAGO DEL ESTERO
loc_16548,16548,LOS ANGELES,22,SANTIAGO DEL ESTERO
loc_16549,16549,LOS RALOS,22,SANTIAGO DEL ESTERO
loc_16550,16550,MONTE REDONDO,22,SANTIAGO DEL ESTERO
loc_16551,16551,MORAMPA,22,SANTIAGO DEL ESTERO
loc_16552,16552,PAAJ MUYO,22,SANTIAGO DEL ESTERO
loc_16553,16553,PAMPA POZO,22,SANTIAGO DEL ESTERO
loc_16554,16554,PIRUITAS,22,SANTIAGO DEL ESTERO
loc_16555,16555,PORONGAL,22,SANTIAGO DEL ESTERO
loc_16556,16556,POZO CIEGO,22,SANTIAGO DEL ESTERO
loc_16557,16557,PUESTO DE JUANES,22,SANTIAGO DEL ESTERO
loc_16558,16558,RIO NAMBI,22,SANTIAGO DEL ESTERO
loc_16559,16559,SAN GREGORIO,22,SANTIAGO DEL ESTERO
loc_16560,16560,SAN IGNACIO,22,SANTIAGO DEL ESTERO
loc_16561,16561,SAN ISIDRO,22,SANTIAGO DEL ESTERO
loc_16562,16562,SAN JERONIMO,22,SANTIAGO DEL ESTERO
loc_16563,16563,SAN JOSE,22,SANTIAGO DEL ESTERO
loc_16564,16564,SAN JUAN,22,SANTIAGO DEL ESTERO
loc_16565,16565,SAN LUIS,22,SANTIAGO DEL ESTERO
loc_16566,16566,SAN MIGUEL,22,SANTIAGO DEL ESTERO
loc_16567,16567,SAN PABLO,22,SANTIAGO DEL ESTERO
loc_16568,16568,SAN VICENTE,22,SANTIAGO DEL ESTERO
loc_16569,16569,SANDIA HUAJCHU,22,SANTIAGO DEL ESTERO
loc_16571,16571,SANTA BARBARA FERREIRA,22,SANTIAGO DEL ESTERO
loc_16572,16572,SANTA ISABEL,22,SANTIAGO DEL ESTERO
loc_16573,16573,SANTA MARIA,22,SANTIAGO DEL ESTERO
loc_16574,16574,SANTA ROSA DE CORONEL,22,SANTIAGO DEL ESTERO
loc_16575,16575,SAUCE SOLO,22,SANTIAGO DEL ESTERO
loc_16576,16576,SAUCES,22,SANTIAGO DEL ESTERO
loc_16577,16577,SOL DE MAYO,22,SANTIAGO DEL ESTERO
loc_16578,16578,TACAÑITAS,22,SANTIAGO DEL ESTERO
loc_16579,16579,TACO POZO,22,SANTIAGO DEL ESTERO
loc_16580,16580,TALA ATUN,22,SANTIAGO DEL ESTERO
loc_16581,16581,TAQUETUYOJ,22,SANTIAGO DEL ESTERO
loc_16582,16582,TIO POZO,22,SANTIAGO DEL ESTERO
loc_16583,16583,TONTOLA,22,SANTIAGO DEL ESTERO
loc_16584,16584,TORO CHARQUINA,22,SANTIAGO DEL ESTERO
loc_16585,16585,TOTORA PAMPA,22,SANTIAGO DEL ESTERO
loc_16586,16586,TOTORAS,22,SANTIAGO DEL ESTERO
loc_16587,16587,TRES BAJADAS,22,SANTIAGO DEL ESTERO
loc_16589,16589,TUSCAYOJ,22,SANTIAGO DEL ESTERO
loc_16591,16591,VILLA VIEJA,22,SANTIAGO DEL ESTERO
loc_16592,16592,YACUCHIRI,22,SANTIAGO DEL ESTERO
loc_16593,16593,YALAN,22,SANTIAGO DEL ESTERO
loc_16594,16594,YOLOHUASI,22,SANTIAGO DEL ESTERO
loc_16595,16595,YULU HUASI,22,SANTIAGO DEL ESTERO
loc_16596,16596,BLANCA,22,SANTIAGO DEL ESTERO
loc_16597,16597,CACHI,22,SANTIAGO DEL ESTERO
loc_16598,16598,CAMPO DEL CISNE,22,SANTIAGO DEL ESTERO
loc_16599,16599,CANDELARIA,22,SANTIAGO DEL ESTERO
loc_16600,16600,CARBON POZO,22,SANTIAGO DEL ESTERO
loc_16602,16602,COLLUJLIOJ,22,SANTIAGO DEL ESTERO
loc_16603,16603,COLONIA SIEGEL,22,SANTIAGO DEL ESTERO
loc_16604,16604,CONCEPCION,22,SANTIAGO DEL ESTERO
loc_16607,16607,EL CUELLO,22,SANTIAGO DEL ESTERO
loc_16608,16608,EL EMPACHADO,22,SANTIAGO DEL ESTERO
loc_16609,16609,EL JUNCAL,22,SANTIAGO DEL ESTERO
loc_16610,16610,GARZA,22,SANTIAGO DEL ESTERO
loc_16611,16611,GUAIPI,22,SANTIAGO DEL ESTERO
loc_16612,16612,GUAYPE,22,SANTIAGO DEL ESTERO
loc_16613,16613,HORNILLOS,22,SANTIAGO DEL ESTERO
loc_16614,16614,HURITU HUASI,22,SANTIAGO DEL ESTERO
loc_16615,16615,LA BLANCA,22,SANTIAGO DEL ESTERO
loc_16616,16616,LA CRUZ,22,SANTIAGO DEL ESTERO
loc_16617,16617,LA FALDA,22,SANTIAGO DEL ESTERO
loc_16618,16618,LA LOMA,22,SANTIAGO DEL ESTERO
loc_16619,16619,LA OVERA,22,SANTIAGO DEL ESTERO
loc_16620,16620,LA PAZ,22,SANTIAGO DEL ESTERO
loc_16621,16621,LA PETRONILA,22,SANTIAGO DEL ESTERO
loc_16622,16622,LAPA,22,SANTIAGO DEL ESTERO
loc_16623,16623,MOLLE,22,SANTIAGO DEL ESTERO
loc_16624,16624,NUEVE MISTOLES,22,SANTIAGO DEL ESTERO
loc_16625,16625,POZO,22,SANTIAGO DEL ESTERO
loc_16628,16628,QUIMILLOJ,22,SANTIAGO DEL ESTERO
loc_16629,16629,RIO DE GALLO,22,SANTIAGO DEL ESTERO
loc_16630,16630,ROSIYULLOJ,22,SANTIAGO DEL ESTERO
loc_16631,16631,SAN CAYETANO,22,SANTIAGO DEL ESTERO
loc_16632,16632,SAN JOSE,22,SANTIAGO DEL ESTERO
loc_16633,16633,SAN MARCOS,22,SANTIAGO DEL ESTERO
loc_16634,16634,SAN PEDRO,22,SANTIAGO DEL ESTERO
loc_16635,16635,SAN VICENTE,22,SANTIAGO DEL ESTERO
loc_16637,16637,TACO SUYO,22,SANTIAGO DEL ESTERO
loc_16638,16638,TORO POZO,22,SANTIAGO DEL ESTERO
loc_16639,16639,VILLA ISLA,22,SANTIAGO DEL ESTERO
loc_16640,16640,VILLA MATARA,22,SANTIAGO DEL ESTERO
loc_16642,16642,YALAN,22,SANTIAGO DEL ESTERO
loc_16643,16643,AHI VEREMOS,22,SANTIAGO DEL ESTERO
loc_16644,16644,ARGENTINA,22,SANTIAGO DEL ESTERO
loc_16645,16645,ATAHUALPA,22,SANTIAGO DEL ESTERO
loc_16646,16646,BAHIA BLANCA,22,SANTIAGO DEL ESTERO
loc_16648,16648,BELGICA,22,SANTIAGO DEL ESTERO
loc_16649,16649,BELGRANO,22,SANTIAGO DEL ESTERO
loc_16650,16650,BOTIJA,22,SANTIAGO DEL ESTERO
loc_16652,16652,CAMPO DEL AGUILA,22,SANTIAGO DEL ESTERO
loc_16653,16653,CAMPO LA ANGELITA,22,SANTIAGO DEL ESTERO
loc_16654,16654,CAMPO VERDE,22,SANTIAGO DEL ESTERO
loc_16655,16655,CHAINIMA,22,SANTIAGO DEL ESTERO
loc_16656,16656,CHAÑAR AGUADA,22,SANTIAGO DEL ESTERO
loc_16657,16657,CHAÑAR POZO,22,SANTIAGO DEL ESTERO
loc_16658,16658,COLOMBIA,4,CHACO
loc_16659,16659,COLONIA EL PELIGRO,22,SANTIAGO DEL ESTERO
loc_16660,16660,CRUZ BAJADA,22,SANTIAGO DEL ESTERO
loc_16661,16661,DESVIO KILOMETRO 1342,22,SANTIAGO DEL ESTERO
loc_16662,16662,DOS ARBOLES,22,SANTIAGO DEL ESTERO
loc_16663,16663,DOS VARONES,22,SANTIAGO DEL ESTERO
loc_16664,16664,EL AEROLITO,22,SANTIAGO DEL ESTERO
loc_16665,16665,EL CABURE,22,SANTIAGO DEL ESTERO
loc_16666,16666,EL CERRITO,22,SANTIAGO DEL ESTERO
loc_16667,16667,EL CERRITO MONTE QUEMADO,22,SANTIAGO DEL ESTERO
loc_16668,16668,EL CORRIDO,22,SANTIAGO DEL ESTERO
loc_16669,16669,EL PALMAR,22,SANTIAGO DEL ESTERO
loc_16670,16670,EL PALOMAR,22,SANTIAGO DEL ESTERO
loc_16671,16671,EL PERSEGUIDO,22,SANTIAGO DEL ESTERO
loc_16672,16672,EL ROSARIO,22,SANTIAGO DEL ESTERO
loc_16673,16673,EL SILENCIO,22,SANTIAGO DEL ESTERO
loc_16674,16674,EL VALLE,22,SANTIAGO DEL ESTERO
loc_16675,16675,EL VALLE DE ORIENTE,22,SANTIAGO DEL ESTERO
loc_16676,16676,ESTADOS UNIDOS,22,SANTIAGO DEL ESTERO
loc_16677,16677,FIERRO,22,SANTIAGO DEL ESTERO
loc_16678,16678,GUARCAN,22,SANTIAGO DEL ESTERO
loc_16679,16679,GUAYACAN,22,SANTIAGO DEL ESTERO
loc_16680,16680,KILOMETRO 1210,22,SANTIAGO DEL ESTERO
loc_16681,16681,KILOMETRO 1255,22,SANTIAGO DEL ESTERO
loc_16682,16682,KILOMETRO 1297,22,SANTIAGO DEL ESTERO
loc_16683,16683,KILOMETRO 1314,22,SANTIAGO DEL ESTERO
loc_16684,16684,KILOMETRO 1338,22,SANTIAGO DEL ESTERO
loc_16685,16685,LA ANGELITA,22,SANTIAGO DEL ESTERO
loc_16686,16686,LA ARMONIA,22,SANTIAGO DEL ESTERO
loc_16687,16687,LA CAÑADA,22,SANTIAGO DEL ESTERO
loc_16688,16688,LA DEFENSA,22,SANTIAGO DEL ESTERO
loc_16689,16689,LA ESPERANZA,22,SANTIAGO DEL ESTERO
loc_16690,16690,LA FIRMEZA,22,SANTIAGO DEL ESTERO
loc_16691,16691,LA GRANJA,22,SANTIAGO DEL ESTERO
loc_16692,16692,LA UNION,22,SANTIAGO DEL ESTERO
loc_16693,16693,LA VIRTUD,22,SANTIAGO DEL ESTERO
loc_16694,16694,LAS PERFORACIONES,22,SANTIAGO DEL ESTERO
loc_16695,16695,LAS PUERTAS,22,SANTIAGO DEL ESTERO
loc_16696,16696,LAVALLE,22,SANTIAGO DEL ESTERO
loc_16697,16697,LOS COLORADOS,22,SANTIAGO DEL ESTERO
loc_16698,16698,LOS MORTEROS,22,SANTIAGO DEL ESTERO
loc_16699,16699,LOS PIRPINTOS,22,SANTIAGO DEL ESTERO
loc_16700,16700,LOS TIGRES,22,SANTIAGO DEL ESTERO
loc_16701,16701,MANGA BAJADA,22,SANTIAGO DEL ESTERO
loc_16702,16702,MARAVILLA,22,SANTIAGO DEL ESTERO
loc_16703,16703,MERCEDES,22,SANTIAGO DEL ESTERO
loc_16704,16704,MISTOLITO,22,SANTIAGO DEL ESTERO
loc_16705,16705,MONTE QUEMADO,22,SANTIAGO DEL ESTERO
loc_16706,16706,NUEVA ESPERANZA,22,SANTIAGO DEL ESTERO
loc_16707,16707,OBRAJE LOS TIGRES,22,SANTIAGO DEL ESTERO
loc_16708,16708,PAAJ POZO,22,SANTIAGO DEL ESTERO
loc_16709,16709,PALERMO,22,SANTIAGO DEL ESTERO
loc_16710,16710,PAMPA DE LOS GUANACOS,22,SANTIAGO DEL ESTERO
loc_16711,16711,PARANA,22,SANTIAGO DEL ESTERO
loc_16712,16712,PICOS DE AMOR,22,SANTIAGO DEL ESTERO
loc_16713,16713,PICOS DE ARROZ,22,SANTIAGO DEL ESTERO
loc_16714,16714,PINEDO,22,SANTIAGO DEL ESTERO
loc_16715,16715,PLATERO,22,SANTIAGO DEL ESTERO
loc_16716,16716,POZO VIL,22,SANTIAGO DEL ESTERO
loc_16717,16717,PUESTO CORDOBA,22,SANTIAGO DEL ESTERO
loc_16718,16718,PUESTO DEL MEDIO,22,SANTIAGO DEL ESTERO
loc_16719,16719,RIO MUERTO,22,SANTIAGO DEL ESTERO
loc_16720,16720,ROMA,22,SANTIAGO DEL ESTERO
loc_16721,16721,SAN CARLOS,22,SANTIAGO DEL ESTERO
loc_16722,16722,SAN HORACIO,22,SANTIAGO DEL ESTERO
loc_16723,16723,SAN ISIDRO,22,SANTIAGO DEL ESTERO
loc_16724,16724,SAN JOSE DEL BOQUERON,22,SANTIAGO DEL ESTERO
loc_16725,16725,SAN JUAN,22,SANTIAGO DEL ESTERO
loc_16726,16726,SAN PEDRO,22,SANTIAGO DEL ESTERO
loc_16729,16729,SANTA MARIA,22,SANTIAGO DEL ESTERO
loc_16730,16730,SANTA ROSA COPO,22,SANTIAGO DEL ESTERO
loc_16731,16731,TACIOJ,22,SANTIAGO DEL ESTERO
loc_16732,16732,TACO ESQUINA,22,SANTIAGO DEL ESTERO
loc_16733,16733,TORO PAMPA,22,SANTIAGO DEL ESTERO
loc_16734,16734,URUNDEL,22,SANTIAGO DEL ESTERO
loc_16735,16735,URUTAU,22,SANTIAGO DEL ESTERO
loc_16736,16736,VILLA MATOQUE,22,SANTIAGO DEL ESTERO
loc_16737,16737,VINAL MACHO,22,SANTIAGO DEL ESTERO
loc_16738,16738,VINAL POZO,22,SANTIAGO DEL ESTERO
loc_16739,16739,VINAL VIEJO,22,SANTIAGO DEL ESTERO
loc_16740,16740,VINALITO,22,SANTIAGO DEL ESTERO
loc_16742,16742,CLAVEL BLANCO,22,SANTIAGO DEL ESTERO
loc_16743,16743,COLONIA ALPINA,22,SANTIAGO DEL ESTERO
loc_16744,16744,COLONIA GERALDINA,22,SANTIAGO DEL ESTERO
loc_16745,16745,COLONIA LA VICTORIA,22,SANTIAGO DEL ESTERO
loc_16746,16746,COLONIA MACKINLAY,22,SANTIAGO DEL ESTERO
loc_16748,16748,EL CHARABON,22,SANTIAGO DEL ESTERO
loc_16757,16757,LA GERALDINA,22,SANTIAGO DEL ESTERO
loc_16759,16759,LA ROMELIA,22,SANTIAGO DEL ESTERO
loc_16760,16760,LA UNION,22,SANTIAGO DEL ESTERO
loc_16761,16761,LA VICTORIA,22,SANTIAGO DEL ESTERO
loc_16763,16763,LOS ENCANTOS,22,SANTIAGO DEL ESTERO
loc_16764,16764,LOS PORONGOS,22,SANTIAGO DEL ESTERO
loc_16766,16766,NUEVA CERES,22,SANTIAGO DEL ESTERO
loc_16768,16768,PALO NEGRO,22,SANTIAGO DEL ESTERO
loc_16769,16769,PORONGOS,22,SANTIAGO DEL ESTERO
loc_16770,16770,SAN JOSE,22,SANTIAGO DEL ESTERO
loc_16773,16773,SELVA,22,SANTIAGO DEL ESTERO
loc_16775,16775,AIBAL,22,SANTIAGO DEL ESTERO
loc_16776,16776,ARBOLITOS,22,SANTIAGO DEL ESTERO
loc_16777,16777,BANDERA BAJADA,22,SANTIAGO DEL ESTERO
loc_16778,16778,BELLA VISTA,22,SANTIAGO DEL ESTERO
loc_16779,16779,BUENA VISTA,22,SANTIAGO DEL ESTERO
loc_16780,16780,CALLEJON BAJADA,22,SANTIAGO DEL ESTERO
loc_16781,16781,CAMPO LIMPIO,22,SANTIAGO DEL ESTERO
loc_16782,16782,CAMPO VERDE,22,SANTIAGO DEL ESTERO
loc_16783,16783,CANTEROS,22,SANTIAGO DEL ESTERO
loc_16785,16785,CARDON ESQUINA,22,SANTIAGO DEL ESTERO
loc_16786,16786,CARTAVIO,22,SANTIAGO DEL ESTERO
loc_16787,16787,CASPI CORRAL,22,SANTIAGO DEL ESTERO
loc_16788,16788,CAVADITO,22,SANTIAGO DEL ESTERO
loc_16789,16789,CAVADO,22,SANTIAGO DEL ESTERO
loc_16790,16790,CHILE,22,SANTIAGO DEL ESTERO
loc_16791,16791,COLONIA MEDIA,22,SANTIAGO DEL ESTERO
loc_16792,16792,COLONIA SAN JUAN,22,SANTIAGO DEL ESTERO
loc_16793,16793,CRUZ GRANDE,22,SANTIAGO DEL ESTERO
loc_16794,16794,DIQUE FIGUEROA,22,SANTIAGO DEL ESTERO
loc_16795,16795,DOLORES,22,SANTIAGO DEL ESTERO
loc_16796,16796,DOS HERMANAS,22,SANTIAGO DEL ESTERO
loc_16797,16797,EL 21,22,SANTIAGO DEL ESTERO
loc_16798,16798,EL AIBAL,22,SANTIAGO DEL ESTERO
loc_16799,16799,EL AIBALITO,22,SANTIAGO DEL ESTERO
loc_16800,16800,EL CHAÑAR,22,SANTIAGO DEL ESTERO
loc_16801,16801,EL CRUCERO,22,SANTIAGO DEL ESTERO
loc_16802,16802,EL NEGRITO,22,SANTIAGO DEL ESTERO
loc_16803,16803,EL PIRUCHO,22,SANTIAGO DEL ESTERO
loc_16804,16804,EL QUEMADO,22,SANTIAGO DEL ESTERO
loc_16805,16805,ESTANCIA LA INVERNADA,22,SANTIAGO DEL ESTERO
loc_16806,16806,HUALO CANCANA,22,SANTIAGO DEL ESTERO
loc_16807,16807,HUILLA CATINA,22,SANTIAGO DEL ESTERO
loc_16808,16808,JUME ESQUINA,22,SANTIAGO DEL ESTERO
loc_16809,16809,JUMI VIEJO,22,SANTIAGO DEL ESTERO
loc_16810,16810,JUMIAL GRANDE,22,SANTIAGO DEL ESTERO
loc_16811,16811,JUMIALITO,22,SANTIAGO DEL ESTERO
loc_16812,16812,JUNCAL GRANDE,22,SANTIAGO DEL ESTERO
loc_16813,16813,KILOMETRO 613,22,SANTIAGO DEL ESTERO
loc_16814,16814,LA BOTA,22,SANTIAGO DEL ESTERO
loc_16815,16815,LA BREA,22,SANTIAGO DEL ESTERO
loc_16816,16816,LA CAÑADA,22,SANTIAGO DEL ESTERO
loc_16817,16817,LA CHEJCHILLA,22,SANTIAGO DEL ESTERO
loc_16818,16818,LA CONCEPCION,22,SANTIAGO DEL ESTERO
loc_16819,16819,LA ESPERANZA,22,SANTIAGO DEL ESTERO
loc_16820,16820,LA GUARDIA,22,SANTIAGO DEL ESTERO
loc_16821,16821,LA INVERNADA,22,SANTIAGO DEL ESTERO
loc_16822,16822,LA LOMA,22,SANTIAGO DEL ESTERO
loc_16823,16823,LA PACIENCIA,22,SANTIAGO DEL ESTERO
loc_16824,16824,LA PRIMITIVA,22,SANTIAGO DEL ESTERO
loc_16825,16825,LA RAMADA,22,SANTIAGO DEL ESTERO
loc_16826,16826,LA TAPA,22,SANTIAGO DEL ESTERO
loc_16827,16827,LOMITAS,22,SANTIAGO DEL ESTERO
loc_16828,16828,LOS PUENTES,22,SANTIAGO DEL ESTERO
loc_16829,16829,MACO,22,SANTIAGO DEL ESTERO
loc_16830,16830,MADERAS,22,SANTIAGO DEL ESTERO
loc_16831,16831,MARAVILLA,22,SANTIAGO DEL ESTERO
loc_16832,16832,MARIA,22,SANTIAGO DEL ESTERO
loc_16833,16833,MINERVA,22,SANTIAGO DEL ESTERO
loc_16834,16834,MONTE REDONDO,22,SANTIAGO DEL ESTERO
loc_16835,16835,NOGALES,22,SANTIAGO DEL ESTERO
loc_16836,16836,PALIZAS,22,SANTIAGO DEL ESTERO
loc_16837,16837,PIRHUAS,22,SANTIAGO DEL ESTERO
loc_16838,16838,PORONGOS,22,SANTIAGO DEL ESTERO
loc_16839,16839,POZO CASTAÑO,22,SANTIAGO DEL ESTERO
loc_16840,16840,PUESTO DE MENA,22,SANTIAGO DEL ESTERO
loc_16841,16841,PUESTO DEL MEDIO,22,SANTIAGO DEL ESTERO
loc_16842,16842,QUEBRACHAL,22,SANTIAGO DEL ESTERO
loc_16843,16843,QUIMILIOJ,22,SANTIAGO DEL ESTERO
loc_16844,16844,REMANSITO,22,SANTIAGO DEL ESTERO
loc_16845,16845,REPARO,22,SANTIAGO DEL ESTERO
loc_16846,16846,RINCON,22,SANTIAGO DEL ESTERO
loc_16847,16847,RUMI,22,SANTIAGO DEL ESTERO
loc_16848,16848,SALADILLO,22,SANTIAGO DEL ESTERO
loc_16850,16850,SAN JORGE,22,SANTIAGO DEL ESTERO
loc_16851,16851,SAN JOSE,22,SANTIAGO DEL ESTERO
loc_16852,16852,SAN JOSE DTO FIGUEROA,22,SANTIAGO DEL ESTERO
loc_16853,16853,SAN NICOLAS,22,SANTIAGO DEL ESTERO
loc_16854,16854,SAN PABLO,22,SANTIAGO DEL ESTERO
loc_16855,16855,SAN ROQUE,22,SANTIAGO DEL ESTERO
loc_16856,16856,SAN SALVADOR,22,SANTIAGO DEL ESTERO
loc_16857,16857,SAN VICENTE,22,SANTIAGO DEL ESTERO
loc_16859,16859,SANTA MARIA DTO FIGUEROA,22,SANTIAGO DEL ESTERO
loc_16860,16860,SANTA RITA,22,SANTIAGO DEL ESTERO
loc_16861,16861,SANTA ROSA,22,SANTIAGO DEL ESTERO
loc_16863,16863,SAUCE ESQUINA,22,SANTIAGO DEL ESTERO
loc_16864,16864,SEPULTURAS,22,SANTIAGO DEL ESTERO
loc_16865,16865,TAJAMAR,22,SANTIAGO DEL ESTERO
loc_16866,16866,TOTORILLAS,22,SANTIAGO DEL ESTERO
loc_16867,16867,TRANCAS,22,SANTIAGO DEL ESTERO
loc_16868,16868,TRES CHAÑARES,22,SANTIAGO DEL ESTERO
loc_16869,16869,TUSCA POZO,22,SANTIAGO DEL ESTERO
loc_16870,16870,VACA HUAÑUNA,22,SANTIAGO DEL ESTERO
loc_16871,16871,VILLA FIGUEROA,22,SANTIAGO DEL ESTERO
loc_16872,16872,VILLA HUAÑUNA,22,SANTIAGO DEL ESTERO
loc_16873,16873,VILLA TOLOJNA,22,SANTIAGO DEL ESTERO
loc_16874,16874,YACU HICHACUNA,22,SANTIAGO DEL ESTERO
loc_16875,16875,YACU HURMANA,22,SANTIAGO DEL ESTERO
loc_16876,16876,ALBARDON,22,SANTIAGO DEL ESTERO
loc_16877,16877,CORRAL DEL REY,22,SANTIAGO DEL ESTERO
loc_16878,16878,EL HUAICO,22,SANTIAGO DEL ESTERO
loc_16879,16879,ESTANCIA EL CARMEN,22,SANTIAGO DEL ESTERO
loc_16880,16880,LAS ABRAS,22,SANTIAGO DEL ESTERO
loc_16881,16881,LAS MOSTAZAS,22,SANTIAGO DEL ESTERO
loc_16882,16882,LAS RAMADITAS,22,SANTIAGO DEL ESTERO
loc_16883,16883,LAS VIBORITAS,22,SANTIAGO DEL ESTERO
loc_16884,16884,LIMACHE,22,SANTIAGO DEL ESTERO
loc_16885,16885,MARTINEZ,22,SANTIAGO DEL ESTERO
loc_16886,16886,RETIRO,22,SANTIAGO DEL ESTERO
loc_16887,16887,SAN NICOLAS,22,SANTIAGO DEL ESTERO
loc_16888,16888,SANTA PAULA,22,SANTIAGO DEL ESTERO
loc_16889,16889,VILLA UNION,22,SANTIAGO DEL ESTERO
loc_16890,16890,YACO MISQUI,22,SANTIAGO DEL ESTERO
loc_16891,16891,9 DE JULIO,22,SANTIAGO DEL ESTERO
loc_16892,16892,ABRA DE QUIMIL,22,SANTIAGO DEL ESTERO
loc_16893,16893,AGUJEREADO,22,SANTIAGO DEL ESTERO
loc_16894,16894,AHI VEREMOS,22,SANTIAGO DEL ESTERO
loc_16895,16895,AIBALITO,22,SANTIAGO DEL ESTERO
loc_16896,16896,ALTA GRACIA,22,SANTIAGO DEL ESTERO
loc_16897,16897,ARROYO TALA,22,SANTIAGO DEL ESTERO
loc_16898,16898,BELGRANO,22,SANTIAGO DEL ESTERO
loc_16899,16899,CABRA,22,SANTIAGO DEL ESTERO
loc_16900,16900,CAMPO VERDE,22,SANTIAGO DEL ESTERO
loc_16901,16901,CERRILLOS,22,SANTIAGO DEL ESTERO
loc_16902,16902,CODILLO,22,SANTIAGO DEL ESTERO
loc_16903,16903,CONZO,22,SANTIAGO DEL ESTERO
loc_16904,16904,DOÑA LUISA,22,SANTIAGO DEL ESTERO
loc_16905,16905,EL CADILLO,22,SANTIAGO DEL ESTERO
loc_16906,16906,EL CARMEN,22,SANTIAGO DEL ESTERO
loc_16907,16907,EL PORVENIR,22,SANTIAGO DEL ESTERO
loc_16908,16908,EL PUESTITO,22,SANTIAGO DEL ESTERO
loc_16909,16909,EL QUILLIN,22,SANTIAGO DEL ESTERO
loc_16910,16910,EL SIMBOLAR,22,SANTIAGO DEL ESTERO
loc_16911,16911,EL VIZCACHERAL,22,SANTIAGO DEL ESTERO
loc_16912,16912,ESCUELA 1050,22,SANTIAGO DEL ESTERO
loc_16913,16913,ESCUELA 20,22,SANTIAGO DEL ESTERO
loc_16914,16914,ESCUELA 665,22,SANTIAGO DEL ESTERO
loc_16915,16915,ESCUELA 708,22,SANTIAGO DEL ESTERO
loc_16916,16916,FAMATINA,22,SANTIAGO DEL ESTERO
loc_16917,16917,GUAMPACHA,22,SANTIAGO DEL ESTERO
loc_16918,16918,ILIAGES,22,SANTIAGO DEL ESTERO
loc_16919,16919,JUMIAL,22,SANTIAGO DEL ESTERO
loc_16920,16920,KILOMETRO 1121,22,SANTIAGO DEL ESTERO
loc_16921,16921,LA CALERA,22,SANTIAGO DEL ESTERO
loc_16922,16922,LA CHILCA,22,SANTIAGO DEL ESTERO
loc_16923,16923,LA ENSENADA,22,SANTIAGO DEL ESTERO
loc_16924,16924,LAS CHACRAS,22,SANTIAGO DEL ESTERO
loc_16925,16925,LAS FLORES,22,SANTIAGO DEL ESTERO
loc_16926,16926,LAS JUNTAS,22,SANTIAGO DEL ESTERO
loc_16927,16927,LAS MARAVILLAS,22,SANTIAGO DEL ESTERO
loc_16928,16928,LAS TALITAS,22,SANTIAGO DEL ESTERO
loc_16929,16929,LAVALLE,22,SANTIAGO DEL ESTERO
loc_16930,16930,LOMA DE YESO,22,SANTIAGO DEL ESTERO
loc_16931,16931,LOS COBRES,22,SANTIAGO DEL ESTERO
loc_16932,16932,LOS CORREAS,22,SANTIAGO DEL ESTERO
loc_16933,16933,LUJAN,22,SANTIAGO DEL ESTERO
loc_16934,16934,MANGRULLO,22,SANTIAGO DEL ESTERO
loc_16935,16935,MEDIO MUNDO,22,SANTIAGO DEL ESTERO
loc_16936,16936,MISTOL MUYOJ,22,SANTIAGO DEL ESTERO
loc_16937,16937,MORON,22,SANTIAGO DEL ESTERO
loc_16938,16938,PALMA FLOR,22,SANTIAGO DEL ESTERO
loc_16939,16939,PALMITAS,22,SANTIAGO DEL ESTERO
loc_16940,16940,PAMPA POZO,22,SANTIAGO DEL ESTERO
loc_16941,16941,PARANA,22,SANTIAGO DEL ESTERO
loc_16942,16942,PIEDRITAS,22,SANTIAGO DEL ESTERO
loc_16943,16943,POZANCON,22,SANTIAGO DEL ESTERO
loc_16944,16944,POZO CABADO,22,SANTIAGO DEL ESTERO
loc_16945,16945,POZO HUASCHO,22,SANTIAGO DEL ESTERO
loc_16946,16946,PROVIDENCIA,22,SANTIAGO DEL ESTERO
loc_16947,16947,PUERTA CHIQUITA,22,SANTIAGO DEL ESTERO
loc_16948,16948,PUESTO DE DIAZ,22,SANTIAGO DEL ESTERO
loc_16949,16949,PUESTO DEL MEDIO,22,SANTIAGO DEL ESTERO
loc_16952,16952,SAN JOSE,22,SANTIAGO DEL ESTERO
loc_16953,16953,SAN JUAN,22,SANTIAGO DEL ESTERO
loc_16954,16954,SAN LORENZO,22,SANTIAGO DEL ESTERO
loc_16955,16955,SAN PEDRO,22,SANTIAGO DEL ESTERO
loc_16956,16956,SAN RAMON,22,SANTIAGO DEL ESTERO
loc_16957,16957,SANTA BARBARA,22,SANTIAGO DEL ESTERO
loc_16958,16958,SANTA CATALINA,22,SANTIAGO DEL ESTERO
loc_16959,16959,SANTA ROSA,22,SANTIAGO DEL ESTERO
loc_16960,16960,SANTOS LUGARES,22,SANTIAGO DEL ESTERO
loc_16961,16961,TABLEADO,22,SANTIAGO DEL ESTERO
loc_16962,16962,TALA POZO,22,SANTIAGO DEL ESTERO
loc_16963,16963,TIBILAR,22,SANTIAGO DEL ESTERO
loc_16964,16964,TONZU,22,SANTIAGO DEL ESTERO
loc_16965,16965,TRES CERROS,22,SANTIAGO DEL ESTERO
loc_16966,16966,TRONCO JURAS,22,SANTIAGO DEL ESTERO
loc_16967,16967,VILLA GUASAYAN,22,SANTIAGO DEL ESTERO
loc_16969,16969,VILLARES,22,SANTIAGO DEL ESTERO
loc_16970,16970,VIZCACHERAL,22,SANTIAGO DEL ESTERO
loc_16971,16971,ABRITA,22,SANTIAGO DEL ESTERO
loc_16972,16972,ARRAGA,22,SANTIAGO DEL ESTERO
loc_16973,16973,BUEY RODEO,22,SANTIAGO DEL ESTERO
loc_16974,16974,CAMPO ALEGRE,22,SANTIAGO DEL ESTERO
loc_16975,16975,CAMPO GRANDE,22,SANTIAGO DEL ESTERO
loc_16976,16976,CAMPO NUEVO,22,SANTIAGO DEL ESTERO
loc_16977,16977,CHAÑAR PUJIO,22,SANTIAGO DEL ESTERO
loc_16978,16978,CRUZ POZO,22,SANTIAGO DEL ESTERO
loc_16979,16979,EL MARNE,22,SANTIAGO DEL ESTERO
loc_16980,16980,EL MOJON,22,SANTIAGO DEL ESTERO
loc_16981,16981,ESTABLECIMIENTO 14 DE SETIEMBR,22,SANTIAGO DEL ESTERO
loc_16982,16982,EZCURRA,22,SANTIAGO DEL ESTERO
loc_16983,16983,KILOMETRO 112,22,SANTIAGO DEL ESTERO
loc_16984,16984,KILOMETRO 117,22,SANTIAGO DEL ESTERO
loc_16985,16985,KILOMETRO 118,22,SANTIAGO DEL ESTERO
loc_16986,16986,KILOMETRO 120,22,SANTIAGO DEL ESTERO
loc_16987,16987,KILOMETRO 135,22,SANTIAGO DEL ESTERO
loc_16988,16988,KILOMETRO 153,22,SANTIAGO DEL ESTERO
loc_16989,16989,LA ABRITA,22,SANTIAGO DEL ESTERO
loc_16990,16990,LA ESPERANZA,22,SANTIAGO DEL ESTERO
loc_16991,16991,LA HIGUERA,22,SANTIAGO DEL ESTERO
loc_16992,16992,LA PORTEÑA,22,SANTIAGO DEL ESTERO
loc_16993,16993,LA SARITA,22,SANTIAGO DEL ESTERO
loc_16994,16994,LAS FLORES,22,SANTIAGO DEL ESTERO
loc_16995,16995,MACO,22,SANTIAGO DEL ESTERO
loc_16996,16996,MANOGASTA,22,SANTIAGO DEL ESTERO
loc_16997,16997,MAQUITO,22,SANTIAGO DEL ESTERO
loc_16998,16998,MONTE RICO,22,SANTIAGO DEL ESTERO
loc_16999,16999,MORALES,22,SANTIAGO DEL ESTERO
loc_17000,17000,NARANJITO,22,SANTIAGO DEL ESTERO
loc_17001,17001,NUEVA FRANCIA,22,SANTIAGO DEL ESTERO
loc_17002,17002,POCITOS,22,SANTIAGO DEL ESTERO
loc_17003,17003,POZO CERCADO,22,SANTIAGO DEL ESTERO
loc_17004,17004,POZO GRANDE,22,SANTIAGO DEL ESTERO
loc_17005,17005,PUEBLO NUEVO,22,SANTIAGO DEL ESTERO
loc_17006,17006,PUENTE DEL SALADO,22,SANTIAGO DEL ESTERO
loc_17007,17007,PUESTITO DE SAN ANTONIO,22,SANTIAGO DEL ESTERO
loc_17008,17008,PUESTO DE DIAZ,22,SANTIAGO DEL ESTERO
loc_17009,17009,PUESTO DEL MEDIO,22,SANTIAGO DEL ESTERO
loc_17010,17010,RAMADITA,22,SANTIAGO DEL ESTERO
loc_17011,17011,RAMADITAS,22,SANTIAGO DEL ESTERO
loc_17012,17012,RODEO DE SORIA,22,SANTIAGO DEL ESTERO
loc_17013,17013,RODEO DE VALDEZ,22,SANTIAGO DEL ESTERO
loc_17014,17014,SAN AGUSTIN,22,SANTIAGO DEL ESTERO
loc_17015,17015,SAN ANDRES,22,SANTIAGO DEL ESTERO
loc_17016,17016,SAN ANTONIO,22,SANTIAGO DEL ESTERO
loc_17017,17017,SAN ANTONIO DE LOS CACERES,22,SANTIAGO DEL ESTERO
loc_17018,17018,SAN BENITO,22,SANTIAGO DEL ESTERO
loc_17019,17019,SAN CARLOS,22,SANTIAGO DEL ESTERO
loc_17021,17021,SAN IGNACIO,22,SANTIAGO DEL ESTERO
loc_17022,17022,SAN ISIDRO,22,SANTIAGO DEL ESTERO
loc_17023,17023,SAN MARTIN,22,SANTIAGO DEL ESTERO
loc_17024,17024,SAN PEDRO,22,SANTIAGO DEL ESTERO
loc_17025,17025,SAN SEBASTIAN,22,SANTIAGO DEL ESTERO
loc_17026,17026,SAN VICENTE,22,SANTIAGO DEL ESTERO
loc_17027,17027,SANTA MARIA,22,SANTIAGO DEL ESTERO
loc_17028,17028,SANTA ROSA,22,SANTIAGO DEL ESTERO
loc_17029,17029,SANTO DOMINGO,22,SANTIAGO DEL ESTERO
loc_17030,17030,SAUCE SOLO,22,SANTIAGO DEL ESTERO
loc_17031,17031,SILIPICA,22,SANTIAGO DEL ESTERO
loc_17032,17032,SIMBOL,22,SANTIAGO DEL ESTERO
loc_17034,17034,SOL DE MAYO,22,SANTIAGO DEL ESTERO
loc_17035,17035,SUMAMAO,22,SANTIAGO DEL ESTERO
loc_17036,17036,TIPIRO,22,SANTIAGO DEL ESTERO
loc_17037,17037,TORO HUMAN,22,SANTIAGO DEL ESTERO
loc_17038,17038,TROZO POZO,22,SANTIAGO DEL ESTERO
loc_17039,17039,UPIANITA,22,SANTIAGO DEL ESTERO
loc_17040,17040,VUELTA DE LA BARRANCA,22,SANTIAGO DEL ESTERO
loc_17041,17041,YANDA,22,SANTIAGO DEL ESTERO
loc_17042,17042,ZANJON,22,SANTIAGO DEL ESTERO
loc_17043,17043,ABRA DE LA CRUZ,22,SANTIAGO DEL ESTERO
loc_17044,17044,ABRAS DEL MARTIRIZADO,22,SANTIAGO DEL ESTERO
loc_17045,17045,AGUADA,22,SANTIAGO DEL ESTERO
loc_17046,17046,ALGARROBALES,22,SANTIAGO DEL ESTERO
loc_17047,17047,ALPA PUCA,22,SANTIAGO DEL ESTERO
loc_17048,17048,ALTA GRACIA,22,SANTIAGO DEL ESTERO
loc_17049,17049,AMAPOLA,22,SANTIAGO DEL ESTERO
loc_17050,17050,AMICHA,22,SANTIAGO DEL ESTERO
loc_17051,17051,ANJULI,22,SANTIAGO DEL ESTERO
loc_17052,17052,BAHOMA,22,SANTIAGO DEL ESTERO
loc_17053,17053,BAJO VERDE,22,SANTIAGO DEL ESTERO
loc_17054,17054,BARRIALITO,22,SANTIAGO DEL ESTERO
loc_17055,17055,BAUMAN,22,SANTIAGO DEL ESTERO
loc_17056,17056,BEBIDAS,22,SANTIAGO DEL ESTERO
loc_17057,17057,BOCA DEL TIGRE,22,SANTIAGO DEL ESTERO
loc_17058,17058,BUENA VISTA,22,SANTIAGO DEL ESTERO
loc_17060,17060,CAÑADA HONDA,22,SANTIAGO DEL ESTERO
loc_17061,17061,CAÑADA TALA POZO,22,SANTIAGO DEL ESTERO
loc_17062,17062,CASHICO,22,SANTIAGO DEL ESTERO
loc_17063,17063,CASILLA DEL MEDIO,22,SANTIAGO DEL ESTERO
loc_17064,17064,CHAÑAR POCITO,22,SANTIAGO DEL ESTERO
loc_17066,17066,CHAÑAR POZO DE ABAJO,22,SANTIAGO DEL ESTERO
loc_17067,17067,CHARCO VIEJO,22,SANTIAGO DEL ESTERO
loc_17068,17068,CHURQUI,22,SANTIAGO DEL ESTERO
loc_17069,17069,COLONIA TINCO,22,SANTIAGO DEL ESTERO
loc_17070,17070,EL ALAMBRADO,22,SANTIAGO DEL ESTERO
loc_17071,17071,EL ARBOLITO,22,SANTIAGO DEL ESTERO
loc_17072,17072,EL BARRIAL,22,SANTIAGO DEL ESTERO
loc_17073,17073,EL FRAILE,22,SANTIAGO DEL ESTERO
loc_17074,17074,EL MANANTIAL,22,SANTIAGO DEL ESTERO
loc_17075,17075,EL PACARA,22,SANTIAGO DEL ESTERO
loc_17076,17076,EL PERAL,22,SANTIAGO DEL ESTERO
loc_17077,17077,EL PUESTO,22,SANTIAGO DEL ESTERO
loc_17078,17078,EL RETIRO,22,SANTIAGO DEL ESTERO
loc_17079,17079,EL RINCON,22,SANTIAGO DEL ESTERO
loc_17080,17080,ESCUELA 1080,22,SANTIAGO DEL ESTERO
loc_17081,17081,ESCUELA 109,22,SANTIAGO DEL ESTERO
loc_17082,17082,ESCUELA 57,22,SANTIAGO DEL ESTERO
loc_17083,17083,ESPINAL,22,SANTIAGO DEL ESTERO
loc_17084,17084,ESTANCIA VIEJA,22,SANTIAGO DEL ESTERO
loc_17085,17085,GALEANO,22,SANTIAGO DEL ESTERO
loc_17086,17086,HOYO CON AGUA,22,SANTIAGO DEL ESTERO
loc_17087,17087,HOYON,22,SANTIAGO DEL ESTERO
loc_17088,17088,HUACHANA,22,SANTIAGO DEL ESTERO
loc_17089,17089,HUASCHO PATILLA,22,SANTIAGO DEL ESTERO
loc_17090,17090,ISLA DE ARAGONES,22,SANTIAGO DEL ESTERO
loc_17091,17091,ISLA DE LOS CASTILLOS,22,SANTIAGO DEL ESTERO
loc_17092,17092,ISLA DE LOS SOTELOS,22,SANTIAGO DEL ESTERO
loc_17093,17093,KENTI TACO,22,SANTIAGO DEL ESTERO
loc_17094,17094,LA AGUADA,22,SANTIAGO DEL ESTERO
loc_17095,17095,LA DONOSA,22,SANTIAGO DEL ESTERO
loc_17096,17096,LA ESQUINA,22,SANTIAGO DEL ESTERO
loc_17097,17097,LA FLORIDA,22,SANTIAGO DEL ESTERO
loc_17098,17098,LA FORTUNA,22,SANTIAGO DEL ESTERO
loc_17099,17099,LA GRAMA,22,SANTIAGO DEL ESTERO
loc_17100,17100,LA PERLITA,22,SANTIAGO DEL ESTERO
loc_17101,17101,LA RECONQUISTA,22,SANTIAGO DEL ESTERO
loc_17102,17102,LA SOLEDAD,22,SANTIAGO DEL ESTERO
loc_17103,17103,LAS CANTINAS,22,SANTIAGO DEL ESTERO
loc_17104,17104,LAS CEJAS,22,SANTIAGO DEL ESTERO
loc_17105,17105,LAS ORELLANAS,22,SANTIAGO DEL ESTERO
loc_17106,17106,LAS PALMERAS,22,SANTIAGO DEL ESTERO
loc_17107,17107,LAS TIGRERAS,22,SANTIAGO DEL ESTERO
loc_17108,17108,LEIVA,22,SANTIAGO DEL ESTERO
loc_17109,17109,LESCANOS,22,SANTIAGO DEL ESTERO
loc_17110,17110,LOMA DEL MEDIO,22,SANTIAGO DEL ESTERO
loc_17111,17111,LOMITAS,22,SANTIAGO DEL ESTERO
loc_17112,17112,LORO HUASI,22,SANTIAGO DEL ESTERO
loc_17113,17113,LOS CASTILLOS,22,SANTIAGO DEL ESTERO
loc_17114,17114,LOS DECIMAS,22,SANTIAGO DEL ESTERO
loc_17115,17115,LOS FIERROS,22,SANTIAGO DEL ESTERO
loc_17116,17116,LOS NUÑEZ,22,SANTIAGO DEL ESTERO
loc_17117,17117,LOS OVEJEROS,22,SANTIAGO DEL ESTERO
loc_17118,17118,LOS QUEBRACHOS,22,SANTIAGO DEL ESTERO
loc_17119,17119,LOS ROBLES,22,SANTIAGO DEL ESTERO
loc_17120,17120,MANANTIALES,22,SANTIAGO DEL ESTERO
loc_17121,17121,MANSUPA,22,SANTIAGO DEL ESTERO
loc_17122,17122,MIRANDAS,22,SANTIAGO DEL ESTERO
loc_17123,17123,MONTE CRISTO,22,SANTIAGO DEL ESTERO
loc_17124,17124,OVEJEROS,22,SANTIAGO DEL ESTERO
loc_17125,17125,PALMA LARGA,22,SANTIAGO DEL ESTERO
loc_17126,17126,PALMA REDONDA,22,SANTIAGO DEL ESTERO
loc_17127,17127,PATILLO,22,SANTIAGO DEL ESTERO
loc_17128,17128,PEREZ DE ZURITA,22,SANTIAGO DEL ESTERO
loc_17129,17129,POLEO POZO,22,SANTIAGO DEL ESTERO
loc_17130,17130,POSTA SANITARIA POCITOS,22,SANTIAGO DEL ESTERO
loc_17131,17131,POZO DEL ARBOLITO,22,SANTIAGO DEL ESTERO
loc_17132,17132,POZUELOS,22,SANTIAGO DEL ESTERO
loc_17133,17133,PUESTO DE VIEYRA,22,SANTIAGO DEL ESTERO
loc_17134,17134,PUESTO DEL RETIRO,22,SANTIAGO DEL ESTERO
loc_17135,17135,PUNTA POZO,22,SANTIAGO DEL ESTERO
loc_17136,17136,QUEBRACHOS,22,SANTIAGO DEL ESTERO
loc_17137,17137,QUERA,22,SANTIAGO DEL ESTERO
loc_17138,17138,SALADILLO,22,SANTIAGO DEL ESTERO
loc_17139,17139,SAN CARLOS,22,SANTIAGO DEL ESTERO
loc_17140,17140,SAN COSME,22,SANTIAGO DEL ESTERO
loc_17141,17141,SAN PABLO,22,SANTIAGO DEL ESTERO
loc_17142,17142,SAUZAL,22,SANTIAGO DEL ESTERO
loc_17143,17143,SOTELILLOS,22,SANTIAGO DEL ESTERO
loc_17144,17144,SOTELOS,22,SANTIAGO DEL ESTERO
loc_17145,17145,TACAMAMPA,22,SANTIAGO DEL ESTERO
loc_17146,17146,TALA,22,SANTIAGO DEL ESTERO
loc_17147,17147,TALA POZO,22,SANTIAGO DEL ESTERO
loc_17148,17148,TAQUELLO,22,SANTIAGO DEL ESTERO
loc_17149,17149,TERMAS DE RIO HONDO,22,SANTIAGO DEL ESTERO
loc_17150,17150,TINCO COLONIA,22,SANTIAGO DEL ESTERO
loc_17151,17151,TUNALES,22,SANTIAGO DEL ESTERO
loc_17152,17152,VILLA BALNEARIA,22,SANTIAGO DEL ESTERO
loc_17153,17153,VILLA JIMENEZ,22,SANTIAGO DEL ESTERO
loc_17154,17154,VILLA RIO HONDO,22,SANTIAGO DEL ESTERO
loc_17155,17155,VINARA,22,SANTIAGO DEL ESTERO
loc_17156,17156,YUTO YACA,22,SANTIAGO DEL ESTERO
loc_17157,17157,YUTU YACO,22,SANTIAGO DEL ESTERO
loc_17158,17158,7 DE ABRIL,22,SANTIAGO DEL ESTERO
loc_17159,17159,AGUA AMARGA,22,SANTIAGO DEL ESTERO
loc_17160,17160,AGUA AZUL,22,SANTIAGO DEL ESTERO
loc_17161,17161,AHI VEREMOS,22,SANTIAGO DEL ESTERO
loc_17162,17162,ALGARROBAL VIEJO,22,SANTIAGO DEL ESTERO
loc_17163,17163,ARMONIA,22,SANTIAGO DEL ESTERO
loc_17164,17164,BABILONIA,22,SANTIAGO DEL ESTERO
loc_17165,17165,BAGUAL MUERTO,22,SANTIAGO DEL ESTERO
loc_17166,17166,BAJO GRANDE,22,SANTIAGO DEL ESTERO
loc_17167,17167,BELGRANO,22,SANTIAGO DEL ESTERO
loc_17168,17168,BOBADAL,22,SANTIAGO DEL ESTERO
loc_17169,17169,BRANDAN,22,SANTIAGO DEL ESTERO
loc_17170,17170,BUEN LUGAR,22,SANTIAGO DEL ESTERO
loc_17171,17171,CAMPO AMARILLO,22,SANTIAGO DEL ESTERO
loc_17172,17172,CAMPO GRANDE,22,SANTIAGO DEL ESTERO
loc_17173,17173,CASA VERDE,22,SANTIAGO DEL ESTERO
loc_17175,17175,CHAÑAR ESQUINA,22,SANTIAGO DEL ESTERO
loc_17176,17176,CHAÑAR POZO,22,SANTIAGO DEL ESTERO
loc_17177,17177,CHURQUI ESQUINA,22,SANTIAGO DEL ESTERO
loc_17178,17178,COPO VIEJO,22,SANTIAGO DEL ESTERO
loc_17179,17179,CORRAL QUEMADO,22,SANTIAGO DEL ESTERO
loc_17180,17180,EL BALDE,22,SANTIAGO DEL ESTERO
loc_17181,17181,EL BALDECITO,22,SANTIAGO DEL ESTERO
loc_17182,17182,EL CAJON,22,SANTIAGO DEL ESTERO
loc_17183,17183,EL CAMBIADO,22,SANTIAGO DEL ESTERO
loc_17184,17184,EL DIABLO,22,SANTIAGO DEL ESTERO
loc_17185,17185,EL DURAZNO,22,SANTIAGO DEL ESTERO
loc_17186,17186,EL FLORIDO,22,SANTIAGO DEL ESTERO
loc_17187,17187,EL GRAMILLAR,22,SANTIAGO DEL ESTERO
loc_17188,17188,EL MOJON,22,SANTIAGO DEL ESTERO
loc_17190,17190,EL POTRERO,22,SANTIAGO DEL ESTERO
loc_17191,17191,EL QUEMADO,22,SANTIAGO DEL ESTERO
loc_17192,17192,EL REAL,22,SANTIAGO DEL ESTERO
loc_17193,17193,EL REMATE,22,SANTIAGO DEL ESTERO
loc_17194,17194,EL ROSARIO,22,SANTIAGO DEL ESTERO
loc_17195,17195,EL SALADILLO,22,SANTIAGO DEL ESTERO
loc_17196,17196,EL SAUCE,22,SANTIAGO DEL ESTERO
loc_17197,17197,ENSENADA,22,SANTIAGO DEL ESTERO
loc_17198,17198,ESTECO,22,SANTIAGO DEL ESTERO
loc_17199,17199,GUANACUYOJ,22,SANTIAGO DEL ESTERO
loc_17200,17200,HAHUANCUYOS,22,SANTIAGO DEL ESTERO
loc_17201,17201,HOYO CERCO,22,SANTIAGO DEL ESTERO
loc_17202,17202,HUÑAJCITO,22,SANTIAGO DEL ESTERO
loc_17203,17203,ISLA MOTA,22,SANTIAGO DEL ESTERO
loc_17204,17204,JUNALITO,22,SANTIAGO DEL ESTERO
loc_17205,17205,KILOMETRO 645,22,SANTIAGO DEL ESTERO
loc_17206,17206,KILOMETRO 651,22,SANTIAGO DEL ESTERO
loc_17207,17207,LA AGUADA,22,SANTIAGO DEL ESTERO
loc_17208,17208,LA ALOJA,22,SANTIAGO DEL ESTERO
loc_17209,17209,LA BLANCA,22,SANTIAGO DEL ESTERO
loc_17210,17210,LA CODICIA,22,SANTIAGO DEL ESTERO
loc_17211,17211,LA COSTOSA,22,SANTIAGO DEL ESTERO
loc_17212,17212,LA FLORIDA,22,SANTIAGO DEL ESTERO
loc_17213,17213,LA FRAGUA,22,SANTIAGO DEL ESTERO
loc_17214,17214,LA JULIANA,22,SANTIAGO DEL ESTERO
loc_17215,17215,LA LOMADA,22,SANTIAGO DEL ESTERO
loc_17216,17216,LA LUNA,22,SANTIAGO DEL ESTERO
loc_17217,17217,LA MARAVILLA,22,SANTIAGO DEL ESTERO
loc_17218,17218,LA MELADA,22,SANTIAGO DEL ESTERO
loc_17219,17219,LA MESADA,22,SANTIAGO DEL ESTERO
loc_17220,17220,LA TALA,22,SANTIAGO DEL ESTERO
loc_17221,17221,LAS CHACRAS,22,SANTIAGO DEL ESTERO
loc_17222,17222,LAS DELICIAS,22,SANTIAGO DEL ESTERO
loc_17223,17223,LAS LAJAS,22,SANTIAGO DEL ESTERO
loc_17224,17224,LAS LOMAS,22,SANTIAGO DEL ESTERO
loc_17225,17225,LAS PUERTAS,22,SANTIAGO DEL ESTERO
loc_17226,17226,LAS QUEBRADAS,22,SANTIAGO DEL ESTERO
loc_17227,17227,LIBERTAD,22,SANTIAGO DEL ESTERO
loc_17228,17228,LOMA GRANDE,22,SANTIAGO DEL ESTERO
loc_17229,17229,LOMA NEGRA,22,SANTIAGO DEL ESTERO
loc_17230,17230,LOMAS BLANCAS,22,SANTIAGO DEL ESTERO
loc_17231,17231,LOS CERROS,22,SANTIAGO DEL ESTERO
loc_17232,17232,LOS MOLLES,22,SANTIAGO DEL ESTERO
loc_17233,17233,LOS MOYAS,22,SANTIAGO DEL ESTERO
loc_17234,17234,MARAVILLA,22,SANTIAGO DEL ESTERO
loc_17235,17235,MASUMPA,22,SANTIAGO DEL ESTERO
loc_17236,17236,MEDIA LUNA,22,SANTIAGO DEL ESTERO
loc_17237,17237,MOLLEOJ,22,SANTIAGO DEL ESTERO
loc_17238,17238,MONTE POTRERO,22,SANTIAGO DEL ESTERO
loc_17239,17239,MONTE QUEMADO,22,SANTIAGO DEL ESTERO
loc_17240,17240,MONTESINO,22,SANTIAGO DEL ESTERO
loc_17241,17241,NUEVA ESPERANZA,22,SANTIAGO DEL ESTERO
loc_17242,17242,NUEVO SIMBOLAR,22,SANTIAGO DEL ESTERO
loc_17243,17243,PALMA POZO,22,SANTIAGO DEL ESTERO
loc_17244,17244,PAMPA POZO,22,SANTIAGO DEL ESTERO
loc_17245,17245,PELUDO WARCUNA,22,SANTIAGO DEL ESTERO
loc_17246,17246,PIEDRA BUENA,22,SANTIAGO DEL ESTERO
loc_17247,17247,POTRERO BAJADA,22,SANTIAGO DEL ESTERO
loc_17248,17248,POZO BETBEDER,22,SANTIAGO DEL ESTERO
loc_17249,17249,POZO DEL SIMBOL,22,SANTIAGO DEL ESTERO
loc_17250,17250,PUESTO DEL MEDIO,22,SANTIAGO DEL ESTERO
loc_17251,17251,PUESTO DEL SIMBOL,22,SANTIAGO DEL ESTERO
loc_17252,17252,PUESTO NUEVO,22,SANTIAGO DEL ESTERO
loc_17253,17253,QUEBRACHO COTO,22,SANTIAGO DEL ESTERO
loc_17254,17254,QUEBRADA ESQUINA,22,SANTIAGO DEL ESTERO
loc_17255,17255,QUEMADITO,22,SANTIAGO DEL ESTERO
loc_17257,17257,RAPELLI,22,SANTIAGO DEL ESTERO
loc_17258,17258,SAN CRISTOBAL,22,SANTIAGO DEL ESTERO
loc_17259,17259,SAN GREGORIO,22,SANTIAGO DEL ESTERO
loc_17260,17260,SAN ISIDRO,22,SANTIAGO DEL ESTERO
loc_17261,17261,SAN LUIS,22,SANTIAGO DEL ESTERO
loc_17262,17262,SAN NICOLAS,22,SANTIAGO DEL ESTERO
loc_17263,17263,SAN RAMON,22,SANTIAGO DEL ESTERO
loc_17264,17264,SANSIOJ,22,SANTIAGO DEL ESTERO
loc_17265,17265,SANTA CRUZ,22,SANTIAGO DEL ESTERO
loc_17266,17266,SANTA FELISA,22,SANTIAGO DEL ESTERO
loc_17267,17267,SANTA MARIA DE LAS CHACRAS,22,SANTIAGO DEL ESTERO
loc_17268,17268,SANTA ROSA,22,SANTIAGO DEL ESTERO
loc_17269,17269,SANTO DOMINGO,22,SANTIAGO DEL ESTERO
loc_17270,17270,SANTO DOMINGO PELLEGRINI,22,SANTIAGO DEL ESTERO
loc_17271,17271,SEÑORA PUJIO,22,SANTIAGO DEL ESTERO
loc_17272,17272,SESTEADERO,22,SANTIAGO DEL ESTERO
loc_17273,17273,SIETE ARBOLES,22,SANTIAGO DEL ESTERO
loc_17274,17274,SIMBOL HUASI,22,SANTIAGO DEL ESTERO
loc_17275,17275,SIMBOL POZO,22,SANTIAGO DEL ESTERO
loc_17276,17276,SIMBOLAR,22,SANTIAGO DEL ESTERO
loc_17277,17277,SORIA BAJADA,22,SANTIAGO DEL ESTERO
loc_17279,17279,TACO BAJADA,22,SANTIAGO DEL ESTERO
loc_17280,17280,TACO PUNCO,22,SANTIAGO DEL ESTERO
loc_17281,17281,TRASLADO,22,SANTIAGO DEL ESTERO
loc_17282,17282,TRES BAJOS,22,SANTIAGO DEL ESTERO
loc_17283,17283,TRES QUEBRACHOS,22,SANTIAGO DEL ESTERO
loc_17284,17284,TRES VARONES,22,SANTIAGO DEL ESTERO
loc_17285,17285,TUNAS PUNCO,22,SANTIAGO DEL ESTERO
loc_17286,17286,VILLA MERCEDES,22,SANTIAGO DEL ESTERO
loc_17287,17287,VILLA NUEVA,22,SANTIAGO DEL ESTERO
loc_17288,17288,YUCHANCITO,22,SANTIAGO DEL ESTERO
loc_17289,17289,AVE MARIA,22,SANTIAGO DEL ESTERO
loc_17290,17290,BLANCA POZO,22,SANTIAGO DEL ESTERO
loc_17291,17291,BRACHO,22,SANTIAGO DEL ESTERO
loc_17292,17292,BREALOJ,22,SANTIAGO DEL ESTERO
loc_17293,17293,CALOJ,22,SANTIAGO DEL ESTERO
loc_17294,17294,CATORCE QUEBRACHOS,22,SANTIAGO DEL ESTERO
loc_17295,17295,CHAÑAR POZO,22,SANTIAGO DEL ESTERO
loc_17296,17296,CHUÑA PALMA,22,SANTIAGO DEL ESTERO
loc_17297,17297,CODO POZO,22,SANTIAGO DEL ESTERO
loc_17298,17298,COLLUN LIOJ,22,SANTIAGO DEL ESTERO
loc_17299,17299,COLONIA DORA,22,SANTIAGO DEL ESTERO
loc_17300,17300,COLONIA ISLA,22,SANTIAGO DEL ESTERO
loc_17301,17301,CONCHAYOS,22,SANTIAGO DEL ESTERO
loc_17302,17302,CONSULÑOJ,22,SANTIAGO DEL ESTERO
loc_17303,17303,CRUZ POZO,22,SANTIAGO DEL ESTERO
loc_17304,17304,EL TRECE,22,SANTIAGO DEL ESTERO
loc_17305,17305,GUAÑAGASTA,22,SANTIAGO DEL ESTERO
loc_17306,17306,GUARDIA,22,SANTIAGO DEL ESTERO
loc_17307,17307,GUIÑAO,22,SANTIAGO DEL ESTERO
loc_17308,17308,HERRERA,22,SANTIAGO DEL ESTERO
loc_17309,17309,ICAÑO,22,SANTIAGO DEL ESTERO
loc_17310,17310,LA COSTA,22,SANTIAGO DEL ESTERO
loc_17311,17311,LA ESMERALDA,22,SANTIAGO DEL ESTERO
loc_17312,17312,LAGO MUYOJ,22,SANTIAGO DEL ESTERO
loc_17313,17313,LIBANESA,22,SANTIAGO DEL ESTERO
loc_17314,17314,LUGONES,22,SANTIAGO DEL ESTERO
loc_17315,17315,LUJAN,22,SANTIAGO DEL ESTERO
loc_17316,17316,MAILIN,22,SANTIAGO DEL ESTERO
loc_17317,17317,MAL PASO,22,SANTIAGO DEL ESTERO
loc_17318,17318,MALLIN VIEJO,22,SANTIAGO DEL ESTERO
loc_17319,17319,MOCONZA,22,SANTIAGO DEL ESTERO
loc_17320,17320,NOVILLO,22,SANTIAGO DEL ESTERO
loc_17321,17321,ORO PAMPA,22,SANTIAGO DEL ESTERO
loc_17322,17322,PAAJ RODEO,22,SANTIAGO DEL ESTERO
loc_17323,17323,PASO GRANDE,22,SANTIAGO DEL ESTERO
loc_17324,17324,PASO MOSOJ,22,SANTIAGO DEL ESTERO
loc_17325,17325,PERCAS,22,SANTIAGO DEL ESTERO
loc_17326,17326,POZO CABADO,22,SANTIAGO DEL ESTERO
loc_17327,17327,POZO MARCADO,22,SANTIAGO DEL ESTERO
loc_17328,17328,PUENTE NEGRO,22,SANTIAGO DEL ESTERO
loc_17329,17329,PUNTA CORRAL,22,SANTIAGO DEL ESTERO
loc_17330,17330,PUNTA POZO,22,SANTIAGO DEL ESTERO
loc_17331,17331,REAL SAYANA,22,SANTIAGO DEL ESTERO
loc_17332,17332,REPRESA,22,SANTIAGO DEL ESTERO
loc_17333,17333,RINCON DE LA ESPERANZA,22,SANTIAGO DEL ESTERO
loc_17334,17334,SALVIAIOJ GAITAN,22,SANTIAGO DEL ESTERO
loc_17335,17335,SAN ANTONIO,22,SANTIAGO DEL ESTERO
loc_17336,17336,SAN ANTONIO DE COPO,22,SANTIAGO DEL ESTERO
loc_17337,17337,SAN ISIDRO,22,SANTIAGO DEL ESTERO
loc_17338,17338,SAN JOSE,22,SANTIAGO DEL ESTERO
loc_17339,17339,SAN JOSE DE FLORES,22,SANTIAGO DEL ESTERO
loc_17340,17340,SAN LUIS,22,SANTIAGO DEL ESTERO
loc_17342,17342,SAN RAMON,22,SANTIAGO DEL ESTERO
loc_17343,17343,SAN ROQUE,22,SANTIAGO DEL ESTERO
loc_17344,17344,SANTO DOMINGO,22,SANTIAGO DEL ESTERO
loc_17345,17345,SAUCE BAJADA,22,SANTIAGO DEL ESTERO
loc_17346,17346,SUNCHITUYOJ,22,SANTIAGO DEL ESTERO
loc_17347,17347,TACO ATUN,22,SANTIAGO DEL ESTERO
loc_17348,17348,TACON ESQUINA,22,SANTIAGO DEL ESTERO
loc_17349,17349,TALA,22,SANTIAGO DEL ESTERO
loc_17350,17350,TIESTITUYOS,22,SANTIAGO DEL ESTERO
loc_17351,17351,TORO PAMPA,22,SANTIAGO DEL ESTERO
loc_17352,17352,TRONCO BLANCO,22,SANTIAGO DEL ESTERO
loc_17353,17353,YACASNIOJ,22,SANTIAGO DEL ESTERO
loc_17354,17354,ZAPI POZO,22,SANTIAGO DEL ESTERO
loc_17355,17355,25 DE MAYO,22,SANTIAGO DEL ESTERO
loc_17356,17356,AEROLITO,22,SANTIAGO DEL ESTERO
loc_17357,17357,AGUA SALADA,22,SANTIAGO DEL ESTERO
loc_17358,17358,AIBAL,22,SANTIAGO DEL ESTERO
loc_17359,17359,ALHUAMPA,22,SANTIAGO DEL ESTERO
loc_17360,17360,ALZA NUEVA,22,SANTIAGO DEL ESTERO
loc_17361,17361,AMAMA,22,SANTIAGO DEL ESTERO
loc_17362,17362,ANCHILO,22,SANTIAGO DEL ESTERO
loc_17363,17363,ARBOL BLANCO,22,SANTIAGO DEL ESTERO
loc_17364,17364,BARRIO OBRERO,22,SANTIAGO DEL ESTERO
loc_17365,17365,BELLA VISTA,22,SANTIAGO DEL ESTERO
loc_17366,17366,CALDERON,22,SANTIAGO DEL ESTERO
loc_17367,17367,CAMPO DEL INFIERNO,22,SANTIAGO DEL ESTERO
loc_17368,17368,CAMPO EL ROSARIO,22,SANTIAGO DEL ESTERO
loc_17369,17369,CAMPO LIMPIO,22,SANTIAGO DEL ESTERO
loc_17370,17370,CAMPO VERDE,22,SANTIAGO DEL ESTERO
loc_17372,17372,CARTAVIO,22,SANTIAGO DEL ESTERO
loc_17373,17373,CEJOLAO,22,SANTIAGO DEL ESTERO
loc_17374,17374,CELESTINA,22,SANTIAGO DEL ESTERO
loc_17375,17375,COLONIA ESPAÑA,22,SANTIAGO DEL ESTERO
loc_17376,17376,COLONIA MEDIA,22,SANTIAGO DEL ESTERO
loc_17377,17377,DOLORES,22,SANTIAGO DEL ESTERO
loc_17378,17378,DOLORES CENTRAL,22,SANTIAGO DEL ESTERO
loc_17379,17379,DOS EULACIAS,22,SANTIAGO DEL ESTERO
loc_17380,17380,DOS HERMANAS,22,SANTIAGO DEL ESTERO
loc_17381,17381,DOS REPRESAS,22,SANTIAGO DEL ESTERO
loc_17382,17382,EL AIBALITO,22,SANTIAGO DEL ESTERO
loc_17383,17383,EL ARBOLITO,22,SANTIAGO DEL ESTERO
loc_17384,17384,EL BRAGADO,22,SANTIAGO DEL ESTERO
loc_17385,17385,EL BRAVO,22,SANTIAGO DEL ESTERO
loc_17386,17386,EL CARMEN,22,SANTIAGO DEL ESTERO
loc_17387,17387,EL CRUCERO,22,SANTIAGO DEL ESTERO
loc_17388,17388,EL DESCANSO,22,SANTIAGO DEL ESTERO
loc_17389,17389,EL FISCO,22,SANTIAGO DEL ESTERO
loc_17390,17390,EL HOYO,22,SANTIAGO DEL ESTERO
loc_17391,17391,EL NOVENTA,22,SANTIAGO DEL ESTERO
loc_17392,17392,EL OJO DE AGUA,22,SANTIAGO DEL ESTERO
loc_17393,17393,EL PALOMAR,22,SANTIAGO DEL ESTERO
loc_17394,17394,EL PERTIGO,22,SANTIAGO DEL ESTERO
loc_17395,17395,EL PRADO,22,SANTIAGO DEL ESTERO
loc_17396,17396,EL ROSARIO,22,SANTIAGO DEL ESTERO
loc_17397,17397,EL TANQUE,22,SANTIAGO DEL ESTERO
loc_17398,17398,EL URUNDAY,22,SANTIAGO DEL ESTERO
loc_17399,17399,EL VEINTE,22,SANTIAGO DEL ESTERO
loc_17400,17400,EL VEINTISIETE,22,SANTIAGO DEL ESTERO
loc_17401,17401,ESTACION PAMPA MUYOJ,22,SANTIAGO DEL ESTERO
loc_17402,17402,ESTANCIA LA ELSITA,22,SANTIAGO DEL ESTERO
loc_17403,17403,ESTANCIA NUEVA ESPERANZA,22,SANTIAGO DEL ESTERO
loc_17404,17404,FLORESTA,22,SANTIAGO DEL ESTERO
loc_17405,17405,GENOVEVA,22,SANTIAGO DEL ESTERO
loc_17406,17406,GIRARDET,22,SANTIAGO DEL ESTERO
loc_17407,17407,GRANADERO GATICA,22,SANTIAGO DEL ESTERO
loc_17408,17408,HAASE,22,SANTIAGO DEL ESTERO
loc_17409,17409,HERNAN MEJIA MIRAVAL,22,SANTIAGO DEL ESTERO
loc_17410,17410,HUACANITAS,22,SANTIAGO DEL ESTERO
loc_17411,17411,HUCHUPAYANA,22,SANTIAGO DEL ESTERO
loc_17412,17412,JARDIN DE LAS DELICIAS,22,SANTIAGO DEL ESTERO
loc_17413,17413,JUNCAL GRANDE,22,SANTIAGO DEL ESTERO
loc_17414,17414,KILOMETRO 48,22,SANTIAGO DEL ESTERO
loc_17415,17415,KILOMETRO 606,22,SANTIAGO DEL ESTERO
loc_17416,17416,KILOMETRO 694,22,SANTIAGO DEL ESTERO
loc_17417,17417,KILOMETRO 719,22,SANTIAGO DEL ESTERO
loc_17418,17418,KISKA LORO,22,SANTIAGO DEL ESTERO
loc_17419,17419,LA CURVA,22,SANTIAGO DEL ESTERO
loc_17420,17420,LA LOMA,22,SANTIAGO DEL ESTERO
loc_17421,17421,LA MARTA,22,SANTIAGO DEL ESTERO
loc_17422,17422,LA PALOMA,22,SANTIAGO DEL ESTERO
loc_17423,17423,LA PAMPA,22,SANTIAGO DEL ESTERO
loc_17424,17424,LA POTOCHA,22,SANTIAGO DEL ESTERO
loc_17425,17425,LAGUNA BAYA,22,SANTIAGO DEL ESTERO
loc_17426,17426,LAS PORTEÑAS,22,SANTIAGO DEL ESTERO
loc_17427,17427,LAS RANDAS,22,SANTIAGO DEL ESTERO
loc_17428,17428,LAS TINAJAS,22,SANTIAGO DEL ESTERO
loc_17429,17429,LIBERTAD,22,SANTIAGO DEL ESTERO
loc_17430,17430,LILO VIEJO,22,SANTIAGO DEL ESTERO
loc_17431,17431,LINCHO,22,SANTIAGO DEL ESTERO
loc_17432,17432,LOS GATOS,22,SANTIAGO DEL ESTERO
loc_17433,17433,LOS MILAGROS,22,SANTIAGO DEL ESTERO
loc_17434,17434,LOS PECARIEL,22,SANTIAGO DEL ESTERO
loc_17435,17435,LOS PENSAMIENTOS,22,SANTIAGO DEL ESTERO
loc_17436,17436,LOS PORTEÑOS,22,SANTIAGO DEL ESTERO
loc_17437,17437,LOS PUENTES,22,SANTIAGO DEL ESTERO
loc_17438,17438,LOTE F,22,SANTIAGO DEL ESTERO
loc_17439,17439,LOTE S,22,SANTIAGO DEL ESTERO
loc_17440,17440,LUJAN,22,SANTIAGO DEL ESTERO
loc_17441,17441,MAGDALENA,22,SANTIAGO DEL ESTERO
loc_17442,17442,MARAVILLA,22,SANTIAGO DEL ESTERO
loc_17443,17443,MARIA,22,SANTIAGO DEL ESTERO
loc_17444,17444,MERCEDES,22,SANTIAGO DEL ESTERO
loc_17445,17445,MILAGRO,22,SANTIAGO DEL ESTERO
loc_17446,17446,MINERVA,22,SANTIAGO DEL ESTERO
loc_17447,17447,MISTOL PAMPA,22,SANTIAGO DEL ESTERO
loc_17448,17448,MONTE ALTO,22,SANTIAGO DEL ESTERO
loc_17449,17449,MORAYOS,22,SANTIAGO DEL ESTERO
loc_17450,17450,NOGALES,22,SANTIAGO DEL ESTERO
loc_17451,17451,NUEVA ALZA,22,SANTIAGO DEL ESTERO
loc_17452,17452,OBRAJE MARIA ANGELICA,22,SANTIAGO DEL ESTERO
loc_17453,17453,OCTAVIA,22,SANTIAGO DEL ESTERO
loc_17454,17454,OTUMPA,22,SANTIAGO DEL ESTERO
loc_17455,17455,PACIENCIA,22,SANTIAGO DEL ESTERO
loc_17456,17456,PALERMO,22,SANTIAGO DEL ESTERO
loc_17457,17457,PALOMAR,22,SANTIAGO DEL ESTERO
loc_17458,17458,PAMPA POZO,22,SANTIAGO DEL ESTERO
loc_17459,17459,PARAJE EL PRADO,22,SANTIAGO DEL ESTERO
loc_17460,17460,PARAJE GAUNA,22,SANTIAGO DEL ESTERO
loc_17461,17461,PARAJE LA PAMPA,22,SANTIAGO DEL ESTERO
loc_17462,17462,PARAJE LILO VIEJO,22,SANTIAGO DEL ESTERO
loc_17463,17463,PARAJE MILAGRO,22,SANTIAGO DEL ESTERO
loc_17464,17464,PARAJE OBRAJE MARIA ANGELICA,22,SANTIAGO DEL ESTERO
loc_17465,17465,PARAJE VILLA YOLANDA,22,SANTIAGO DEL ESTERO
loc_17466,17466,PATAY,22,SANTIAGO DEL ESTERO
loc_17467,17467,PIRHUAS,22,SANTIAGO DEL ESTERO
loc_17468,17468,PROVIRU,22,SANTIAGO DEL ESTERO
loc_17469,17469,PUESTO DE MENA,22,SANTIAGO DEL ESTERO
loc_17470,17470,PUMA,22,SANTIAGO DEL ESTERO
loc_17471,17471,PUNA,22,SANTIAGO DEL ESTERO
loc_17472,17472,PUNTA DE RIELES,22,SANTIAGO DEL ESTERO
loc_17473,17473,QUILUMPA,22,SANTIAGO DEL ESTERO
loc_17474,17474,QUIMILI,22,SANTIAGO DEL ESTERO
loc_17475,17475,QUISÑA LORO,22,SANTIAGO DEL ESTERO
loc_17476,17476,REMANSITO,22,SANTIAGO DEL ESTERO
loc_17477,17477,ROSARIO,22,SANTIAGO DEL ESTERO
loc_17478,17478,ROVERSI,22,SANTIAGO DEL ESTERO
loc_17479,17479,RUMI,22,SANTIAGO DEL ESTERO
loc_17480,17480,SALDIVAR,22,SANTIAGO DEL ESTERO
loc_17481,17481,SAN ALBERTO,22,SANTIAGO DEL ESTERO
loc_17482,17482,SAN ANTONIO,22,SANTIAGO DEL ESTERO
loc_17483,17483,SAN CARLOS,22,SANTIAGO DEL ESTERO
loc_17484,17484,SAN FELIPE,22,SANTIAGO DEL ESTERO
loc_17485,17485,SAN FRANCISCO,22,SANTIAGO DEL ESTERO
loc_17486,17486,SAN ISIDRO,22,SANTIAGO DEL ESTERO
loc_17487,17487,SAN JOSE,22,SANTIAGO DEL ESTERO
loc_17488,17488,SAN LUIS,22,SANTIAGO DEL ESTERO
loc_17489,17489,SAN MARTIN,22,SANTIAGO DEL ESTERO
loc_17490,17490,SAN MIGUEL,22,SANTIAGO DEL ESTERO
loc_17491,17491,SAN NICOLAS,22,SANTIAGO DEL ESTERO
loc_17492,17492,SAN PABLO,22,SANTIAGO DEL ESTERO
loc_17493,17493,SAN PEDRO,22,SANTIAGO DEL ESTERO
loc_17494,17494,SAN RAMON,22,SANTIAGO DEL ESTERO
loc_17495,17495,SAN ROQUE,22,SANTIAGO DEL ESTERO
loc_17496,17496,SANTA ELENA,22,SANTIAGO DEL ESTERO
loc_17497,17497,SANTA JUSTINA,22,SANTIAGO DEL ESTERO
loc_17498,17498,SANTA LUCIA,22,SANTIAGO DEL ESTERO
loc_17499,17499,SANTA MARIA,22,SANTIAGO DEL ESTERO
loc_17500,17500,SANTA RITA,22,SANTIAGO DEL ESTERO
loc_17501,17501,SANTA ROSA,22,SANTIAGO DEL ESTERO
loc_17502,17502,SANTO DOMINGO,22,SANTIAGO DEL ESTERO
loc_17503,17503,SEGUNDO POZO,22,SANTIAGO DEL ESTERO
loc_17504,17504,SIMBOLAR,22,SANTIAGO DEL ESTERO
loc_17505,17505,STAYLE,22,SANTIAGO DEL ESTERO
loc_17506,17506,SURIHUAYA,22,SANTIAGO DEL ESTERO
loc_17507,17507,TABEANITA,22,SANTIAGO DEL ESTERO
loc_17508,17508,TABIANA,22,SANTIAGO DEL ESTERO
loc_17509,17509,TACO FURA,22,SANTIAGO DEL ESTERO
loc_17510,17510,TINAJERALOJ,22,SANTIAGO DEL ESTERO
loc_17511,17511,TINTINA,22,SANTIAGO DEL ESTERO
loc_17512,17512,TRES MOJONES,22,SANTIAGO DEL ESTERO
loc_17513,17513,TRES POZOS,22,SANTIAGO DEL ESTERO
loc_17514,17514,TRINIDAD,22,SANTIAGO DEL ESTERO
loc_17515,17515,UTURUNCO,22,SANTIAGO DEL ESTERO
loc_17516,17516,VILLA BRANA,22,SANTIAGO DEL ESTERO
loc_17517,17517,VILLA FANNY,22,SANTIAGO DEL ESTERO
loc_17518,17518,VILLA GUAÑUNA,22,SANTIAGO DEL ESTERO
loc_17519,17519,VILLA MATILDE,22,SANTIAGO DEL ESTERO
loc_17520,17520,VILLA YOLANDA,22,SANTIAGO DEL ESTERO
loc_17521,17521,WEISBURD,22,SANTIAGO DEL ESTERO
loc_17522,17522,ABRITA CHICA,22,SANTIAGO DEL ESTERO
loc_17523,17523,ABRITA GRANDE,22,SANTIAGO DEL ESTERO
loc_17524,17524,ALBARDON,22,SANTIAGO DEL ESTERO
loc_17525,17525,ALBARDON CHUÑA,22,SANTIAGO DEL ESTERO
loc_17526,17526,ANCHANGA,22,SANTIAGO DEL ESTERO
loc_17527,17527,ANCOCHA,22,SANTIAGO DEL ESTERO
loc_17528,17528,ARAGONES,22,SANTIAGO DEL ESTERO
loc_17529,17529,ARBOL SOLO,22,SANTIAGO DEL ESTERO
loc_17530,17530,AYUNCHA,22,SANTIAGO DEL ESTERO
loc_17531,17531,BAJADITA,22,SANTIAGO DEL ESTERO
loc_17533,17533,BREA PUÑUNA,22,SANTIAGO DEL ESTERO
loc_17534,17534,BUENA VISTA,22,SANTIAGO DEL ESTERO
loc_17535,17535,BURRA HUAÑUNA,22,SANTIAGO DEL ESTERO
loc_17536,17536,BURRO POZO,22,SANTIAGO DEL ESTERO
loc_17537,17537,CANCINOS,22,SANTIAGO DEL ESTERO
loc_17538,17538,CANDELARIA,22,SANTIAGO DEL ESTERO
loc_17539,17539,CANEINOS,22,SANTIAGO DEL ESTERO
loc_17541,17541,CARBON POZO,22,SANTIAGO DEL ESTERO
loc_17542,17542,CHAUCHILLAS,22,SANTIAGO DEL ESTERO
loc_17543,17543,CHILCA ALBARDON,22,SANTIAGO DEL ESTERO
loc_17544,17544,CHILCAS LA LOMA,22,SANTIAGO DEL ESTERO
loc_17545,17545,CHILQUITA,22,SANTIAGO DEL ESTERO
loc_17546,17546,CHILQUITAS,22,SANTIAGO DEL ESTERO
loc_17547,17547,CHUIQUI,22,SANTIAGO DEL ESTERO
loc_17548,17548,CHUÑA ALBARDON,22,SANTIAGO DEL ESTERO
loc_17549,17549,CODO,22,SANTIAGO DEL ESTERO
loc_17550,17550,CODO VIEJO,22,SANTIAGO DEL ESTERO
loc_17551,17551,COLLERA HUIRCUNA,22,SANTIAGO DEL ESTERO
loc_17552,17552,COLLERA HUIRI,22,SANTIAGO DEL ESTERO
loc_17553,17553,COROPAMPA,22,SANTIAGO DEL ESTERO
loc_17554,17554,EL CARMEN,22,SANTIAGO DEL ESTERO
loc_17555,17555,EL DEAN,22,SANTIAGO DEL ESTERO
loc_17557,17557,EL PERU,22,SANTIAGO DEL ESTERO
loc_17558,17558,EL REMANSO,22,SANTIAGO DEL ESTERO
loc_17559,17559,ESCALERA,22,SANTIAGO DEL ESTERO
loc_17560,17560,ESPERANZA,22,SANTIAGO DEL ESTERO
loc_17561,17561,ESTACION ATAMISQUI,22,SANTIAGO DEL ESTERO
loc_17562,17562,GUANACO SOMBRIANA,22,SANTIAGO DEL ESTERO
loc_17563,17563,HIGUERILLAS,22,SANTIAGO DEL ESTERO
loc_17564,17564,HORNILLOS,22,SANTIAGO DEL ESTERO
loc_17565,17565,HOYON,22,SANTIAGO DEL ESTERO
loc_17566,17566,HUACHANA,22,SANTIAGO DEL ESTERO
loc_17567,17567,HUAJIA,22,SANTIAGO DEL ESTERO
loc_17568,17568,ISLA DE ARAGONES,22,SANTIAGO DEL ESTERO
loc_17569,17569,ISLA VERDE,22,SANTIAGO DEL ESTERO
loc_17570,17570,JUANILLO,22,SANTIAGO DEL ESTERO
loc_17571,17571,KENTI TACO,22,SANTIAGO DEL ESTERO
loc_17572,17572,KILOMETRO 436,22,SANTIAGO DEL ESTERO
loc_17574,17574,LA DARSENA,22,SANTIAGO DEL ESTERO
loc_17575,17575,LA ESQUINA,22,SANTIAGO DEL ESTERO
loc_17576,17576,LA NORIA,22,SANTIAGO DEL ESTERO
loc_17577,17577,LA PERLITA,22,SANTIAGO DEL ESTERO
loc_17579,17579,LEIVA,22,SANTIAGO DEL ESTERO
loc_17580,17580,LEZCANOS,22,SANTIAGO DEL ESTERO
loc_17581,17581,LOMITAS,22,SANTIAGO DEL ESTERO
loc_17582,17582,LOS ANGELES,22,SANTIAGO DEL ESTERO
loc_17583,17583,LOS MOLLARES,22,SANTIAGO DEL ESTERO
loc_17584,17584,LOS QUIROGA,22,SANTIAGO DEL ESTERO
loc_17585,17585,LOS SAUCES,22,SANTIAGO DEL ESTERO
loc_17586,17586,MANOGASTA,22,SANTIAGO DEL ESTERO
loc_17587,17587,MEDELLIN,22,SANTIAGO DEL ESTERO
loc_17588,17588,MIRANDAS,22,SANTIAGO DEL ESTERO
loc_17589,17589,NEGRA MUERTA,22,SANTIAGO DEL ESTERO
loc_17590,17590,PAAJ MUYO,22,SANTIAGO DEL ESTERO
loc_17591,17591,PAMPALLAJTA,22,SANTIAGO DEL ESTERO
loc_17592,17592,PINEDA,22,SANTIAGO DEL ESTERO
loc_17593,17593,POZO CERCADO,22,SANTIAGO DEL ESTERO
loc_17594,17594,POZO GRANDE,22,SANTIAGO DEL ESTERO
loc_17595,17595,PUEBLITO,22,SANTIAGO DEL ESTERO
loc_17596,17596,PUENTE DEL SALADO,22,SANTIAGO DEL ESTERO
loc_17597,17597,PUESTO DE DIAZ,22,SANTIAGO DEL ESTERO
loc_17599,17599,PUNTA POZO,22,SANTIAGO DEL ESTERO
loc_17600,17600,RAMADITAS,22,SANTIAGO DEL ESTERO
loc_17601,17601,REMANSITO,22,SANTIAGO DEL ESTERO
loc_17602,17602,RODEO DE SORIA,22,SANTIAGO DEL ESTERO
loc_17603,17603,RODEO DE VALDEZ,22,SANTIAGO DEL ESTERO
loc_17604,17604,SALINAS,22,SANTIAGO DEL ESTERO
loc_17605,17605,SAN ANTONIO,22,SANTIAGO DEL ESTERO
loc_17606,17606,SAN ANTONIO DE LOS CACERES,22,SANTIAGO DEL ESTERO
loc_17607,17607,SAN CARLOS,22,SANTIAGO DEL ESTERO
loc_17608,17608,SAN DIONISIO,22,SANTIAGO DEL ESTERO
loc_17609,17609,SAN GREGORIO,22,SANTIAGO DEL ESTERO
loc_17610,17610,SAN ISIDRO,22,SANTIAGO DEL ESTERO
loc_17611,17611,SAN LUIS,22,SANTIAGO DEL ESTERO
loc_17612,17612,SAN MARTIN,22,SANTIAGO DEL ESTERO
loc_17613,17613,SANTA ISABEL,22,SANTIAGO DEL ESTERO
loc_17614,17614,SANTA MARIA,22,SANTIAGO DEL ESTERO
loc_17615,17615,SAUCEN,22,SANTIAGO DEL ESTERO
loc_17616,17616,SAUCIOJ,22,SANTIAGO DEL ESTERO
loc_17617,17617,SAUZAL,22,SANTIAGO DEL ESTERO
loc_17618,17618,SIMBOL POZO,22,SANTIAGO DEL ESTERO
loc_17619,17619,SOCONCHO,22,SANTIAGO DEL ESTERO
loc_17620,17620,SOL DE MAYO,22,SANTIAGO DEL ESTERO
loc_17621,17621,TACO POZO,22,SANTIAGO DEL ESTERO
loc_17622,17622,TIPIRO,22,SANTIAGO DEL ESTERO
loc_17623,17623,TULUM,22,SANTIAGO DEL ESTERO
loc_17624,17624,VENTURA PAMPA,22,SANTIAGO DEL ESTERO
loc_17625,17625,VILLA ATAMISQUI,22,SANTIAGO DEL ESTERO
loc_17626,17626,YACUCHIRI,22,SANTIAGO DEL ESTERO
loc_17627,17627,ALARCON,22,SANTIAGO DEL ESTERO
loc_17628,17628,ARBOL NEGRO,22,SANTIAGO DEL ESTERO
loc_17629,17629,ARGENTINA,22,SANTIAGO DEL ESTERO
loc_17630,17630,AZUCENA,22,SANTIAGO DEL ESTERO
loc_17631,17631,CAMPO RAMON LAPLACE,22,SANTIAGO DEL ESTERO
loc_17632,17632,CAPILLA,22,SANTIAGO DEL ESTERO
loc_17633,17633,CASARES,22,SANTIAGO DEL ESTERO
loc_17634,17634,CHAÑAR SUNICHAJ,22,SANTIAGO DEL ESTERO
loc_17635,17635,CLEVELAND,22,SANTIAGO DEL ESTERO
loc_17636,17636,COLONIA ERMELINDA,22,SANTIAGO DEL ESTERO
loc_17637,17637,COLONIA PAULA,22,SANTIAGO DEL ESTERO
loc_17638,17638,COLONIA SANTA ROSA AGUIRRE,22,SANTIAGO DEL ESTERO
loc_17639,17639,DOÑA LORENZA,22,SANTIAGO DEL ESTERO
loc_17640,17640,EL AIBAL,22,SANTIAGO DEL ESTERO
loc_17641,17641,EL ASPIRANTE,22,SANTIAGO DEL ESTERO
loc_17642,17642,EL DESTINO,22,SANTIAGO DEL ESTERO
loc_17643,17643,EL GALPON,22,SANTIAGO DEL ESTERO
loc_17644,17644,EL OSO,22,SANTIAGO DEL ESTERO
loc_17645,17645,EL SOLITARIO,22,SANTIAGO DEL ESTERO
loc_17646,17646,EL UCLE,22,SANTIAGO DEL ESTERO
loc_17647,17647,FORTIN LA VIUDA,22,SANTIAGO DEL ESTERO
loc_17648,17648,GUARDIA VIEJA,22,SANTIAGO DEL ESTERO
loc_17649,17649,KILOMETRO 735,22,SANTIAGO DEL ESTERO
loc_17650,17650,KILOMETRO 764,22,SANTIAGO DEL ESTERO
loc_17651,17651,LA BLANCA,22,SANTIAGO DEL ESTERO
loc_17652,17652,LA CAROLINA,22,SANTIAGO DEL ESTERO
loc_17653,17653,LA CASIMIRA,22,SANTIAGO DEL ESTERO
loc_17654,17654,LA CENTELLA,22,SANTIAGO DEL ESTERO
loc_17655,17655,LA ESMERALDA,22,SANTIAGO DEL ESTERO
loc_17656,17656,LA RECOMPENSA,22,SANTIAGO DEL ESTERO
loc_17657,17657,LAS ABRAS DE SAN ANTONIO,22,SANTIAGO DEL ESTERO
loc_17658,17658,LAS ALMAS,22,SANTIAGO DEL ESTERO
loc_17659,17659,LAS DELICIAS,22,SANTIAGO DEL ESTERO
loc_17660,17660,LAS PALMAS,22,SANTIAGO DEL ESTERO
loc_17661,17661,LIBERTAD,22,SANTIAGO DEL ESTERO
loc_17662,17662,LOS MILAGROS,22,SANTIAGO DEL ESTERO
loc_17663,17663,MALBRAN,22,SANTIAGO DEL ESTERO
loc_17664,17664,MARAVILLA,22,SANTIAGO DEL ESTERO
loc_17665,17665,MARTIN PASO,22,SANTIAGO DEL ESTERO
loc_17666,17666,MONTE CRECIDO,22,SANTIAGO DEL ESTERO
loc_17667,17667,NUEVA TRINIDAD,22,SANTIAGO DEL ESTERO
loc_17668,17668,PALMAS,22,SANTIAGO DEL ESTERO
loc_17669,17669,PINTO  VILLA GENERAL MITRE,22,SANTIAGO DEL ESTERO
loc_17670,17670,PUNTA DEL GARABATO,22,SANTIAGO DEL ESTERO
loc_17671,17671,PUNTA DEL MONTE,22,SANTIAGO DEL ESTERO
loc_17672,17672,QUEBRACHITOS,22,SANTIAGO DEL ESTERO
loc_17673,17673,SAN AGUSTIN,22,SANTIAGO DEL ESTERO
loc_17674,17674,SAN JOSE,22,SANTIAGO DEL ESTERO
loc_17675,17675,SAN RUFINO,22,SANTIAGO DEL ESTERO
loc_17676,17676,SAN SEBASTIAN,22,SANTIAGO DEL ESTERO
loc_17677,17677,SANTA ANA,22,SANTIAGO DEL ESTERO
loc_17678,17678,TOME Y TRAIGA,22,SANTIAGO DEL ESTERO
loc_17679,17679,TRES LAGUNAS,22,SANTIAGO DEL ESTERO
loc_17680,17680,TRES POZOS,22,SANTIAGO DEL ESTERO
loc_17681,17681,AGUA BLANCA,22,SANTIAGO DEL ESTERO
loc_17682,17682,AGUSTINA LIBARONA,22,SANTIAGO DEL ESTERO
loc_17683,17683,AIBALITO,22,SANTIAGO DEL ESTERO
loc_17684,17684,ALBERDI,22,SANTIAGO DEL ESTERO
loc_17685,17685,BUEN LUGAR,22,SANTIAGO DEL ESTERO
loc_17686,17686,CAMPO ALEGRE,22,SANTIAGO DEL ESTERO
loc_17687,17687,CAMPO GALLO,22,SANTIAGO DEL ESTERO
loc_17688,17688,CAMPO GRANDE,22,SANTIAGO DEL ESTERO
loc_17689,17689,CEJAS,22,SANTIAGO DEL ESTERO
loc_17690,17690,CENTRAL DOLORES,22,SANTIAGO DEL ESTERO
loc_17691,17691,CORONEL MANUEL LEONCIO RICO,22,SANTIAGO DEL ESTERO
loc_17692,17692,CUQUENOS,22,SANTIAGO DEL ESTERO
loc_17693,17693,CUQUERO,22,SANTIAGO DEL ESTERO
loc_17694,17694,DOBLE TERO,22,SANTIAGO DEL ESTERO
loc_17695,17695,DONADEU,22,SANTIAGO DEL ESTERO
loc_17696,17696,DOS EULALIAS,22,SANTIAGO DEL ESTERO
loc_17698,17698,EL CAMBIADO,22,SANTIAGO DEL ESTERO
loc_17699,17699,EL COLMENAR,22,SANTIAGO DEL ESTERO
loc_17700,17700,EL FISCO,22,SANTIAGO DEL ESTERO
loc_17701,17701,EL MILAGRO,22,SANTIAGO DEL ESTERO
loc_17702,17702,EL NOVENTA,22,SANTIAGO DEL ESTERO
loc_17703,17703,EL OLIVAR,22,SANTIAGO DEL ESTERO
loc_17704,17704,EL OSCURO,22,SANTIAGO DEL ESTERO
loc_17705,17705,EL PORVENIR,22,SANTIAGO DEL ESTERO
loc_17706,17706,EL SETENTA,22,SANTIAGO DEL ESTERO
loc_17707,17707,EL SIMBOL,22,SANTIAGO DEL ESTERO
loc_17708,17708,EL SIMBOLAR,22,SANTIAGO DEL ESTERO
loc_17709,17709,EL TRASLADO,22,SANTIAGO DEL ESTERO
loc_17710,17710,ESTANCIA LA AGUSTINA,22,SANTIAGO DEL ESTERO
loc_17711,17711,ESTEROS,22,SANTIAGO DEL ESTERO
loc_17712,17712,FLORIDA,22,SANTIAGO DEL ESTERO
loc_17713,17713,FORTUNA,22,SANTIAGO DEL ESTERO
loc_17714,17714,HUACHANA,22,SANTIAGO DEL ESTERO
loc_17715,17715,KILOMETRO 1362,22,SANTIAGO DEL ESTERO
loc_17716,17716,KILOMETRO 1380,22,SANTIAGO DEL ESTERO
loc_17717,17717,KILOMETRO 1391,22,SANTIAGO DEL ESTERO
loc_17718,17718,KILOMETRO 20,22,SANTIAGO DEL ESTERO
loc_17719,17719,LA AMERICA,22,SANTIAGO DEL ESTERO
loc_17720,17720,LA ARGENTINA,22,SANTIAGO DEL ESTERO
loc_17721,17721,LA ARMONIA,22,SANTIAGO DEL ESTERO
loc_17722,17722,LA FLORIDA,22,SANTIAGO DEL ESTERO
loc_17723,17723,LA FORTUNA,22,SANTIAGO DEL ESTERO
loc_17724,17724,LA MANGA,22,SANTIAGO DEL ESTERO
loc_17725,17725,LA PALOMA,22,SANTIAGO DEL ESTERO
loc_17726,17726,LAS AGUILAS,22,SANTIAGO DEL ESTERO
loc_17727,17727,LAS CARPAS,22,SANTIAGO DEL ESTERO
loc_17728,17728,LAS PALMITAS,22,SANTIAGO DEL ESTERO
loc_17729,17729,LAS PERFORACIONES,22,SANTIAGO DEL ESTERO
loc_17730,17730,LOS CARRIZOS,22,SANTIAGO DEL ESTERO
loc_17731,17731,MAIDANA,22,SANTIAGO DEL ESTERO
loc_17732,17732,MAJANCITO,22,SANTIAGO DEL ESTERO
loc_17733,17733,MOJON,22,SANTIAGO DEL ESTERO
loc_17734,17734,MONTE VERDE,22,SANTIAGO DEL ESTERO
loc_17735,17735,MONTEVIDEO,22,SANTIAGO DEL ESTERO
loc_17736,17736,MORADITO,22,SANTIAGO DEL ESTERO
loc_17737,17737,NARANJITO,22,SANTIAGO DEL ESTERO
loc_17738,17738,NORQUEOJ,22,SANTIAGO DEL ESTERO
loc_17739,17739,NUEVA GRANADA,22,SANTIAGO DEL ESTERO
loc_17740,17740,NUEVO LIBANO,22,SANTIAGO DEL ESTERO
loc_17741,17741,NUEVO LUJAN,22,SANTIAGO DEL ESTERO
loc_17742,17742,OBRAJE IRIONDO,22,SANTIAGO DEL ESTERO
loc_17743,17743,POZO DEL CASTAÑO,22,SANTIAGO DEL ESTERO
loc_17744,17744,POZO GRANDE,22,SANTIAGO DEL ESTERO
loc_17745,17745,POZO LIMPIO,22,SANTIAGO DEL ESTERO
loc_17746,17746,POZO MUERTO,22,SANTIAGO DEL ESTERO
loc_17747,17747,POZO SALADO,22,SANTIAGO DEL ESTERO
loc_17748,17748,PUNTA RIELES,22,SANTIAGO DEL ESTERO
loc_17749,17749,RANCHITOS,22,SANTIAGO DEL ESTERO
loc_17750,17750,RETIRO,22,SANTIAGO DEL ESTERO
loc_17751,17751,RIVADAVIA,22,SANTIAGO DEL ESTERO
loc_17752,17752,SACHAYOJ,22,SANTIAGO DEL ESTERO
loc_17753,17753,SALADILLO,22,SANTIAGO DEL ESTERO
loc_17754,17754,SAN ANTONIO,22,SANTIAGO DEL ESTERO
loc_17755,17755,SAN ENRIQUE,22,SANTIAGO DEL ESTERO
loc_17756,17756,SAN RAMON,22,SANTIAGO DEL ESTERO
loc_17757,17757,SANTA CRUZ,22,SANTIAGO DEL ESTERO
loc_17758,17758,SANTA ROSA,22,SANTIAGO DEL ESTERO
loc_17759,17759,SANTOS LUGARES,22,SANTIAGO DEL ESTERO
loc_17760,17760,SEPULTURA,22,SANTIAGO DEL ESTERO
loc_17761,17761,TACAÑITAS,22,SANTIAGO DEL ESTERO
loc_17762,17762,TACO POZO,22,SANTIAGO DEL ESTERO
loc_17763,17763,TARPUNA,22,SANTIAGO DEL ESTERO
loc_17764,17764,VILLA HAZAN,22,SANTIAGO DEL ESTERO
loc_17765,17765,VILLA PALMAR,22,SANTIAGO DEL ESTERO
loc_17766,17766,YUNTA POZO,22,SANTIAGO DEL ESTERO
loc_17767,17767,ZANJA,22,SANTIAGO DEL ESTERO
loc_17768,17768,AGUAS COLORADAS,22,SANTIAGO DEL ESTERO
loc_17769,17769,ALTO POZO,22,SANTIAGO DEL ESTERO
loc_17770,17770,ARBOLITOS,22,SANTIAGO DEL ESTERO
loc_17771,17771,ARDILES DE LA COSTA,22,SANTIAGO DEL ESTERO
loc_17772,17772,AREAS,22,SANTIAGO DEL ESTERO
loc_17773,17773,ASPA SINCHI,22,SANTIAGO DEL ESTERO
loc_17774,17774,BANDERA BAJADA,22,SANTIAGO DEL ESTERO
loc_17775,17775,BANEGAS,22,SANTIAGO DEL ESTERO
loc_17776,17776,BELTRAN,22,SANTIAGO DEL ESTERO
loc_17777,17777,BLANCA,22,SANTIAGO DEL ESTERO
loc_17778,17778,BUENA VISTA,22,SANTIAGO DEL ESTERO
loc_17779,17779,BUEY MUERTO,22,SANTIAGO DEL ESTERO
loc_17780,17780,CACHI,22,SANTIAGO DEL ESTERO
loc_17781,17781,CAMPO VERDE,22,SANTIAGO DEL ESTERO
loc_17782,17782,CANDELARIA,22,SANTIAGO DEL ESTERO
loc_17783,17783,CASILLA DEL MEDIO,22,SANTIAGO DEL ESTERO
loc_17784,17784,CAVADITO,22,SANTIAGO DEL ESTERO
loc_17785,17785,CAVADO,22,SANTIAGO DEL ESTERO
loc_17786,17786,CHAGUAR PUNCU,22,SANTIAGO DEL ESTERO
loc_17787,17787,COLONIA EL SIMBOLAR,22,SANTIAGO DEL ESTERO
loc_17788,17788,COLONIAS,22,SANTIAGO DEL ESTERO
loc_17789,17789,CORVALANES,22,SANTIAGO DEL ESTERO
loc_17790,17790,DIQUE CHICO,22,SANTIAGO DEL ESTERO
loc_17791,17791,EL AIBAL,22,SANTIAGO DEL ESTERO
loc_17792,17792,EL CEBOLLIN,22,SANTIAGO DEL ESTERO
loc_17793,17793,EL CERCADO,22,SANTIAGO DEL ESTERO
loc_17794,17794,EL CRECE,22,SANTIAGO DEL ESTERO
loc_17795,17795,EL CUELLO,22,SANTIAGO DEL ESTERO
loc_17796,17796,EL OJO DE AGUA,22,SANTIAGO DEL ESTERO
loc_17797,17797,EL PUENTE,22,SANTIAGO DEL ESTERO
loc_17798,17798,EL ROSARIO,22,SANTIAGO DEL ESTERO
loc_17799,17799,EL SALADILLO,22,SANTIAGO DEL ESTERO
loc_17800,17800,EL VIZCACHERAL,22,SANTIAGO DEL ESTERO
loc_17801,17801,FERNANDEZ,22,SANTIAGO DEL ESTERO
loc_17802,17802,GUAYCURU,22,SANTIAGO DEL ESTERO
loc_17803,17803,HIGUERA CHAQUI,22,SANTIAGO DEL ESTERO
loc_17804,17804,INDUSTRIA NUEVA,22,SANTIAGO DEL ESTERO
loc_17805,17805,INGENIERO FORRES,22,SANTIAGO DEL ESTERO
loc_17806,17806,JANTA,22,SANTIAGO DEL ESTERO
loc_17807,17807,JIMENEZ,22,SANTIAGO DEL ESTERO
loc_17808,17808,JUME ESQUINA,22,SANTIAGO DEL ESTERO
loc_17809,17809,KISKA HURMANA,22,SANTIAGO DEL ESTERO
loc_17810,17810,LA BARROSA,22,SANTIAGO DEL ESTERO
loc_17811,17811,LA BOTA,22,SANTIAGO DEL ESTERO
loc_17812,17812,LA CAÑADA,22,SANTIAGO DEL ESTERO
loc_17813,17813,LA COLONIA,22,SANTIAGO DEL ESTERO
loc_17814,17814,LA CRUZ,22,SANTIAGO DEL ESTERO
loc_17815,17815,LA CUARTEADA,22,SANTIAGO DEL ESTERO
loc_17816,17816,LA ESPERANZA,22,SANTIAGO DEL ESTERO
loc_17817,17817,LA FALDA,22,SANTIAGO DEL ESTERO
loc_17818,17818,LA FLORIDA,22,SANTIAGO DEL ESTERO
loc_17819,17819,LA GERMANIA,22,SANTIAGO DEL ESTERO
loc_17820,17820,LA INVERNADA,22,SANTIAGO DEL ESTERO
loc_17821,17821,LA LOMA,22,SANTIAGO DEL ESTERO
loc_17822,17822,LA PAZ,22,SANTIAGO DEL ESTERO
loc_17823,17823,LA PETRONILA,22,SANTIAGO DEL ESTERO
loc_17824,17824,LA PRIMITIVA,22,SANTIAGO DEL ESTERO
loc_17825,17825,LA RAMADA,22,SANTIAGO DEL ESTERO
loc_17826,17826,LA RIVERA,22,SANTIAGO DEL ESTERO
loc_17827,17827,LAS COLINAS,22,SANTIAGO DEL ESTERO
loc_17828,17828,LOMA NEGRA,22,SANTIAGO DEL ESTERO
loc_17829,17829,LOMITAS,22,SANTIAGO DEL ESTERO
loc_17830,17830,LOS ALDERETE,22,SANTIAGO DEL ESTERO
loc_17831,17831,LOS ARIAS,22,SANTIAGO DEL ESTERO
loc_17832,17832,LOS DIAZ,22,SANTIAGO DEL ESTERO
loc_17833,17833,LOS DOCE QUEBRACHOS,22,SANTIAGO DEL ESTERO
loc_17834,17834,LOS GALLARDOS,22,SANTIAGO DEL ESTERO
loc_17835,17835,LOS GUERREROS,22,SANTIAGO DEL ESTERO
loc_17836,17836,LOS HERREROS,22,SANTIAGO DEL ESTERO
loc_17837,17837,LOS PEREYRA,22,SANTIAGO DEL ESTERO
loc_17838,17838,LOS PUESTOS,22,SANTIAGO DEL ESTERO
loc_17839,17839,LOS PUNTOS,22,SANTIAGO DEL ESTERO
loc_17840,17840,MACO,22,SANTIAGO DEL ESTERO
loc_17841,17841,MADERAS,22,SANTIAGO DEL ESTERO
loc_17842,17842,MARIA DELICIA,22,SANTIAGO DEL ESTERO
loc_17843,17843,MILI,22,SANTIAGO DEL ESTERO
loc_17844,17844,MIRCA,22,SANTIAGO DEL ESTERO
loc_17845,17845,MORCILLO,22,SANTIAGO DEL ESTERO
loc_17846,17846,MORELLO,22,SANTIAGO DEL ESTERO
loc_17847,17847,NUEVA INDUSTRIA,22,SANTIAGO DEL ESTERO
loc_17848,17848,PALERMO,22,SANTIAGO DEL ESTERO
loc_17849,17849,PAMPA MUYOJ,22,SANTIAGO DEL ESTERO
loc_17850,17850,POZO VERDE,22,SANTIAGO DEL ESTERO
loc_17851,17851,PUMITAYOJ,22,SANTIAGO DEL ESTERO
loc_17852,17852,QUEBRACHO YACU,22,SANTIAGO DEL ESTERO
loc_17853,17853,QUISHCA,22,SANTIAGO DEL ESTERO
loc_17854,17854,QUITA PUNCO,22,SANTIAGO DEL ESTERO
loc_17855,17855,REMANSITO,22,SANTIAGO DEL ESTERO
loc_17856,17856,RIO DE GALLO,22,SANTIAGO DEL ESTERO
loc_17857,17857,RIVADAVIA,22,SANTIAGO DEL ESTERO
loc_17858,17858,ROMANOS,22,SANTIAGO DEL ESTERO
loc_17859,17859,SAINQUEN PUNCO,22,SANTIAGO DEL ESTERO
loc_17860,17860,SAN ANDRES,22,SANTIAGO DEL ESTERO
loc_17861,17861,SAN CAYETANO,22,SANTIAGO DEL ESTERO
loc_17862,17862,SAN GUILLERMO,22,SANTIAGO DEL ESTERO
loc_17863,17863,SAN IGNACIO,22,SANTIAGO DEL ESTERO
loc_17864,17864,SAN JAVIER,22,SANTIAGO DEL ESTERO
loc_17865,17865,SAN LORENZO,22,SANTIAGO DEL ESTERO
loc_17866,17866,SAN MARTIN,22,SANTIAGO DEL ESTERO
loc_17867,17867,SAN PASCUAL,22,SANTIAGO DEL ESTERO
loc_17868,17868,SAN RAMON,22,SANTIAGO DEL ESTERO
loc_17869,17869,SAN ROQUE,22,SANTIAGO DEL ESTERO
loc_17870,17870,SAN SALVADOR,22,SANTIAGO DEL ESTERO
loc_17871,17871,SAN VICENTE,22,SANTIAGO DEL ESTERO
loc_17872,17872,SANTA CRUZ,22,SANTIAGO DEL ESTERO
loc_17873,17873,SANTA INES,22,SANTIAGO DEL ESTERO
loc_17874,17874,SANTA RITA,22,SANTIAGO DEL ESTERO
loc_17875,17875,SANTA ROSA,22,SANTIAGO DEL ESTERO
loc_17876,17876,SANTO DOMINGO ROBLES,22,SANTIAGO DEL ESTERO
loc_17877,17877,SARMIENTO,22,SANTIAGO DEL ESTERO
loc_17878,17878,SEPULTURAS,22,SANTIAGO DEL ESTERO
loc_17879,17879,SURI POZO,22,SANTIAGO DEL ESTERO
loc_17880,17880,TABLADA DEL BOQUERON,22,SANTIAGO DEL ESTERO
loc_17881,17881,TACO PUJIO,22,SANTIAGO DEL ESTERO
loc_17882,17882,TAPERAS,22,SANTIAGO DEL ESTERO
loc_17883,17883,TOTORILLA NUEVO,22,SANTIAGO DEL ESTERO
loc_17884,17884,TRAMO VEINTISEIS,22,SANTIAGO DEL ESTERO
loc_17885,17885,TRANCAS,22,SANTIAGO DEL ESTERO
loc_17886,17886,TRES CHAÑARES,22,SANTIAGO DEL ESTERO
loc_17887,17887,TURENA,22,SANTIAGO DEL ESTERO
loc_17888,17888,TUSCA BAJADA,22,SANTIAGO DEL ESTERO
loc_17890,17890,VILA ISLA,22,SANTIAGO DEL ESTERO
loc_17891,17891,VILLA HIPOLITA,22,SANTIAGO DEL ESTERO
loc_17892,17892,VILLA ROBLES,22,SANTIAGO DEL ESTERO
loc_17893,17893,VILMER,22,SANTIAGO DEL ESTERO
loc_17894,17894,YANTA,22,SANTIAGO DEL ESTERO
loc_17895,17895,YASO,22,SANTIAGO DEL ESTERO
loc_17896,17896,3 DE MARZO,22,SANTIAGO DEL ESTERO
loc_17897,17897,AGUA DULCE,22,SANTIAGO DEL ESTERO
loc_17898,17898,AÑATUYA,22,SANTIAGO DEL ESTERO
loc_17899,17899,AVERIAS,22,SANTIAGO DEL ESTERO
loc_17900,17900,BARRIO LA LEÑERA,22,SANTIAGO DEL ESTERO
loc_17901,17901,BARRIO VILLA FERNANDEZ,22,SANTIAGO DEL ESTERO
loc_17902,17902,BINAL ESQUINA,22,SANTIAGO DEL ESTERO
loc_17903,17903,CORONEL BARROS,22,SANTIAGO DEL ESTERO
loc_17904,17904,EL MALACARA,22,SANTIAGO DEL ESTERO
loc_17905,17905,EL MATACO,22,SANTIAGO DEL ESTERO
loc_17906,17906,EL TOBIANO,22,SANTIAGO DEL ESTERO
loc_17907,17907,GUALAMBA,22,SANTIAGO DEL ESTERO
loc_17908,17908,KILOMETRO 433,22,SANTIAGO DEL ESTERO
loc_17909,17909,KILOMETRO 443 TABOADA,22,SANTIAGO DEL ESTERO
loc_17910,17910,KILOMETRO 450,22,SANTIAGO DEL ESTERO
loc_17911,17911,KILOMETRO 454,22,SANTIAGO DEL ESTERO
loc_17912,17912,KILOMETRO 477,22,SANTIAGO DEL ESTERO
loc_17913,17913,KILOMETRO 515,22,SANTIAGO DEL ESTERO
loc_17914,17914,LA BALANZA,22,SANTIAGO DEL ESTERO
loc_17915,17915,LA ENCALADA,22,SANTIAGO DEL ESTERO
loc_17916,17916,LA ESMERALDA,22,SANTIAGO DEL ESTERO
loc_17917,17917,LA ESTANCIA,22,SANTIAGO DEL ESTERO
loc_17918,17918,LA NENA,22,SANTIAGO DEL ESTERO
loc_17919,17919,LA SIMONA,22,SANTIAGO DEL ESTERO
loc_17920,17920,LAS FLORES,22,SANTIAGO DEL ESTERO
loc_17921,17921,LOS JURIES,22,SANTIAGO DEL ESTERO
loc_17922,17922,LOS LINARES,22,SANTIAGO DEL ESTERO
loc_17923,17923,LOS POCITOS,22,SANTIAGO DEL ESTERO
loc_17924,17924,LOTE 15,22,SANTIAGO DEL ESTERO
loc_17925,17925,LOTE 27 ESCUELA 286,22,SANTIAGO DEL ESTERO
loc_17926,17926,LOTE 42,22,SANTIAGO DEL ESTERO
loc_17927,17927,MIEL DE PALO,22,SANTIAGO DEL ESTERO
loc_17928,17928,OBRAJE MAILIN,22,SANTIAGO DEL ESTERO
loc_17929,17929,POZO HERRERA,22,SANTIAGO DEL ESTERO
loc_17930,17930,PUNI TAJO,22,SANTIAGO DEL ESTERO
loc_17931,17931,SANAVIRONES,22,SANTIAGO DEL ESTERO
loc_17932,17932,SANTA ANA,22,SANTIAGO DEL ESTERO
loc_17933,17933,SIMBOL BAJO,22,SANTIAGO DEL ESTERO
loc_17934,17934,SUNCHO POZO,22,SANTIAGO DEL ESTERO
loc_17935,17935,TACAÑITAS,22,SANTIAGO DEL ESTERO
loc_17936,17936,TINAP JERAYOJ,22,SANTIAGO DEL ESTERO
loc_17937,17937,TOMAS YOUNG,22,SANTIAGO DEL ESTERO
loc_17938,17938,TRES POZOS,22,SANTIAGO DEL ESTERO
loc_17939,17939,VEINTIOCHO DE MARZO,22,SANTIAGO DEL ESTERO
loc_17940,17940,VILLA ABREGU,22,SANTIAGO DEL ESTERO
loc_17941,17941,ANIMAS,22,SANTIAGO DEL ESTERO
loc_17943,17943,ARBOLITOS,22,SANTIAGO DEL ESTERO
loc_17944,17944,ARENALES,22,SANTIAGO DEL ESTERO
loc_17945,17945,BAJO HONDO,22,SANTIAGO DEL ESTERO
loc_17946,17946,BELLA VISTA,22,SANTIAGO DEL ESTERO
loc_17947,17947,BLANCO POZO,22,SANTIAGO DEL ESTERO
loc_17948,17948,BOCA DEL TIGRE,22,SANTIAGO DEL ESTERO
loc_17949,17949,CACHICO,22,SANTIAGO DEL ESTERO
loc_17950,17950,CEJA POZO,22,SANTIAGO DEL ESTERO
loc_17951,17951,CHARCO VIEJO,22,SANTIAGO DEL ESTERO
loc_17952,17952,DON BARTOLO,22,SANTIAGO DEL ESTERO
loc_17953,17953,EA LA VERDE,22,SANTIAGO DEL ESTERO
loc_17954,17954,EL AÑIL,22,SANTIAGO DEL ESTERO
loc_17955,17955,EL ARENAL,22,SANTIAGO DEL ESTERO
loc_17956,17956,EL BAGUAL,22,SANTIAGO DEL ESTERO
loc_17957,17957,EL BOBADAL,22,SANTIAGO DEL ESTERO
loc_17958,17958,EL CAMBIADO,22,SANTIAGO DEL ESTERO
loc_17959,17959,EL CHARCO,22,SANTIAGO DEL ESTERO
loc_17960,17960,EL CHURQUI,22,SANTIAGO DEL ESTERO
loc_17961,17961,EL FISCO DE FATIMA,22,SANTIAGO DEL ESTERO
loc_17962,17962,EL GRAMILLAR,22,SANTIAGO DEL ESTERO
loc_17963,17963,EL GUAYACAN,22,SANTIAGO DEL ESTERO
loc_17964,17964,EL MOLAR,22,SANTIAGO DEL ESTERO
loc_17965,17965,EL PALOMAR,22,SANTIAGO DEL ESTERO
loc_17966,17966,EL PARANA,22,SANTIAGO DEL ESTERO
loc_17967,17967,EL RINCON,22,SANTIAGO DEL ESTERO
loc_17968,17968,ENSENADA,22,SANTIAGO DEL ESTERO
loc_17969,17969,GASPAR SUAREZ,22,SANTIAGO DEL ESTERO
loc_17970,17970,GRAMILLA,22,SANTIAGO DEL ESTERO
loc_17971,17971,HUMAITA,22,SANTIAGO DEL ESTERO
loc_17972,17972,HUTURUNGO,22,SANTIAGO DEL ESTERO
loc_17973,17973,ISCA YACU,22,SANTIAGO DEL ESTERO
loc_17974,17974,ISCA YACU SEMAUL,22,SANTIAGO DEL ESTERO
loc_17975,17975,ISLA MOTA,22,SANTIAGO DEL ESTERO
loc_17976,17976,LA ESPERANZA,22,SANTIAGO DEL ESTERO
loc_17977,17977,LA FORTUNA,22,SANTIAGO DEL ESTERO
loc_17978,17978,LA MARAVILLA,22,SANTIAGO DEL ESTERO
loc_17979,17979,LA MELADA,22,SANTIAGO DEL ESTERO
loc_17980,17980,LAS ABRAS,22,SANTIAGO DEL ESTERO
loc_17981,17981,LAS CEJAS,22,SANTIAGO DEL ESTERO
loc_17982,17982,LAS ORELLANAS,22,SANTIAGO DEL ESTERO
loc_17983,17983,LAS TIGRERAS,22,SANTIAGO DEL ESTERO
loc_17984,17984,LOS QUEBRACHOS,22,SANTIAGO DEL ESTERO
loc_17985,17985,LOS RALOS,22,SANTIAGO DEL ESTERO
loc_17986,17986,LOS ROBLES,22,SANTIAGO DEL ESTERO
loc_17987,17987,MONTE POTRERO,22,SANTIAGO DEL ESTERO
loc_17988,17988,PIEDRA BUENA,22,SANTIAGO DEL ESTERO
loc_17989,17989,POLEO POZO,22,SANTIAGO DEL ESTERO
loc_17990,17990,POZO HONDO,22,SANTIAGO DEL ESTERO
loc_17991,17991,POZO LERDO,22,SANTIAGO DEL ESTERO
loc_17992,17992,POZO LINDO,22,SANTIAGO DEL ESTERO
loc_17993,17993,PUERTA GRANDE,22,SANTIAGO DEL ESTERO
loc_17994,17994,RETIRO,22,SANTIAGO DEL ESTERO
loc_17995,17995,SAN FELIX,22,SANTIAGO DEL ESTERO
loc_17996,17996,SAN GREGORIO,22,SANTIAGO DEL ESTERO
loc_17997,17997,SAN JAVIER,22,SANTIAGO DEL ESTERO
loc_17998,17998,SAN PEDRO,22,SANTIAGO DEL ESTERO
loc_17999,17999,SANTO DOMINGO,22,SANTIAGO DEL ESTERO
loc_18000,18000,SUNCHO PUJIO,22,SANTIAGO DEL ESTERO
loc_18001,18001,SUPERINTENDENTE LEDESMA,22,SANTIAGO DEL ESTERO
loc_18002,18002,TACANAS,22,SANTIAGO DEL ESTERO
loc_18003,18003,TENENE,22,SANTIAGO DEL ESTERO
loc_18004,18004,TORO POZO,22,SANTIAGO DEL ESTERO
loc_18005,18005,TRES CRUCES,22,SANTIAGO DEL ESTERO
loc_18006,18006,TRES FLORES,22,SANTIAGO DEL ESTERO
loc_18007,18007,TUNALES,22,SANTIAGO DEL ESTERO
loc_18008,18008,TUSCA POZO,22,SANTIAGO DEL ESTERO
loc_18009,18009,UCLAR,22,SANTIAGO DEL ESTERO
loc_18010,18010,UTRUNJOS,22,SANTIAGO DEL ESTERO
loc_18011,18011,VITEACA,22,SANTIAGO DEL ESTERO
loc_18012,18012,ANCA,22,SANTIAGO DEL ESTERO
loc_18013,18013,ANGA,22,SANTIAGO DEL ESTERO
loc_18014,18014,BARRANCAS,22,SANTIAGO DEL ESTERO
loc_18015,18015,BORDO PAMPA,22,SANTIAGO DEL ESTERO
loc_18016,18016,CAÑAS PASO,22,SANTIAGO DEL ESTERO
loc_18017,18017,CARDAJAL,22,SANTIAGO DEL ESTERO
loc_18018,18018,CERRILLOS,22,SANTIAGO DEL ESTERO
loc_18019,18019,CHAÑAR POZO,22,SANTIAGO DEL ESTERO
loc_18020,18020,CHILCA JULIANA,22,SANTIAGO DEL ESTERO
loc_18021,18021,CHILENO,22,SANTIAGO DEL ESTERO
loc_18022,18022,CHIRA,22,SANTIAGO DEL ESTERO
loc_18023,18023,EL CINCUENTA,22,SANTIAGO DEL ESTERO
loc_18024,18024,EL PUEBLITO,22,SANTIAGO DEL ESTERO
loc_18025,18025,GUERRA,22,SANTIAGO DEL ESTERO
loc_18026,18026,HUTCU CHACRA,22,SANTIAGO DEL ESTERO
loc_18027,18027,KILOMETRO 390,22,SANTIAGO DEL ESTERO
loc_18028,18028,LA GOLONDRINA,22,SANTIAGO DEL ESTERO
loc_18029,18029,LA GRINGA,22,SANTIAGO DEL ESTERO
loc_18030,18030,LA GRITERIA,22,SANTIAGO DEL ESTERO
loc_18031,18031,LA PALIZA,22,SANTIAGO DEL ESTERO
loc_18032,18032,LA PALOMA,22,SANTIAGO DEL ESTERO
loc_18033,18033,LA PAMPA,22,SANTIAGO DEL ESTERO
loc_18034,18034,LA PROTEGIDA,22,SANTIAGO DEL ESTERO
loc_18035,18035,LA PUERTA DEL MONTE,22,SANTIAGO DEL ESTERO
loc_18036,18036,LAS LOMAS,22,SANTIAGO DEL ESTERO
loc_18037,18037,LECHUZAS,22,SANTIAGO DEL ESTERO
loc_18038,18038,LOMA BLANCA,22,SANTIAGO DEL ESTERO
loc_18039,18039,LOS CAÑOS,22,SANTIAGO DEL ESTERO
loc_18040,18040,LOS CERRILLOS,22,SANTIAGO DEL ESTERO
loc_18041,18041,LOS TELARES,22,SANTIAGO DEL ESTERO
loc_18042,18042,MAL PASO,22,SANTIAGO DEL ESTERO
loc_18043,18043,MALOTA,22,SANTIAGO DEL ESTERO
loc_18044,18044,MANCHIN,22,SANTIAGO DEL ESTERO
loc_18045,18045,MISTOL POZO,22,SANTIAGO DEL ESTERO
loc_18046,18046,NAVARRO,22,SANTIAGO DEL ESTERO
loc_18047,18047,ORATORIO,22,SANTIAGO DEL ESTERO
loc_18048,18048,PALO A PIQUE,22,SANTIAGO DEL ESTERO
loc_18049,18049,PASO DE OSCARES,22,SANTIAGO DEL ESTERO
loc_18050,18050,PASO DEL SALADILLO,22,SANTIAGO DEL ESTERO
loc_18051,18051,PERALTA,22,SANTIAGO DEL ESTERO
loc_18052,18052,POLVAREDA,22,SANTIAGO DEL ESTERO
loc_18053,18053,PORTALIS,22,SANTIAGO DEL ESTERO
loc_18054,18054,POZO DEL MONTE,22,SANTIAGO DEL ESTERO
loc_18055,18055,PUENTE DEL SALADILLO,22,SANTIAGO DEL ESTERO
loc_18056,18056,PUERTA DEL MONTE,22,SANTIAGO DEL ESTERO
loc_18057,18057,PUESTO DEL MEDIO,22,SANTIAGO DEL ESTERO
loc_18058,18058,QUIMILI PASO,22,SANTIAGO DEL ESTERO
loc_18059,18059,RAMADITA,22,SANTIAGO DEL ESTERO
loc_18060,18060,RAMI YACU,22,SANTIAGO DEL ESTERO
loc_18061,18061,REMANSOS,22,SANTIAGO DEL ESTERO
loc_18062,18062,RUMI JACO,22,SANTIAGO DEL ESTERO
loc_18063,18063,SABAGASTA,22,SANTIAGO DEL ESTERO
loc_18064,18064,SALADILLO,22,SANTIAGO DEL ESTERO
loc_18065,18065,SAN FERNANDO,22,SANTIAGO DEL ESTERO
loc_18066,18066,SAN NICOLAS,22,SANTIAGO DEL ESTERO
loc_18067,18067,SANTA BRIGIDA,22,SANTIAGO DEL ESTERO
loc_18068,18068,SANTA LUCIA,22,SANTIAGO DEL ESTERO
loc_18069,18069,SANTA MARIA,22,SANTIAGO DEL ESTERO
loc_18070,18070,TACO ISLA,22,SANTIAGO DEL ESTERO
loc_18071,18071,TACO TOTARAYOL,22,SANTIAGO DEL ESTERO
loc_18072,18072,TAGAN,22,SANTIAGO DEL ESTERO
loc_18073,18073,TIO ALTO,22,SANTIAGO DEL ESTERO
loc_18074,18074,TOLOZAS,22,SANTIAGO DEL ESTERO
loc_18075,18075,TOROPAN,22,SANTIAGO DEL ESTERO
loc_18076,18076,TOTORA,22,SANTIAGO DEL ESTERO
loc_18077,18077,TRONCAL,22,SANTIAGO DEL ESTERO
loc_18078,18078,VACA HUMAN,22,SANTIAGO DEL ESTERO
loc_18079,18079,VARAS CUCHUNA,22,SANTIAGO DEL ESTERO
loc_18080,18080,VERON,22,SANTIAGO DEL ESTERO
loc_18081,18081,VILLA SALAVINA,22,SANTIAGO DEL ESTERO
loc_18082,18082,YACU HURMANA,22,SANTIAGO DEL ESTERO
loc_18083,18083,9 DE JULIO,22,SANTIAGO DEL ESTERO
loc_18084,18084,AGUA BLANCA,22,SANTIAGO DEL ESTERO
loc_18085,18085,AGUA CALIENTE,22,SANTIAGO DEL ESTERO
loc_18086,18086,AGUA TURBIA,22,SANTIAGO DEL ESTERO
loc_18087,18087,AGUADITA,22,SANTIAGO DEL ESTERO
loc_18088,18088,AHI VEREMOS,22,SANTIAGO DEL ESTERO
loc_18089,18089,ALGARROBO,22,SANTIAGO DEL ESTERO
loc_18090,18090,ALPAPUCA,22,SANTIAGO DEL ESTERO
loc_18091,18091,AMBARGASTA,22,SANTIAGO DEL ESTERO
loc_18092,18092,AMIMAN,22,SANTIAGO DEL ESTERO
loc_18093,18093,AMOLADERAS,22,SANTIAGO DEL ESTERO
loc_18094,18094,ANCOCHE,22,SANTIAGO DEL ESTERO
loc_18095,18095,ANTUCO,22,SANTIAGO DEL ESTERO
loc_18096,18096,ARBOLITOS,22,SANTIAGO DEL ESTERO
loc_18097,18097,BAEZ,22,SANTIAGO DEL ESTERO
loc_18098,18098,BAJO LAS PIEDRAS,22,SANTIAGO DEL ESTERO
loc_18099,18099,BALBUENA,22,SANTIAGO DEL ESTERO
loc_18100,18100,BARRIALITO,22,SANTIAGO DEL ESTERO
loc_18101,18101,BUENA ESPERANZA,22,SANTIAGO DEL ESTERO
loc_18102,18102,BUENA VISTA,22,SANTIAGO DEL ESTERO
loc_18103,18103,CAJON,22,SANTIAGO DEL ESTERO
loc_18104,18104,CALERAS,22,SANTIAGO DEL ESTERO
loc_18105,18105,CAMPO ALEGRE,22,SANTIAGO DEL ESTERO
loc_18106,18106,CAMPO RICO,22,SANTIAGO DEL ESTERO
loc_18107,18107,CANTAMAMPA,22,SANTIAGO DEL ESTERO
loc_18109,18109,CARANCHI YACO,22,SANTIAGO DEL ESTERO
loc_18110,18110,CARRERA VIEJA,22,SANTIAGO DEL ESTERO
loc_18111,18111,CERRITO,22,SANTIAGO DEL ESTERO
loc_18112,18112,CHACRAS,22,SANTIAGO DEL ESTERO
loc_18114,18114,CHAÑARES ALTOS,22,SANTIAGO DEL ESTERO
loc_18115,18115,CHAÑARITOS,22,SANTIAGO DEL ESTERO
loc_18117,18117,CHUCHI,22,SANTIAGO DEL ESTERO
loc_18118,18118,COLONIA MERCEDES,22,SANTIAGO DEL ESTERO
loc_18119,18119,CORRAL DE CARCOS,22,SANTIAGO DEL ESTERO
loc_18120,18120,CORRAL DEL REY,22,SANTIAGO DEL ESTERO
loc_18121,18121,CORRALITO,22,SANTIAGO DEL ESTERO
loc_18122,18122,CORTADERAS,22,SANTIAGO DEL ESTERO
loc_18123,18123,CUCHI CORRAL,22,SANTIAGO DEL ESTERO
loc_18124,18124,EL ABRA,22,SANTIAGO DEL ESTERO
loc_18125,18125,EL AGUILA,22,SANTIAGO DEL ESTERO
loc_18126,18126,EL ALGARROBO,22,SANTIAGO DEL ESTERO
loc_18127,18127,EL ARBOL DE PIEDRA,22,SANTIAGO DEL ESTERO
loc_18128,18128,EL ARBOLITO,22,SANTIAGO DEL ESTERO
loc_18129,18129,EL BAJO,22,SANTIAGO DEL ESTERO
loc_18130,18130,EL BARRIAL,22,SANTIAGO DEL ESTERO
loc_18131,18131,EL BORDITO,22,SANTIAGO DEL ESTERO
loc_18132,18132,EL CACHI,22,SANTIAGO DEL ESTERO
loc_18133,18133,EL CAJON,22,SANTIAGO DEL ESTERO
loc_18134,18134,EL CARMEN,22,SANTIAGO DEL ESTERO
loc_18135,18135,EL CERRO,22,SANTIAGO DEL ESTERO
loc_18136,18136,EL CUARENTA Y NUEVE,22,SANTIAGO DEL ESTERO
loc_18137,18137,EL DIAMANTE,22,SANTIAGO DEL ESTERO
loc_18138,18138,EL DIVISADERO,22,SANTIAGO DEL ESTERO
loc_18139,18139,EL FUERTE,22,SANTIAGO DEL ESTERO
loc_18140,18140,EL JUME,22,SANTIAGO DEL ESTERO
loc_18141,18141,EL PILAR,22,SANTIAGO DEL ESTERO
loc_18142,18142,EL PORVENIR,22,SANTIAGO DEL ESTERO
loc_18143,18143,EL PUESTO,22,SANTIAGO DEL ESTERO
loc_18144,18144,EL RETIRO,22,SANTIAGO DEL ESTERO
loc_18145,18145,EL RODEO,22,SANTIAGO DEL ESTERO
loc_18146,18146,EL SAUCE,22,SANTIAGO DEL ESTERO
loc_18147,18147,EL SEGUNDO,22,SANTIAGO DEL ESTERO
loc_18148,18148,EL UNCO,22,SANTIAGO DEL ESTERO
loc_18149,18149,EL VIÑALITO,22,SANTIAGO DEL ESTERO
loc_18150,18150,ESPERANZA,22,SANTIAGO DEL ESTERO
loc_18151,18151,ESPINILLO,22,SANTIAGO DEL ESTERO
loc_18152,18152,FIVIALTOS,22,SANTIAGO DEL ESTERO
loc_18153,18153,GIBIALTO,22,SANTIAGO DEL ESTERO
loc_18154,18154,GRAMILLAL,22,SANTIAGO DEL ESTERO
loc_18155,18155,GUARDIA DE LA ESQUINA,22,SANTIAGO DEL ESTERO
loc_18156,18156,HILUMAMPA,22,SANTIAGO DEL ESTERO
loc_18157,18157,HORCOS TUCUCUNA,22,SANTIAGO DEL ESTERO
loc_18158,18158,HUASCAN,22,SANTIAGO DEL ESTERO
loc_18159,18159,INTI HUASI,22,SANTIAGO DEL ESTERO
loc_18160,18160,JACIMAMPA,22,SANTIAGO DEL ESTERO
loc_18161,18161,JUME,22,SANTIAGO DEL ESTERO
loc_18162,18162,KILOMETRO 301,22,SANTIAGO DEL ESTERO
loc_18163,18163,KILOMETRO 49,22,SANTIAGO DEL ESTERO
loc_18164,18164,LA ABRA,22,SANTIAGO DEL ESTERO
loc_18165,18165,LA AGUADITA,22,SANTIAGO DEL ESTERO
loc_18166,18166,LA ARGENTINA,22,SANTIAGO DEL ESTERO
loc_18167,18167,LA CALERA,22,SANTIAGO DEL ESTERO
loc_18168,18168,LA CAÑADA,22,SANTIAGO DEL ESTERO
loc_18169,18169,LA CAPILLA,22,SANTIAGO DEL ESTERO
loc_18170,18170,LA CHILCA,22,SANTIAGO DEL ESTERO
loc_18171,18171,LA CLEMIRA,22,SANTIAGO DEL ESTERO
loc_18172,18172,LA CRUZ,22,SANTIAGO DEL ESTERO
loc_18173,18173,LA CUESTA,22,SANTIAGO DEL ESTERO
loc_18174,18174,LA ESPERANZA,22,SANTIAGO DEL ESTERO
loc_18175,18175,LA FLORIDA,22,SANTIAGO DEL ESTERO
loc_18176,18176,LA GRANA,22,SANTIAGO DEL ESTERO
loc_18177,18177,LA GRANADA,22,SANTIAGO DEL ESTERO
loc_18178,18178,LA ISLA,22,SANTIAGO DEL ESTERO
loc_18179,18179,LA PALMA,22,SANTIAGO DEL ESTERO
loc_18180,18180,LA PAMPA,22,SANTIAGO DEL ESTERO
loc_18181,18181,LA PINTADA,22,SANTIAGO DEL ESTERO
loc_18182,18182,LA PRIMAVERA,22,SANTIAGO DEL ESTERO
loc_18183,18183,LA PUERTA,22,SANTIAGO DEL ESTERO
loc_18184,18184,LA RESBALOSA,22,SANTIAGO DEL ESTERO
loc_18185,18185,LA RINCONADA,22,SANTIAGO DEL ESTERO
loc_18186,18186,LA SELVA,22,SANTIAGO DEL ESTERO
loc_18187,18187,LA SOLEDAD,22,SANTIAGO DEL ESTERO
loc_18188,18188,LA TOTORILLA,22,SANTIAGO DEL ESTERO
loc_18189,18189,LA TRAMPA,22,SANTIAGO DEL ESTERO
loc_18190,18190,LA TUSCA,22,SANTIAGO DEL ESTERO
loc_18191,18191,LA VERDE,22,SANTIAGO DEL ESTERO
loc_18192,18192,LAGUNA DEL SUNCHO,22,SANTIAGO DEL ESTERO
loc_18193,18193,LAGUNITAS,22,SANTIAGO DEL ESTERO
loc_18194,18194,LAS AGUILAS,22,SANTIAGO DEL ESTERO
loc_18195,18195,LAS CAÑAS,22,SANTIAGO DEL ESTERO
loc_18196,18196,LAS CHACRAS,22,SANTIAGO DEL ESTERO
loc_18197,18197,LAS CIENAGAS,22,SANTIAGO DEL ESTERO
loc_18198,18198,LAS COLONIAS,22,SANTIAGO DEL ESTERO
loc_18199,18199,LAS CRUCES,22,SANTIAGO DEL ESTERO
loc_18200,18200,LAS FLORES,22,SANTIAGO DEL ESTERO
loc_18201,18201,LAS HORQUETAS,22,SANTIAGO DEL ESTERO
loc_18202,18202,LAS LOMAS,22,SANTIAGO DEL ESTERO
loc_18204,18204,LAS PARVAS,22,SANTIAGO DEL ESTERO
loc_18205,18205,LAS ROSAS,22,SANTIAGO DEL ESTERO
loc_18206,18206,LAS TALAS,22,SANTIAGO DEL ESTERO
loc_18207,18207,LESCANO,22,SANTIAGO DEL ESTERO
loc_18208,18208,LLAMA PAMPA,22,SANTIAGO DEL ESTERO
loc_18209,18209,LOMA COLORADA,22,SANTIAGO DEL ESTERO
loc_18210,18210,LOMITAS,22,SANTIAGO DEL ESTERO
loc_18211,18211,LOMITAS BLANCAS,22,SANTIAGO DEL ESTERO
loc_18212,18212,LOS ALGARROBOS,22,SANTIAGO DEL ESTERO
loc_18213,18213,LOS ARBOLITOS,22,SANTIAGO DEL ESTERO
loc_18214,18214,LOS CHAÑARES,22,SANTIAGO DEL ESTERO
loc_18215,18215,LOS CRUCES,22,SANTIAGO DEL ESTERO
loc_18216,18216,LOS MOLLES,22,SANTIAGO DEL ESTERO
loc_18217,18217,LOS PAREDONES,22,SANTIAGO DEL ESTERO
loc_18218,18218,LOS POZOS,22,SANTIAGO DEL ESTERO
loc_18219,18219,LOS REMANSOS,22,SANTIAGO DEL ESTERO
loc_18220,18220,LOS SUNCHOS,22,SANTIAGO DEL ESTERO
loc_18221,18221,MANCHIN,22,SANTIAGO DEL ESTERO
loc_18222,18222,MANFLOA,22,SANTIAGO DEL ESTERO
loc_18223,18223,MILAGRO,22,SANTIAGO DEL ESTERO
loc_18224,18224,MIRAMONTE,22,SANTIAGO DEL ESTERO
loc_18225,18225,MISTOL LOMA,22,SANTIAGO DEL ESTERO
loc_18226,18226,MISTOLES,22,SANTIAGO DEL ESTERO
loc_18227,18227,MOLLE POZO,22,SANTIAGO DEL ESTERO
loc_18228,18228,MOLLES,22,SANTIAGO DEL ESTERO
loc_18229,18229,MONTE VERDE,22,SANTIAGO DEL ESTERO
loc_18230,18230,NARANJITOS,22,SANTIAGO DEL ESTERO
loc_18231,18231,NEGRA MUERTA,22,SANTIAGO DEL ESTERO
loc_18233,18233,ONCAN,22,SANTIAGO DEL ESTERO
loc_18234,18234,PALERMO,22,SANTIAGO DEL ESTERO
loc_18235,18235,PAMPA GRANDE,22,SANTIAGO DEL ESTERO
loc_18236,18236,PARADA KILOMETRO 101,22,SANTIAGO DEL ESTERO
loc_18237,18237,PASO REDUCIDO,22,SANTIAGO DEL ESTERO
loc_18238,18238,PIEDRA BLANCA,22,SANTIAGO DEL ESTERO
loc_18239,18239,PORTEZUELO,22,SANTIAGO DEL ESTERO
loc_18240,18240,POZO CABADO,22,SANTIAGO DEL ESTERO
loc_18241,18241,POZO DEL ALGARROBO,22,SANTIAGO DEL ESTERO
loc_18242,18242,POZO DEL CHAÑAR,22,SANTIAGO DEL ESTERO
loc_18243,18243,POZO DEL GARABATO,22,SANTIAGO DEL ESTERO
loc_18244,18244,POZO DEL MACHO,22,SANTIAGO DEL ESTERO
loc_18245,18245,POZO ESCONDIDO,22,SANTIAGO DEL ESTERO
loc_18246,18246,POZO GRANDE,22,SANTIAGO DEL ESTERO
loc_18247,18247,POZO REDONDO,22,SANTIAGO DEL ESTERO
loc_18248,18248,PRIMAVERA,22,SANTIAGO DEL ESTERO
loc_18249,18249,PROGRESO DE JUME,22,SANTIAGO DEL ESTERO
loc_18250,18250,PUERTA DE LOS RIOS,22,SANTIAGO DEL ESTERO
loc_18251,18251,PUESTO,22,SANTIAGO DEL ESTERO
loc_18252,18252,PUESTO DE ARRIBA,22,SANTIAGO DEL ESTERO
loc_18253,18253,PUESTO DEL MEDIO,22,SANTIAGO DEL ESTERO
loc_18254,18254,PUNTA DEL AGUA,22,SANTIAGO DEL ESTERO
loc_18255,18255,QUEBRACHAL,22,SANTIAGO DEL ESTERO
loc_18256,18256,QUEBRACHITO,22,SANTIAGO DEL ESTERO
loc_18257,18257,QUENTI TACO,22,SANTIAGO DEL ESTERO
loc_18258,18258,REMANSO,22,SANTIAGO DEL ESTERO
loc_18259,18259,RETIRO,22,SANTIAGO DEL ESTERO
loc_18260,18260,REY VIEJO,22,SANTIAGO DEL ESTERO
loc_18261,18261,RINCON,22,SANTIAGO DEL ESTERO
loc_18262,18262,RIO SALADILLO,22,SANTIAGO DEL ESTERO
loc_18263,18263,ROSADA,22,SANTIAGO DEL ESTERO
loc_18264,18264,RUMI HUASI,22,SANTIAGO DEL ESTERO
loc_18265,18265,SALINAS,22,SANTIAGO DEL ESTERO
loc_18266,18266,SAN ANDRES,22,SANTIAGO DEL ESTERO
loc_18267,18267,SAN FRANCISCO,22,SANTIAGO DEL ESTERO
loc_18268,18268,SAN IGNACIO,22,SANTIAGO DEL ESTERO
loc_18269,18269,SAN IGNACIO P BLANCA,22,SANTIAGO DEL ESTERO
loc_18270,18270,SAN ISIDRO,22,SANTIAGO DEL ESTERO
loc_18271,18271,SAN JAVIER,22,SANTIAGO DEL ESTERO
loc_18272,18272,SAN JORGE,22,SANTIAGO DEL ESTERO
loc_18273,18273,SAN JUAN,22,SANTIAGO DEL ESTERO
loc_18274,18274,SAN LORENZO,22,SANTIAGO DEL ESTERO
loc_18275,18275,SAN LUIS,22,SANTIAGO DEL ESTERO
loc_18277,18277,SAN PEDRO KILOMETRO 49,22,SANTIAGO DEL ESTERO
loc_18278,18278,SAN RAMON,22,SANTIAGO DEL ESTERO
loc_18279,18279,SANTA ANA,22,SANTIAGO DEL ESTERO
loc_18280,18280,SANTA ELENA,22,SANTIAGO DEL ESTERO
loc_18281,18281,SANTA MARIA,22,SANTIAGO DEL ESTERO
loc_18282,18282,SANTA ROSA,22,SANTIAGO DEL ESTERO
loc_18283,18283,SANTO DOMINGO,22,SANTIAGO DEL ESTERO
loc_18284,18284,SANTO DOMINGO CHICO,22,SANTIAGO DEL ESTERO
loc_18285,18285,SIMBOLAR,22,SANTIAGO DEL ESTERO
loc_18286,18286,SOL DE JULIO,22,SANTIAGO DEL ESTERO
loc_18287,18287,SOLEDAD,22,SANTIAGO DEL ESTERO
loc_18288,18288,SURI POZO,22,SANTIAGO DEL ESTERO
loc_18289,18289,TACO MISQUI,22,SANTIAGO DEL ESTERO
loc_18290,18290,TALA YACU,22,SANTIAGO DEL ESTERO
loc_18291,18291,TIGRE MUERTO,22,SANTIAGO DEL ESTERO
loc_18292,18292,VILLA OJO DE AGUA,22,SANTIAGO DEL ESTERO
loc_18293,18293,WIÑANO,22,SANTIAGO DEL ESTERO
loc_18294,18294,YLUMAMPA,22,SANTIAGO DEL ESTERO
loc_18295,18295,YUMAMPA,22,SANTIAGO DEL ESTERO
loc_18296,18296,ANCHORIGA,22,SANTIAGO DEL ESTERO
loc_18297,18297,ASPA SINCHI,22,SANTIAGO DEL ESTERO
loc_18298,18298,ATOJ POZO,22,SANTIAGO DEL ESTERO
loc_18299,18299,BARRANCA COLORADA,22,SANTIAGO DEL ESTERO
loc_18300,18300,BARRANCAS,22,SANTIAGO DEL ESTERO
loc_18301,18301,BARRIAL ALTO,22,SANTIAGO DEL ESTERO
loc_18302,18302,BOQUERON,22,SANTIAGO DEL ESTERO
loc_18303,18303,BREA POZO,22,SANTIAGO DEL ESTERO
loc_18304,18304,BREA POZO VIEJO,22,SANTIAGO DEL ESTERO
loc_18305,18305,CAZADORES,22,SANTIAGO DEL ESTERO
loc_18306,18306,CHARQUINA,22,SANTIAGO DEL ESTERO
loc_18307,18307,CHILPA MAYO,22,SANTIAGO DEL ESTERO
loc_18308,18308,COLONIA PINTO,22,SANTIAGO DEL ESTERO
loc_18309,18309,CORASPINO,22,SANTIAGO DEL ESTERO
loc_18310,18310,DIASPA,22,SANTIAGO DEL ESTERO
loc_18311,18311,EL BAJO,22,SANTIAGO DEL ESTERO
loc_18312,18312,EL DORADO,22,SANTIAGO DEL ESTERO
loc_18313,18313,EL PUENTE,22,SANTIAGO DEL ESTERO
loc_18314,18314,GALLEGOS,22,SANTIAGO DEL ESTERO
loc_18315,18315,GARCEANO,22,SANTIAGO DEL ESTERO
loc_18316,18316,ISLA VERDE,22,SANTIAGO DEL ESTERO
loc_18317,18317,KILOMETRO 437,22,SANTIAGO DEL ESTERO
loc_18318,18318,KILOMETRO 473,22,SANTIAGO DEL ESTERO
loc_18319,18319,LA BLANCA,22,SANTIAGO DEL ESTERO
loc_18320,18320,LA CAÑADA,22,SANTIAGO DEL ESTERO
loc_18321,18321,LA HIGUERA,22,SANTIAGO DEL ESTERO
loc_18322,18322,LAGUNA BLANCA,22,SANTIAGO DEL ESTERO
loc_18323,18323,LINTON,22,SANTIAGO DEL ESTERO
loc_18324,18324,MAJADAS,22,SANTIAGO DEL ESTERO
loc_18325,18325,MAJADAS SUD,22,SANTIAGO DEL ESTERO
loc_18326,18326,PAMPA ATUN,22,SANTIAGO DEL ESTERO
loc_18327,18327,PENAL PROVINCIAL,22,SANTIAGO DEL ESTERO
loc_18328,18328,PERCHIL BAJO,22,SANTIAGO DEL ESTERO
loc_18329,18329,POZO MORO,22,SANTIAGO DEL ESTERO
loc_18330,18330,POZO MOSOJ,22,SANTIAGO DEL ESTERO
loc_18331,18331,PUESTITO,22,SANTIAGO DEL ESTERO
loc_18332,18332,PUESTO DEL ROSARIO,22,SANTIAGO DEL ESTERO
loc_18333,18333,REMEDIOS DE ESCALADA,22,SANTIAGO DEL ESTERO
loc_18334,18334,ROBLES,22,SANTIAGO DEL ESTERO
loc_18335,18335,SAN JOSE,22,SANTIAGO DEL ESTERO
loc_18336,18336,SUNCHO POZO,22,SANTIAGO DEL ESTERO
loc_18337,18337,TABOADA ESTACION,22,SANTIAGO DEL ESTERO
loc_18338,18338,TACO HUACO,22,SANTIAGO DEL ESTERO
loc_18339,18339,TACOYOJ,22,SANTIAGO DEL ESTERO
loc_18340,18340,TALA POZO,22,SANTIAGO DEL ESTERO
loc_18341,18341,TIO CHACRA,22,SANTIAGO DEL ESTERO
loc_18342,18342,TRES JAZMINES,22,SANTIAGO DEL ESTERO
loc_18343,18343,TULUN,22,SANTIAGO DEL ESTERO
loc_18344,18344,VILLA ELENA,22,SANTIAGO DEL ESTERO
loc_18345,18345,VILLA NUEVA,22,SANTIAGO DEL ESTERO
loc_18346,18346,YACANO,22,SANTIAGO DEL ESTERO
loc_18347,18347,ATREUCO,15,NEUQUÉN
loc_18348,18348,AUCA PAN,15,NEUQUÉN
loc_18349,18349,CERRO DE LOS PINOS,15,NEUQUÉN
loc_18350,18350,CHACOYAL,15,NEUQUÉN
loc_18351,18351,CHIUQUILLIHUIN,15,NEUQUÉN
loc_18352,18352,COLLUN CO,15,NEUQUÉN
loc_18354,18354,HUECHULAFQUEN,15,NEUQUÉN
loc_18355,18355,JUNIN DE LOS ANDES,15,NEUQUÉN
loc_18356,18356,LA ATALAYA,15,NEUQUÉN
loc_18357,18357,LA RINCONADA,15,NEUQUÉN
loc_18358,18358,LA UNION,15,NEUQUÉN
loc_18359,18359,LUBECA,15,NEUQUÉN
loc_18360,18360,MAMUL MALAL,15,NEUQUÉN
loc_18361,18361,NAHUEL MAPE,15,NEUQUÉN
loc_18362,18362,PALITUE,15,NEUQUÉN
loc_18363,18363,PAMPA DEL MALLEO,15,NEUQUÉN
loc_18364,18364,PASO DE SAN IGNACIO,15,NEUQUÉN
loc_18365,18365,PIEDRA MALA,15,NEUQUÉN
loc_18366,18366,QUILA QUEHUE,15,NEUQUÉN
loc_18367,18367,QUILQUIHUE,15,NEUQUÉN
loc_18368,18368,SAN JUAN JUNIN DE LOS ANDES,15,NEUQUÉN
loc_18369,18369,TRES PICOS,15,NEUQUÉN
loc_18370,18370,TROMEN,15,NEUQUÉN
loc_18371,18371,ARROYITO,15,NEUQUÉN
loc_18372,18372,ARROYITO CHALLACO,15,NEUQUÉN
loc_18373,18373,BALSA SENILLOSA,15,NEUQUÉN
loc_18374,18374,CAMPAMENTO SOL,15,NEUQUÉN
loc_18375,18375,CENTENARIO,15,NEUQUÉN
loc_18376,18376,CHALLACO,15,NEUQUÉN
loc_18377,18377,CHINA MUERTA,15,NEUQUÉN
loc_18378,18378,CUTRAL CO,15,NEUQUÉN
loc_18379,18379,LAS PERLAS,15,NEUQUÉN
loc_18380,18380,LOMA DE LA LATA,15,NEUQUÉN
loc_18381,18381,MARI MENUCO,15,NEUQUÉN
loc_18382,18382,NEUQUEN,15,NEUQUÉN
loc_18383,18383,PLANICIE BANDERITA,15,NEUQUÉN
loc_18384,18384,PLAZA HUINCUL,15,NEUQUÉN
loc_18385,18385,PLOTTIER,15,NEUQUÉN
loc_18386,18386,PORTEZUELO GRANDE,15,NEUQUÉN
loc_18387,18387,PUEBLO NUEVO,15,NEUQUÉN
loc_18388,18388,RINCON DE EMILIO,15,NEUQUÉN
loc_18389,18389,SAUZAL BONITO,15,NEUQUÉN
loc_18390,18390,SENILLOSA,15,NEUQUÉN
loc_18391,18391,VILLA EL CHOCON,15,NEUQUÉN
loc_18392,18392,VISTA ALEGRE NORTE,15,NEUQUÉN
loc_18393,18393,VISTA ALEGRE SUR,15,NEUQUÉN
loc_18394,18394,CERRO DEL LEON,15,NEUQUÉN
loc_18395,18395,EL SAUCE,15,NEUQUÉN
loc_18396,18396,LIMAY CENTRO,15,NEUQUÉN
loc_18397,18397,LOS SAUCES,15,NEUQUÉN
loc_18398,18398,PANTANITOS,15,NEUQUÉN
loc_18399,18399,PASO AGUERRE,15,NEUQUÉN
loc_18400,18400,PICUN LEUFU,15,NEUQUÉN
loc_18401,18401,AGUADA FLORENCIO,15,NEUQUÉN
loc_18402,18402,BAJADA DEL MARUCHO,15,NEUQUÉN
loc_18403,18403,CAICHIHUE,15,NEUQUÉN
loc_18406,18406,CATAN LIL,15,NEUQUÉN
loc_18407,18407,CERRO GATO,15,NEUQUÉN
loc_18408,18408,CHACAYCO,15,NEUQUÉN
loc_18409,18409,CHARAHUILLA,15,NEUQUÉN
loc_18410,18410,EL OVERO,15,NEUQUÉN
loc_18411,18411,EL SALITRAL,15,NEUQUÉN
loc_18412,18412,ESPINAZO DEL ZORRO,15,NEUQUÉN
loc_18413,18413,FORTIN 1 DE MAYO,15,NEUQUÉN
loc_18414,18414,LA NEGRA,15,NEUQUÉN
loc_18415,18415,LA PICAZA,15,NEUQUÉN
loc_18416,18416,LAJA,15,NEUQUÉN
loc_18417,18417,LAPA,15,NEUQUÉN
loc_18418,18418,LAPACHAL,15,NEUQUÉN
loc_18419,18419,LAS COLORADAS,15,NEUQUÉN
loc_18420,18420,LAS CORTADERAS,15,NEUQUÉN
loc_18421,18421,LOS RODILLOS,15,NEUQUÉN
loc_18422,18422,MALLIN DE LAS YEGUAS,15,NEUQUÉN
loc_18423,18423,MEDIA LUNA,15,NEUQUÉN
loc_18424,18424,OJO DE AGUA,15,NEUQUÉN
loc_18425,18425,PASO CATA TUN,15,NEUQUÉN
loc_18426,18426,PILO LIL,15,NEUQUÉN
loc_18427,18427,QUININELIU,15,NEUQUÉN
loc_18428,18428,SANTA ISABEL,15,NEUQUÉN
loc_18429,18429,ZINGONE Y CIA M,15,NEUQUÉN
loc_18430,18430,ZULEMITA,15,NEUQUÉN
loc_18431,18431,BARRANCAS,15,NEUQUÉN
loc_18432,18432,BUTA CO,15,NEUQUÉN
loc_18433,18433,BUTA RANQUIL,15,NEUQUÉN
loc_18434,18434,CURA CO,15,NEUQUÉN
loc_18435,18435,EL PORTON,15,NEUQUÉN
loc_18436,18436,HUANTRAICO,15,NEUQUÉN
loc_18437,18437,HUITRIN,15,NEUQUÉN
loc_18438,18438,LAS CHACRAS,15,NEUQUÉN
loc_18440,18440,MINA CARRASCOSA,15,NEUQUÉN
loc_18441,18441,OCTAVIO PICO,15,NEUQUÉN
loc_18442,18442,PAMPA DE TRIL,15,NEUQUÉN
loc_18443,18443,PASO BARDA,15,NEUQUÉN
loc_18444,18444,PUESTO HERNANDEZ  BATERIAS,15,NEUQUÉN
loc_18445,18445,RANQUIL VEGA,15,NEUQUÉN
loc_18446,18446,RINCON DE LOS SAUCES,15,NEUQUÉN
loc_18447,18447,RIO BARRANCAS,15,NEUQUÉN
loc_18448,18448,SAN EDUARDO,15,NEUQUÉN
loc_18449,18449,TRILI,15,NEUQUÉN
loc_18450,18450,AGUAS DE LAS MULAS,15,NEUQUÉN
loc_18451,18451,ARROYO RANQUILCO,15,NEUQUÉN
loc_18452,18452,CAJON DE ALMAZA,15,NEUQUÉN
loc_18453,18453,CAJON DE MANZANO,15,NEUQUÉN
loc_18454,18454,CERRO DE LA PARVA,15,NEUQUÉN
loc_18455,18455,CHORRIACA,15,NEUQUÉN
loc_18456,18456,COIHUECO,15,NEUQUÉN
loc_18457,18457,COSTA DEL ARROYO SALADO,15,NEUQUÉN
loc_18458,18458,EL PERALITO,15,NEUQUÉN
loc_18459,18459,EL PINO ANDINO,15,NEUQUÉN
loc_18460,18460,EL SALADO,15,NEUQUÉN
loc_18461,18461,FRANHUCURA,15,NEUQUÉN
loc_18462,18462,HUALCUPEN,15,NEUQUÉN
loc_18463,18463,HUARENCHENQUE,15,NEUQUÉN
loc_18464,18464,HUNCAL,15,NEUQUÉN
loc_18465,18465,LA ARGENTINA,15,NEUQUÉN
loc_18466,18466,LONCOPUE,15,NEUQUÉN
loc_18467,18467,MALLIN DEL TORO,15,NEUQUÉN
loc_18468,18468,MULICHINCO,15,NEUQUÉN
loc_18469,18469,PAMPA DEL SALADO,15,NEUQUÉN
loc_18470,18470,QUINTUCO,15,NEUQUÉN
loc_18471,18471,SANTA ISABEL,15,NEUQUÉN
loc_18472,18472,TRAHUNCURA,15,NEUQUÉN
loc_18473,18473,AGRIO BALSA,15,NEUQUÉN
loc_18474,18474,ARROYO CAHUNCO,15,NEUQUÉN
loc_18475,18475,BAJADA DEL AGRIO,15,NEUQUÉN
loc_18476,18476,BALNEARIO DEL RIO AGRIO,15,NEUQUÉN
loc_18477,18477,BALSA DEL RIO AGRIO,15,NEUQUÉN
loc_18478,18478,CAJON DEL TORO,15,NEUQUÉN
loc_18479,18479,CALIHUE,15,NEUQUÉN
loc_18480,18480,CARRERI,15,NEUQUÉN
loc_18481,18481,CERRO COLORADO,15,NEUQUÉN
loc_18482,18482,CERRO DE LA GRASA,15,NEUQUÉN
loc_18483,18483,CHACAY,15,NEUQUÉN
loc_18484,18484,COCHICO,15,NEUQUÉN
loc_18485,18485,CODIHUE,15,NEUQUÉN
loc_18486,18486,COLI MALAL,15,NEUQUÉN
loc_18487,18487,CONFLUENCIA DEL AGUIJON,15,NEUQUÉN
loc_18488,18488,CORRAL DE PIEDRA,15,NEUQUÉN
loc_18489,18489,CUCHILLO CURA,15,NEUQUÉN
loc_18490,18490,EL ATRAVESADO,15,NEUQUÉN
loc_18491,18491,EL ESCORIAL,15,NEUQUÉN
loc_18492,18492,EL PALAO,15,NEUQUÉN
loc_18493,18493,HAICHOL,15,NEUQUÉN
loc_18494,18494,HUILLILON,15,NEUQUÉN
loc_18495,18495,LA BUITRERA,15,NEUQUÉN
loc_18497,18497,LA VERDAD,15,NEUQUÉN
loc_18498,18498,LAS LAJAS,15,NEUQUÉN
loc_18499,18499,LAS LAJITAS,15,NEUQUÉN
loc_18500,18500,LAS TOSCAS,15,NEUQUÉN
loc_18501,18501,LAS TRES LAGUNAS,15,NEUQUÉN
loc_18502,18502,LIU CULLIN,15,NEUQUÉN
loc_18503,18503,LLAMUCO,15,NEUQUÉN
loc_18504,18504,LOS GALPONES,15,NEUQUÉN
loc_18505,18505,MALLIN BLANCO,15,NEUQUÉN
loc_18506,18506,MALLIN CHILENO,15,NEUQUÉN
loc_18507,18507,MALLIN DE LA CUEVA,15,NEUQUÉN
loc_18508,18508,MALLIN DE LOS CABALLOS,15,NEUQUÉN
loc_18509,18509,MALLIN DE MENA,15,NEUQUÉN
loc_18510,18510,MALLIN DEL RUBIO,15,NEUQUÉN
loc_18511,18511,MALLIN QUEMADO,15,NEUQUÉN
loc_18512,18512,PASO ANCHO,15,NEUQUÉN
loc_18513,18513,PICHE PONON,15,NEUQUÉN
loc_18514,18514,PIEDRAS BAYAS,15,NEUQUÉN
loc_18515,18515,PILMATUE,15,NEUQUÉN
loc_18516,18516,PINO HACHADO,15,NEUQUÉN
loc_18517,18517,PINO SOLO,15,NEUQUÉN
loc_18518,18518,PORTADA COVUNCO,15,NEUQUÉN
loc_18519,18519,POZO HUALICHES,15,NEUQUÉN
loc_18520,18520,PRIMEROS PINOS,15,NEUQUÉN
loc_18521,18521,QUEBRADA HONDA,15,NEUQUÉN
loc_18522,18522,QUILI MALAL,15,NEUQUÉN
loc_18523,18523,RAMICHAL,15,NEUQUÉN
loc_18524,18524,RIO AGRIO,15,NEUQUÉN
loc_18525,18525,SALQUICO,15,NEUQUÉN
loc_18526,18526,SAN DEMETRIO,15,NEUQUÉN
loc_18527,18527,VACA MUERTA,15,NEUQUÉN
loc_18528,18528,BUENA ESPERANZA,15,NEUQUÉN
loc_18529,18529,CALEUFU,15,NEUQUÉN
loc_18530,18530,CAMINERA,15,NEUQUÉN
loc_18531,18531,CHACABUCO,15,NEUQUÉN
loc_18532,18532,CHAPELCO,15,NEUQUÉN
loc_18533,18533,CHIMEHUIN,15,NEUQUÉN
loc_18534,18534,EL CERRITO,15,NEUQUÉN
loc_18535,18535,EL OASIS,15,NEUQUÉN
loc_18536,18536,EL PORVENIR,15,NEUQUÉN
loc_18537,18537,FILO HUA HUM,15,NEUQUÉN
loc_18538,18538,GENTE GRANDE,15,NEUQUÉN
loc_18539,18539,HUA HUM,15,NEUQUÉN
loc_18540,18540,LA FORTUNA,15,NEUQUÉN
loc_18541,18541,LAGO LOLOG,15,NEUQUÉN
loc_18542,18542,LAS BANDURRIAS,15,NEUQUÉN
loc_18543,18543,LASCAR,15,NEUQUÉN
loc_18544,18544,LOLOG,15,NEUQUÉN
loc_18545,18545,QUEMQUEMTREU,15,NEUQUÉN
loc_18546,18546,QUENTRENQUEN,15,NEUQUÉN
loc_18547,18547,QUILA QUINA,15,NEUQUÉN
loc_18548,18548,QUINQUIMITREO,15,NEUQUÉN
loc_18549,18549,QUITA QUINA,15,NEUQUÉN
loc_18550,18550,SAN MARTIN DE LOS ANDES,15,NEUQUÉN
loc_18551,18551,TIPILIUKE,15,NEUQUÉN
loc_18552,18552,TROMPUL,15,NEUQUÉN
loc_18553,18553,VILLA LAGO MELIQUINA,15,NEUQUÉN
loc_18554,18554,VILLA RAUR,15,NEUQUÉN
loc_18555,18555,AGUADA SAN ROQUE,15,NEUQUÉN
loc_18556,18556,AÑELO,15,NEUQUÉN
loc_18557,18557,AUCA MAHUIDA,15,NEUQUÉN
loc_18558,18558,LOS CHIHUIDOS,15,NEUQUÉN
loc_18559,18559,LOS CHINITOS,15,NEUQUÉN
loc_18560,18560,PUNTA DE SIERRA,15,NEUQUÉN
loc_18561,18561,SAN PATRICIO DE CHAÑAR,15,NEUQUÉN
loc_18562,18562,TRATAYEN,15,NEUQUÉN
loc_18563,18563,ACHICO,15,NEUQUÉN
loc_18564,18564,ALIANZA,15,NEUQUÉN
loc_18565,18565,ALICURA,15,NEUQUÉN
loc_18566,18566,BAJADA COLORADA,15,NEUQUÉN
loc_18567,18567,CARRAN CURA,15,NEUQUÉN
loc_18568,18568,CARRI LAUQUEN,15,NEUQUÉN
loc_18569,18569,CHICHIGUAY,15,NEUQUÉN
loc_18570,18570,CHINCHINA,15,NEUQUÉN
loc_18571,18571,COLLON CURA,15,NEUQUÉN
loc_18572,18572,COSTA LIMAY,15,NEUQUÉN
loc_18573,18573,LA PINTADA,15,NEUQUÉN
loc_18574,18574,LA TERESA,15,NEUQUÉN
loc_18575,18575,LAS MERCEDES,15,NEUQUÉN
loc_18576,18576,NOGUEIRA,15,NEUQUÉN
loc_18577,18577,PAMPA COLLON CURA,15,NEUQUÉN
loc_18579,18579,PIEDRA DEL AGUILA,15,NEUQUÉN
loc_18580,18580,PIEDRA PINTADA,15,NEUQUÉN
loc_18581,18581,SAN BERNARDO,15,NEUQUÉN
loc_18582,18582,SAN IGNACIO,15,NEUQUÉN
loc_18583,18583,SANTA ISABEL,15,NEUQUÉN
loc_18584,18584,SANTO TOMAS,15,NEUQUÉN
loc_18586,18586,VILLA RINCON CHICO,15,NEUQUÉN
loc_18587,18587,ZAINA YEGUA,15,NEUQUÉN
loc_18588,18588,BUTA MALLIN,15,NEUQUÉN
loc_18589,18589,CAJON DE LOS PATOS,15,NEUQUÉN
loc_18590,18590,CAVIAHUE,15,NEUQUÉN
loc_18591,18591,CHENQUECURA,15,NEUQUÉN
loc_18592,18592,CHOCHOY MALLIN,15,NEUQUÉN
loc_18593,18593,COLIPILI,15,NEUQUÉN
loc_18594,18594,COPAHUE,15,NEUQUÉN
loc_18595,18595,EL BOSQUE,15,NEUQUÉN
loc_18596,18596,EL CHOLAR,15,NEUQUÉN
loc_18597,18597,EL HUECU,15,NEUQUÉN
loc_18598,18598,HAYCU,15,NEUQUÉN
loc_18599,18599,NALAY CULLIN,15,NEUQUÉN
loc_18600,18600,NAU NAUCO,15,NEUQUÉN
loc_18602,18602,PICHAIHUE,15,NEUQUÉN
loc_18603,18603,PICHI NEUQUEN,15,NEUQUÉN
loc_18604,18604,RANQUELES,15,NEUQUÉN
loc_18605,18605,RANQUILCO,15,NEUQUÉN
loc_18606,18606,RANQUILON,15,NEUQUÉN
loc_18607,18607,RICHOIQUE,15,NEUQUÉN
loc_18608,18608,TAQUIMILAN,15,NEUQUÉN
loc_18609,18609,TAQUIMILLAN ABAJO,15,NEUQUÉN
loc_18610,18610,TRALAITUE,15,NEUQUÉN
loc_18611,18611,TRES CHORROS,15,NEUQUÉN
loc_18612,18612,VILU MALLIN,15,NEUQUÉN
loc_18613,18613,BAJADA DE LOS MOLLES,15,NEUQUÉN
loc_18614,18614,BARDA ANGUIL,15,NEUQUÉN
loc_18615,18615,BARDA NEGRA,15,NEUQUÉN
loc_18616,18616,COVUNCO,15,NEUQUÉN
loc_18617,18617,COVUNCO ABAJO,15,NEUQUÉN
loc_18618,18618,COVUNCO ARRIBA,15,NEUQUÉN
loc_18619,18619,COVUNCO CENTRO,15,NEUQUÉN
loc_18620,18620,EL TROPEZON,15,NEUQUÉN
loc_18622,18622,HUECHAHUE,15,NEUQUÉN
loc_18623,18623,LA FRIA,15,NEUQUÉN
loc_18624,18624,LA ISABEL,15,NEUQUÉN
loc_18625,18625,LA PATAGONIA,15,NEUQUÉN
loc_18626,18626,LA PATRIA,15,NEUQUÉN
loc_18627,18627,LA POCHOLA,15,NEUQUÉN
loc_18628,18628,LA SUSANA,15,NEUQUÉN
loc_18629,18629,LA TERESA,15,NEUQUÉN
loc_18630,18630,LAGUNA BLANCA,15,NEUQUÉN
loc_18631,18631,LAGUNA MIRANDA,15,NEUQUÉN
loc_18632,18632,LAS BARDITAS,15,NEUQUÉN
loc_18633,18633,LOS CATUTOS,15,NEUQUÉN
loc_18634,18634,LOS MUCHACHOS,15,NEUQUÉN
loc_18635,18635,MARIANO MORENO,15,NEUQUÉN
loc_18637,18637,OJO DE AGUA,15,NEUQUÉN
loc_18638,18638,PASO DE LOS INDIOS,15,NEUQUÉN
loc_18639,18639,PUENTE PICUN LEUFU,15,NEUQUÉN
loc_18640,18640,RAMON M CASTRO,15,NEUQUÉN
loc_18641,18641,SANTO DOMINGO,15,NEUQUÉN
loc_18642,18642,TAQUI NILEU,15,NEUQUÉN
loc_18643,18643,TRES PIEDRAS,15,NEUQUÉN
loc_18644,18644,ZAPALA,15,NEUQUÉN
loc_18645,18645,CAMINERA TRAFUL,15,NEUQUÉN
loc_18646,18646,CORRENTOSO,15,NEUQUÉN
loc_18647,18647,CULLIN MANZANO,15,NEUQUÉN
loc_18648,18648,EL ARBOLITO,15,NEUQUÉN
loc_18649,18649,EL MACHETE,15,NEUQUÉN
loc_18650,18650,EL MANZANO,15,NEUQUÉN
loc_18651,18651,ESTANCIA LA PRIMAVERA,15,NEUQUÉN
loc_18652,18652,ESTANCIA NEWBERY,15,NEUQUÉN
loc_18653,18653,ESTANCIA TEQUEL MALAL,15,NEUQUÉN
loc_18654,18654,HUINCA LU,15,NEUQUÉN
loc_18655,18655,ISLA VICTORIA,15,NEUQUÉN
loc_18656,18656,LA ARAUCARIA,15,NEUQUÉN
loc_18657,18657,LA ESTACADA,15,NEUQUÉN
loc_18658,18658,LA LIPELA,15,NEUQUÉN
loc_18659,18659,NAHUEL HUAPI,15,NEUQUÉN
loc_18660,18660,PASO COIHUE,15,NEUQUÉN
loc_18661,18661,PENINSULA HUEMUL,15,NEUQUÉN
loc_18662,18662,PUERTO ANCHORENA,15,NEUQUÉN
loc_18663,18663,PUERTO MANZANO,15,NEUQUÉN
loc_18664,18664,RINCON CHICO,15,NEUQUÉN
loc_18665,18665,RINCON GRANDE,15,NEUQUÉN
loc_18666,18666,SANTA MARIA,15,NEUQUÉN
loc_18667,18667,VILLA LA ANGOSTURA,15,NEUQUÉN
loc_18668,18668,VILLA TRAFUL,15,NEUQUÉN
loc_18669,18669,ALUMINE,15,NEUQUÉN
loc_18670,18670,ARROYO QUILLEN,15,NEUQUÉN
loc_18671,18671,CARRI LIL,15,NEUQUÉN
loc_18672,18672,CHANQUIL QUILLA,15,NEUQUÉN
loc_18673,18673,EL DORMIDO,15,NEUQUÉN
loc_18674,18674,EL GATO,15,NEUQUÉN
loc_18675,18675,HARAS PATRIA,15,NEUQUÉN
loc_18676,18676,KILCA CASA,15,NEUQUÉN
loc_18677,18677,LA ANGOSTURA DE ICALMA,15,NEUQUÉN
loc_18678,18678,LA ARBOLEDA,15,NEUQUÉN
loc_18679,18679,LA OFELIA,15,NEUQUÉN
loc_18681,18681,LAGO PULMARI,15,NEUQUÉN
loc_18682,18682,LAGOTERA,15,NEUQUÉN
loc_18683,18683,LITRAN,15,NEUQUÉN
loc_18684,18684,LONCO LUAN,15,NEUQUÉN
loc_18685,18685,LONCO MULA,15,NEUQUÉN
loc_18686,18686,MALALCO,15,NEUQUÉN
loc_18687,18687,MOQUEHUE,15,NEUQUÉN
loc_18688,18688,PAMPA DE LONCO LUAN,15,NEUQUÉN
loc_18689,18689,QUILCA,15,NEUQUÉN
loc_18690,18690,QUILLEN,15,NEUQUÉN
loc_18691,18691,RAHUE,15,NEUQUÉN
loc_18692,18692,RUCA CHOROY ARRIBA,15,NEUQUÉN
loc_18693,18693,SAINUCO,15,NEUQUÉN
loc_18694,18694,SAN JUAN RAHUE,15,NEUQUÉN
loc_18695,18695,VILLA PEHUENIA,15,NEUQUÉN
loc_18696,18696,AGUADA CHACAY CO,15,NEUQUÉN
loc_18697,18697,ANQUINCO,15,NEUQUÉN
loc_18698,18698,ARROYO BLANCO,15,NEUQUÉN
loc_18699,18699,BATRE LAUQUEN,15,NEUQUÉN
loc_18700,18700,CAEPE MALAL,15,NEUQUÉN
loc_18701,18701,CAJON GRANDE,15,NEUQUÉN
loc_18702,18702,CANCHA HUINGANCO,15,NEUQUÉN
loc_18704,18704,CASA DE PIEDRA,15,NEUQUÉN
loc_18705,18705,CERRO NEGRO CHAPUA,15,NEUQUÉN
loc_18706,18706,CERRO NEGRO TRICAO,15,NEUQUÉN
loc_18707,18707,CHACAY CO,15,NEUQUÉN
loc_18708,18708,CHACAY MELEHUE,15,NEUQUÉN
loc_18709,18709,CHAPUA,15,NEUQUÉN
loc_18710,18710,CHAPUA ABAJO,15,NEUQUÉN
loc_18711,18711,CHOS MALAL,15,NEUQUÉN
loc_18712,18712,COYUCO COCHICO,15,NEUQUÉN
loc_18713,18713,CURU  LEUVU,15,NEUQUÉN
loc_18714,18714,EL ALAMITO,15,NEUQUÉN
loc_18715,18715,EL CURILEO,15,NEUQUÉN
loc_18716,18716,EL TROMEN,15,NEUQUÉN
loc_18717,18717,LA CIENAGA,15,NEUQUÉN
loc_18718,18718,LA CIENEGUITA,15,NEUQUÉN
loc_18719,18719,LA SALADA,15,NEUQUÉN
loc_18720,18720,LAS ABEJAS,15,NEUQUÉN
loc_18721,18721,LAS CORTADERAS,15,NEUQUÉN
loc_18722,18722,LAS SALADAS,15,NEUQUÉN
loc_18723,18723,LEUTO CABALLO,15,NEUQUÉN
loc_18724,18724,LOS ENTIERROS,15,NEUQUÉN
loc_18725,18725,LOS MENUCOS,15,NEUQUÉN
loc_18726,18726,LOS MOLLES,15,NEUQUÉN
loc_18727,18727,LOS TRES CHORROS,15,NEUQUÉN
loc_18728,18728,LUICOCO,15,NEUQUÉN
loc_18729,18729,LUIN COCO,15,NEUQUÉN
loc_18730,18730,MAYAN MAHUIDA,15,NEUQUÉN
loc_18731,18731,PALAU,15,NEUQUÉN
loc_18732,18732,PAMPA FERREIRA,15,NEUQUÉN
loc_18733,18733,QUEMPU LEUFU,15,NEUQUÉN
loc_18734,18734,TIHUE,15,NEUQUÉN
loc_18735,18735,TRICAO MALAL,15,NEUQUÉN
loc_18736,18736,VILLA CURI LEUVU,15,NEUQUÉN
loc_18737,18737,ANDACOLLO,15,NEUQUÉN
loc_18738,18738,BELLA VISTA,15,NEUQUÉN
loc_18739,18739,BUTALON,15,NEUQUÉN
loc_18740,18740,CAMALEONES,15,NEUQUÉN
loc_18741,18741,CAYANTA,15,NEUQUÉN
loc_18742,18742,EL CHINGUE,15,NEUQUÉN
loc_18743,18743,EL DURAZNO,15,NEUQUÉN
loc_18744,18744,FILMATUE,15,NEUQUÉN
loc_18745,18745,FLORES,15,NEUQUÉN
loc_18746,18746,FORTIN GUAÑACOS,15,NEUQUÉN
loc_18748,18748,HUARACO,15,NEUQUÉN
loc_18749,18749,HUINGANCO,15,NEUQUÉN
loc_18750,18750,HUMIGAMIO,15,NEUQUÉN
loc_18751,18751,INVERNADA VIEJA,15,NEUQUÉN
loc_18752,18752,JECANASCO,15,NEUQUÉN
loc_18753,18753,JUARANCO,15,NEUQUÉN
loc_18754,18754,LA PRIMAVERA,15,NEUQUÉN
loc_18755,18755,LAS LAGUNAS,15,NEUQUÉN
loc_18756,18756,LAS OVEJAS,15,NEUQUÉN
loc_18757,18757,LILEO,15,NEUQUÉN
loc_18758,18758,LOS BOLILLOS,15,NEUQUÉN
loc_18759,18759,LOS CARRIZOS,15,NEUQUÉN
loc_18760,18760,LOS CHACALES,15,NEUQUÉN
loc_18761,18761,LOS CISNES,15,NEUQUÉN
loc_18762,18762,LOS MICHES,15,NEUQUÉN
loc_18763,18763,MACHICO,15,NEUQUÉN
loc_18764,18764,MANZANO AMARGO,15,NEUQUÉN
loc_18765,18765,MILLA,15,NEUQUÉN
loc_18766,18766,MINA LILEO,15,NEUQUÉN
loc_18767,18767,NAHUEVE,15,NEUQUÉN
loc_18768,18768,NERECO NORTE,15,NEUQUÉN
loc_18769,18769,NIRECO,15,NEUQUÉN
loc_18771,18771,TIERRAS BLANCAS,15,NEUQUÉN
loc_18772,18772,VARVARCO,15,NEUQUÉN
loc_18773,18773,BARRANQUERAS,4,CHACO
loc_18774,18774,BASAIL,4,CHACO
loc_18775,18775,CACUI,4,CHACO
loc_18776,18776,CAMPO DE GALNASI,4,CHACO
loc_18777,18777,COLONIA BARANDA,4,CHACO
loc_18778,18778,COLONIA FLORENCIA,4,CHACO
loc_18779,18779,COLONIA PALMIRA,4,CHACO
loc_18780,18780,COLONIA PUENTE PHILIPON,4,CHACO
loc_18781,18781,COLONIA TACUARI,4,CHACO
loc_18783,18783,EL PALMAR,4,CHACO
loc_18784,18784,ESTANCIA LA AURORA,4,CHACO
loc_18785,18785,FONTANA,4,CHACO
loc_18786,18786,KILOMETRO 34,4,CHACO
loc_18787,18787,LA COLONIA,4,CHACO
loc_18788,18788,LA GANADERA,4,CHACO
loc_18789,18789,LA ISLA,4,CHACO
loc_18790,18790,LA LIGURIA,4,CHACO
loc_18791,18791,LA PALOMETA,4,CHACO
loc_18792,18792,LAS MERCEDES,4,CHACO
loc_18793,18793,LIVA,4,CHACO
loc_18794,18794,LOS ALGARROBOS,4,CHACO
loc_18795,18795,LOS PALMARES,4,CHACO
loc_18796,18796,MARIA SARA,4,CHACO
loc_18797,18797,PARALELO 28,4,CHACO
loc_18798,18798,PUENTE PALOMETA,4,CHACO
loc_18799,18799,PUERTO VICENTINI,4,CHACO
loc_18800,18800,PUERTO VILELAS,4,CHACO
loc_18801,18801,RESISTENCIA,4,CHACO
loc_18802,18802,TIGRE,4,CHACO
loc_18803,18803,TROPEZON,4,CHACO
loc_18804,18804,VICENTINI,4,CHACO
loc_18805,18805,VILLA ALTA,4,CHACO
loc_18806,18806,VILLA BARBERAN,4,CHACO
loc_18807,18807,VILLA EL DORADO,4,CHACO
loc_18808,18808,VILLA FORESTACION,4,CHACO
loc_18809,18809,VILLA JUAN DE GARAY,4,CHACO
loc_18810,18810,VILLA LIBERTAD,4,CHACO
loc_18811,18811,VILLA PARANACITO,4,CHACO
loc_18812,18812,VILLA SARMIENTO,4,CHACO
loc_18813,18813,BAJO HONDO,4,CHACO
loc_18814,18814,BAJO VERDE,4,CHACO
loc_18815,18815,BERLIN,4,CHACO
loc_18816,18816,BOLSA GRANDE,4,CHACO
loc_18817,18817,CALIFORNIA,4,CHACO
loc_18818,18818,CAMPO EL AIBAL,4,CHACO
loc_18819,18819,CAMPO EL ONZA,4,CHACO
loc_18820,18820,CAMPO GRANDE,4,CHACO
loc_18821,18821,CAMPO OVEROS,4,CHACO
loc_18822,18822,COLONIA CABEZA DE BUEY,4,CHACO
loc_18823,18823,COLONIA EL ALAZAN,4,CHACO
loc_18824,18824,COLONIA ESPERANZA,4,CHACO
loc_18825,18825,COLONIA FORTUNI,4,CHACO
loc_18826,18826,COLONIA INDIGENA,4,CHACO
loc_18827,18827,COLONIA JUAN JOSE CASTELLI,4,CHACO
loc_18828,18828,COLONIA LA FLORIDA CHICA,4,CHACO
loc_18829,18829,COLONIA LA FLORIDA GRANDE,4,CHACO
loc_18830,18830,COLONIA MONTE QUEMADO,4,CHACO
loc_18831,18831,COLONIA SAN ANTONIO,4,CHACO
loc_18832,18832,COMANDANCIA FRIAS,4,CHACO
loc_18833,18833,CORRALITO,4,CHACO
loc_18835,18835,EL 15,4,CHACO
loc_18836,18836,EL AIBAL,4,CHACO
loc_18837,18837,EL ASUSTADO,4,CHACO
loc_18838,18838,EL DESIERTO,4,CHACO
loc_18839,18839,EL ESPINILLO,4,CHACO
loc_18840,18840,EL PINTADO,4,CHACO
loc_18841,18841,EL QUEBRACHAL,4,CHACO
loc_18842,18842,EL RECREO,4,CHACO
loc_18843,18843,EL SAUZAL,4,CHACO
loc_18844,18844,EL SAUZALITO,4,CHACO
loc_18845,18845,EL SIMBOLAR,4,CHACO
loc_18846,18846,EL VISCACHERAL,4,CHACO
loc_18847,18847,ESTANCIA LOMA ALTA,4,CHACO
loc_18848,18848,EX FORTIN ARENALES,4,CHACO
loc_18849,18849,EX FORTIN COMANDANTE FRIAS,4,CHACO
loc_18850,18850,EX FORTIN LAVALLE,4,CHACO
loc_18851,18851,EX FORTIN PEREZ MILLAN,4,CHACO
loc_18852,18852,EX FORTIN WILDE,4,CHACO
loc_18853,18853,EX FORTIN ZELAVA,4,CHACO
loc_18854,18854,EX FORTIN ZELAYA,4,CHACO
loc_18855,18855,FORTIN LAVALLE,4,CHACO
loc_18856,18856,FUERTE ESPERANZA,4,CHACO
loc_18857,18857,JUAN JOSE CASTELLI,4,CHACO
loc_18858,18858,KILOMETRO 184,4,CHACO
loc_18859,18859,KILOMETRO 40,4,CHACO
loc_18860,18860,LA ARMONIA,4,CHACO
loc_18862,18862,LA COSTOSA,4,CHACO
loc_18863,18863,LA ENTRADA,4,CHACO
loc_18864,18864,LA ESPERANZA,4,CHACO
loc_18865,18865,LA ESTACION,4,CHACO
loc_18866,18866,LA FIDELIDAD,4,CHACO
loc_18867,18867,LA FLOJERA,4,CHACO
loc_18868,18868,LA GRINGA,4,CHACO
loc_18869,18869,LA INVERNADA,4,CHACO
loc_18870,18870,LA LIBERTAD,4,CHACO
loc_18871,18871,LA MEDIA LUNA,4,CHACO
loc_18872,18872,LA MORA,4,CHACO
loc_18873,18873,LA RINCONADA,4,CHACO
loc_18874,18874,LA SALTARINA,4,CHACO
loc_18875,18875,LA SOLEDAD,4,CHACO
loc_18876,18876,LA ZANJA,4,CHACO
loc_18877,18877,LAS BLANCAS,4,CHACO
loc_18878,18878,LAS FLORES,4,CHACO
loc_18879,18879,LAS HACHERAS,4,CHACO
loc_18880,18880,LAS MARAVILLAS,4,CHACO
loc_18881,18881,LAS VERTIENTES,4,CHACO
loc_18882,18882,LOS BARRILES,4,CHACO
loc_18883,18883,LOS PORONGOS,4,CHACO
loc_18884,18884,LOS QUIRQUINCHOS,4,CHACO
loc_18885,18885,LOS TUNALES,4,CHACO
loc_18886,18886,LOTE OCHO,4,CHACO
loc_18887,18887,MANANTIALES,4,CHACO
loc_18888,18888,MIRAFLORES,4,CHACO
loc_18889,18889,MIRAMAR,4,CHACO
loc_18890,18890,MISION ANGELICANA,4,CHACO
loc_18891,18891,MISION NUEVA POMPEYA,4,CHACO
loc_18892,18892,MOLLE MARCADO,4,CHACO
loc_18893,18893,MONTE CASEROS,4,CHACO
loc_18894,18894,NUEVA POBLACION,4,CHACO
loc_18895,18895,NUEVA UNION,4,CHACO
loc_18896,18896,PALO MARCADO,4,CHACO
loc_18897,18897,PAMPA CASTRO,4,CHACO
loc_18898,18898,PAMPA EL SILENCIO,4,CHACO
loc_18899,18899,PAMPA LOS BEDOGNI,4,CHACO
loc_18900,18900,PAMPA MACHETE,4,CHACO
loc_18901,18901,PAMPA TOLOSA CHICA,4,CHACO
loc_18902,18902,PAMPA TOLOSA GRANDE,4,CHACO
loc_18903,18903,PARAJE EL COLCHON,4,CHACO
loc_18904,18904,PARAJE EL COLORADO,4,CHACO
loc_18905,18905,PASO DE LOS LIBRES,4,CHACO
loc_18906,18906,POZO DE LA LINEA,4,CHACO
loc_18907,18907,POZO DE LA MULA,4,CHACO
loc_18908,18908,POZO DE LA PAVA,4,CHACO
loc_18909,18909,POZO DE LA TUNA,4,CHACO
loc_18910,18910,POZO DE LAS GARZAS,4,CHACO
loc_18911,18911,POZO DE LOS SURIS,4,CHACO
loc_18912,18912,POZO DEL CINCUENTA,4,CHACO
loc_18913,18913,POZO DEL GATO,4,CHACO
loc_18914,18914,POZO DEL GRIS,4,CHACO
loc_18915,18915,POZO DEL MOLLE,4,CHACO
loc_18916,18916,POZO DEL NEGRO,4,CHACO
loc_18917,18917,POZO DEL TALA,4,CHACO
loc_18918,18918,POZO DEL TIGRE,4,CHACO
loc_18919,18919,POZO DEL TORO,4,CHACO
loc_18921,18921,POZO LA BREA,4,CHACO
loc_18922,18922,POZO LA OSCA,4,CHACO
loc_18923,18923,POZO NAVAGAN,4,CHACO
loc_18924,18924,PUERTO LAVALLE,4,CHACO
loc_18925,18925,PUERTO URQUIZA,4,CHACO
loc_18926,18926,REDUCC SAN BERNARDO DE VERTIZ,4,CHACO
loc_18927,18927,REDUCCION DE LA CANGAYE,4,CHACO
loc_18928,18928,ROSALES,4,CHACO
loc_18929,18929,SAN AGUSTIN,4,CHACO
loc_18930,18930,SAN ANTONIO,4,CHACO
loc_18931,18931,SAN JUANCITO,4,CHACO
loc_18932,18932,SAN LORENZO,4,CHACO
loc_18933,18933,SANTA RITA,4,CHACO
loc_18934,18934,SANTO DOMINGO,4,CHACO
loc_18935,18935,SOL DE MAYO,4,CHACO
loc_18936,18936,TARTAGAL,4,CHACO
loc_18937,18937,TOLDERIAS,4,CHACO
loc_18938,18938,TRES POZOS,4,CHACO
loc_18939,18939,VILLA RIO BERMEJITO,4,CHACO
loc_18940,18940,WICHI,4,CHACO
loc_18941,18941,ZAPARINQUI,4,CHACO
loc_18942,18942,ARROYO QUINTANA,4,CHACO
loc_18943,18943,COLONIA BENITEZ,4,CHACO
loc_18944,18944,COLONIA EL PILAR,4,CHACO
loc_18945,18945,COSTA INE,4,CHACO
loc_18946,18946,EL TRAGADERO,4,CHACO
loc_18947,18947,ISLA ANTEQUERA,4,CHACO
loc_18948,18948,LA LOMA,4,CHACO
loc_18949,18949,LA PILAR,4,CHACO
loc_18950,18950,MARGARITA BELEN,4,CHACO
loc_18951,18951,PILAR,4,CHACO
loc_18952,18952,PUENTE INE,4,CHACO
loc_18953,18953,PUERTO ANTEQUERA,4,CHACO
loc_18954,18954,PUNTA DE RIELES,4,CHACO
loc_18955,18955,PUNTA NUEVA,4,CHACO
loc_18956,18956,PUNTA RIELES,4,CHACO
loc_18957,18957,SAN MIGUEL,4,CHACO
loc_18958,18958,TRES HORQUETAS,4,CHACO
loc_18959,18959,COLONIA ABORIGEN,4,CHACO
loc_18960,18960,COLONIA ABORIGEN CHACO,4,CHACO
loc_18961,18961,COLONIA BLAS PARERA,4,CHACO
loc_18962,18962,COLONIA EL AGUARA,4,CHACO
loc_18963,18963,COLONIA GUALTIERI,4,CHACO
loc_18964,18964,COLONIA LA LOLA,4,CHACO
loc_18965,18965,COLONIA LEANDRO N ALEM,4,CHACO
loc_18966,18966,EL TOTORAL,4,CHACO
loc_18967,18967,KILOMETRO 22,4,CHACO
loc_18968,18968,LA ESPERANZA,4,CHACO
loc_18969,18969,LA SOLEDAD,4,CHACO
loc_18970,18970,LA TAMBORA,4,CHACO
loc_18971,18971,LAS LOMITAS,4,CHACO
loc_18972,18972,LOTE 11,4,CHACO
loc_18973,18973,LOTE 14,4,CHACO
loc_18974,18974,LOTE 23,4,CHACO
loc_18975,18975,LOTE 3,4,CHACO
loc_18976,18976,LOTE 42,4,CHACO
loc_18977,18977,MACHAGAI,4,CHACO
loc_18978,18978,NAPALPI,4,CHACO
loc_18979,18979,PAMPA BANDERA,4,CHACO
loc_18980,18980,SANTA MARTA,4,CHACO
loc_18981,18981,TRES PALMAS,4,CHACO
loc_18982,18982,2 DE MAYO,4,CHACO
loc_18983,18983,CAMPO ZAPA,4,CHACO
loc_18984,18984,COLONIA CUERO QUEMADO,4,CHACO
loc_18985,18985,COLONIA GENERAL NECOCHEA,4,CHACO
loc_18986,18986,COLONIA JUAN LAVALLE,4,CHACO
loc_18987,18987,CURVA DE NOVOA,4,CHACO
loc_18988,18988,DOS BOLICHES,4,CHACO
loc_18989,18989,EL CAJON,4,CHACO
loc_18990,18990,EL ESTERO,4,CHACO
loc_18991,18991,EL ORO BLANCO,4,CHACO
loc_18992,18992,EL RECOVECO,4,CHACO
loc_18993,18993,EL RECOVO,4,CHACO
loc_18994,18994,EL TRIANGULO,4,CHACO
loc_18995,18995,LAS BREÑAS,4,CHACO
loc_18996,18996,LAS CUCHILLAS,4,CHACO
loc_18997,18997,LAS PIEDRITAS,4,CHACO
loc_18998,18998,LOS CERRITOS,4,CHACO
loc_18999,18999,LOS CHINACOS,4,CHACO
loc_19000,19000,PAMPA BRUGNOLI,4,CHACO
loc_19001,19001,PAMPA DEL CIELO,4,CHACO
loc_19002,19002,PAMPA DEL HUEVO,4,CHACO
loc_19003,19003,PAMPA DEL TORDILLO,4,CHACO
loc_19004,19004,PAMPA DEL ZORRO,4,CHACO
loc_19005,19005,PAMPA HERMOSA,4,CHACO
loc_19006,19006,PAMPA IPORA GUAZU,4,CHACO
loc_19007,19007,PAMPA MITRE,4,CHACO
loc_19008,19008,PAMPA SAN MARTIN,4,CHACO
loc_19009,19009,PAMPA VILLORDO,4,CHACO
loc_19010,19010,PAMPA ZANATA,4,CHACO
loc_19011,19011,PAMPINI,4,CHACO
loc_19012,19012,POZO DEL INDIO ESTACION FCGB,4,CHACO
loc_19013,19013,PUEBLO PUCA,4,CHACO
loc_19014,19014,CAPITAN SOLARI,4,CHACO
loc_19015,19015,COLONIA ELISA,4,CHACO
loc_19016,19016,COLONIAS UNIDAS,4,CHACO
loc_19017,19017,INGENIERO BARBET,4,CHACO
loc_19018,19018,KILOMETRO 575,4,CHACO
loc_19019,19019,KILOMETRO 602,4,CHACO
loc_19020,19020,LA DIFICULTAD,4,CHACO
loc_19021,19021,LA PASTORIL,4,CHACO
loc_19022,19022,LAS GARCITAS,4,CHACO
loc_19023,19023,SALTO DE LA VIEJA,4,CHACO
loc_19024,19024,CABEZA DE TIGRE,4,CHACO
loc_19025,19025,CAMPO LAS PUERTAS,4,CHACO
loc_19026,19026,CAMPO NUEVO,4,CHACO
loc_19027,19027,CHOROTIS,4,CHACO
loc_19028,19028,COLONIA EL CURUPI,4,CHACO
loc_19029,19029,KILOMETRO 596,4,CHACO
loc_19030,19030,SANTA MARIA,4,CHACO
loc_19031,19031,SANTA SYLVINA,4,CHACO
loc_19032,19032,TRES MOJONES,4,CHACO
loc_19033,19033,TRES MONJES,4,CHACO
loc_19034,19034,VENADOS GRANDES,4,CHACO
loc_19035,19035,CAMPO EL JACARANDA,4,CHACO
loc_19036,19036,COLONIA QUEBRACHALES,4,CHACO
loc_19038,19038,EL PORONGAL,4,CHACO
loc_19039,19039,HERMOSO CAMPO,4,CHACO
loc_19040,19040,ITIN,4,CHACO
loc_19041,19041,KILOMETRO 523,4,CHACO
loc_19042,19042,PUERTA DE LEON,4,CHACO
loc_19043,19043,ZUBERBHULER,4,CHACO
loc_19044,19044,ALELOY,4,CHACO
loc_19046,19046,COLONIA ALELAY,4,CHACO
loc_19047,19047,COLONIA VELEZ SARSFIELD,4,CHACO
loc_19048,19048,EL BOQUERON,4,CHACO
loc_19049,19049,EL CUARENTA Y SEIS,4,CHACO
loc_19050,19050,EL DESTIERRO,4,CHACO
loc_19051,19051,EL PALMAR  TRES ISLETAS,4,CHACO
loc_19052,19052,EL TREINTA Y SEIS,4,CHACO
loc_19053,19053,KILOMETRO 841,4,CHACO
loc_19054,19054,KILOMETRO 855 ESTACION,4,CHACO
loc_19055,19055,KILOMETRO 884,4,CHACO
loc_19056,19056,LA MATANZA,4,CHACO
loc_19057,19057,LA POBLADORA,4,CHACO
loc_19059,19059,PAMPA AGUARA,4,CHACO
loc_19060,19060,PAMPA ALELAI,4,CHACO
loc_19061,19061,PAMPA EL 11,4,CHACO
loc_19062,19062,PAMPA EL 12,4,CHACO
loc_19063,19063,PAMPA FLORIDA,4,CHACO
loc_19064,19064,PAMPA VARGAS,4,CHACO
loc_19065,19065,TRES ISLETAS,4,CHACO
loc_19066,19066,TRES NACIONES,4,CHACO
loc_19067,19067,BARRIO GRAL JOSE DE SAN MARTIN,4,CHACO
loc_19068,19068,BARRIO SARMIENTO,4,CHACO
loc_19069,19069,COLONIA BAJO HONDO,4,CHACO
loc_19070,19070,COLONIA BERNARDINO RIVADAVIA,4,CHACO
loc_19071,19071,GIRASOL,4,CHACO
loc_19072,19072,KILOMETRO 15,4,CHACO
loc_19073,19073,LA CHIQUITA,4,CHACO
loc_19074,19074,LA MASCOTA,4,CHACO
loc_19075,19075,LAS CUCHILLAS CNIA J MARMOL,4,CHACO
loc_19076,19076,PAMPA AGUADO,4,CHACO
loc_19077,19077,PAMPA ALEGRIA,4,CHACO
loc_19078,19078,PAMPA DE LOS LOCOS,4,CHACO
loc_19079,19079,PAMPA GALPON,4,CHACO
loc_19080,19080,PAMPA GAMBA,4,CHACO
loc_19081,19081,PAMPA LOCA,4,CHACO
loc_19082,19082,ROQUE SAENZ PEÑA,4,CHACO
loc_19083,19083,AVIA TERAI,4,CHACO
loc_19084,19084,CAMPO LARGO,4,CHACO
loc_19085,19085,CNIA AGRICOLA PAMPA NAPENAY,4,CHACO
loc_19086,19086,COLONIA JOSE MARMOL,4,CHACO
loc_19087,19087,COLONIA MALGRATTI,4,CHACO
loc_19088,19088,COLONIA MARIANO SARRATEA,4,CHACO
loc_19089,19089,EL CATORCE,4,CHACO
loc_19091,19091,LA CUCHILLA,4,CHACO
loc_19092,19092,LA FLECHA,4,CHACO
loc_19093,19093,LOTE 34,4,CHACO
loc_19095,19095,NAPENAY,4,CHACO
loc_19096,19096,PAMPA DEL REGIMIENTO,4,CHACO
loc_19097,19097,PAMPA GRANDE,4,CHACO
loc_19098,19098,PAMPA OCULTA,4,CHACO
loc_19099,19099,BOCAS,4,CHACO
loc_19100,19100,COLONIA CORONEL BRANDSEN,4,CHACO
loc_19101,19101,COLONIA HERRERA,4,CHACO
loc_19102,19102,COLONIA HIPOLITO VIEYTES,4,CHACO
loc_19103,19103,COLONIA SANTA ELENA,4,CHACO
loc_19104,19104,CORONEL BRANDSEN,4,CHACO
loc_19105,19105,CUATRO ARBOLES,4,CHACO
loc_19106,19106,CURANDU,4,CHACO
loc_19107,19107,EL CURUNDU,4,CHACO
loc_19108,19108,EL PALMAR,4,CHACO
loc_19109,19109,EL RAIGONAL,4,CHACO
loc_19110,19110,FORTIN AGUILAR,4,CHACO
loc_19111,19111,FORTIN CHAJA,4,CHACO
loc_19112,19112,GUAYAIBI,4,CHACO
loc_19113,19113,LAS BANDERAS,4,CHACO
loc_19114,19114,LOTE 4 COLONIA PASTORIL,4,CHACO
loc_19115,19115,MARTINEZ DE HOZ,4,CHACO
loc_19116,19116,PASO DEL OSO,4,CHACO
loc_19117,19117,PRESIDENCIA DE LA PLAZA,4,CHACO
loc_19118,19118,CAMPO MORENO,4,CHACO
loc_19119,19119,COLONIA ABATE,4,CHACO
loc_19120,19120,COLONIA BRAVO,4,CHACO
loc_19121,19121,COLONIA DRYDALE,4,CHACO
loc_19122,19122,COLONIA ECONOMIA,4,CHACO
loc_19123,19123,COLONIA EL TRIANGULO,4,CHACO
loc_19124,19124,COLONIA HAMBURGUESA,4,CHACO
loc_19125,19125,COLONIA LA MARIA LUISA,4,CHACO
loc_19126,19126,COLONIA LA TOTA,4,CHACO
loc_19127,19127,COLONIA NECOCHEA SUD,4,CHACO
loc_19128,19128,COLONIA WELHERS,4,CHACO
loc_19129,19129,EL CUADRADO,4,CHACO
loc_19130,19130,EL ESTERO,4,CHACO
loc_19131,19131,EL PALMAR,4,CHACO
loc_19132,19132,EL PUMA,4,CHACO
loc_19133,19133,EL SALADILLO,4,CHACO
loc_19134,19134,EL TRIANGULO,4,CHACO
loc_19135,19135,EL ZAPALLAR,4,CHACO
loc_19136,19136,GANCEDO,4,CHACO
loc_19137,19137,GENERAL CAPDEVILA,4,CHACO
loc_19138,19138,GENERAL PINEDO,4,CHACO
loc_19139,19139,LA CUCHILLA,4,CHACO
loc_19140,19140,LA ECONOMIA,4,CHACO
loc_19141,19141,LAS LEONAS,4,CHACO
loc_19142,19142,LOS FORTINES,4,CHACO
loc_19143,19143,LOS QUEBRACHITOS,4,CHACO
loc_19144,19144,MINISTRO RAMON GOMEZ,4,CHACO
loc_19145,19145,PALMAR CENTRAL,4,CHACO
loc_19146,19146,PALMAR NORTE,4,CHACO
loc_19147,19147,PAMPA DOROTIER,4,CHACO
loc_19148,19148,PAMPA LANDRIEL,4,CHACO
loc_19149,19149,PINEDO CENTRAL,4,CHACO
loc_19150,19150,VIBORAS,4,CHACO
loc_19151,19151,WELHERS,4,CHACO
loc_19152,19152,KILOMETRO 525,4,CHACO
loc_19153,19153,KILOMETRO 530,4,CHACO
loc_19154,19154,LOTE 17,4,CHACO
loc_19155,19155,LOTE 18 POZO COLORADO,4,CHACO
loc_19156,19156,LOTE 24,4,CHACO
loc_19157,19157,LOTE 25,4,CHACO
loc_19158,19158,LOTE 7,4,CHACO
loc_19159,19159,LOTE 8,4,CHACO
loc_19160,19160,SAMUHU,4,CHACO
loc_19161,19161,VILLA BERTHET,4,CHACO
loc_19162,19162,CAMPO DE LA CHOZA,4,CHACO
loc_19163,19163,CAMPO ECHEGARAY,4,CHACO
loc_19164,19164,COLONIA CODUTTI,4,CHACO
loc_19165,19165,COLONIA ECHEGARAY,4,CHACO
loc_19166,19166,COLONIA LUCINDA,4,CHACO
loc_19167,19167,COLONIA POPULAR,4,CHACO
loc_19168,19168,CORONEL AVALOS,4,CHACO
loc_19169,19169,FORTIN CARDOSO,4,CHACO
loc_19170,19170,GENERAL DONOVAN,4,CHACO
loc_19171,19171,GENERAL OBLIGADO,4,CHACO
loc_19172,19172,KILOMETRO 501,4,CHACO
loc_19173,19173,KILOMETRO 519,4,CHACO
loc_19174,19174,KILOMETRO 523,4,CHACO
loc_19175,19175,LA CHOZA,4,CHACO
loc_19176,19176,LA EVANGELICA,4,CHACO
loc_19177,19177,LA LUCINDA,4,CHACO
loc_19178,19178,LA NEGRA,4,CHACO
loc_19179,19179,LA RAQUEL,4,CHACO
loc_19180,19180,LAGUNA BELIGAY,4,CHACO
loc_19181,19181,LAGUNA BLANCA,4,CHACO
loc_19182,19182,PUERTO BASTIANI,4,CHACO
loc_19183,19183,PUERTO TIROL,4,CHACO
loc_19184,19184,RIO ARAZA,4,CHACO
loc_19185,19185,VILLA JALON,4,CHACO
loc_19186,19186,9 DE JULIO,4,CHACO
loc_19187,19187,AGUA BUENA,4,CHACO
loc_19188,19188,BOTIJA,4,CHACO
loc_19189,19189,CASTELLIN,4,CHACO
loc_19190,19190,COLOMBIA,4,CHACO
loc_19191,19191,CONCEPCION DEL BERMEJO,4,CHACO
loc_19193,19193,EL GUANACO,4,CHACO
loc_19194,19194,EL INDIO,4,CHACO
loc_19195,19195,EL PARAISO,4,CHACO
loc_19196,19196,EL VALLA,4,CHACO
loc_19197,19197,KILOMETRO 1183,4,CHACO
loc_19198,19198,LA AGUADA,4,CHACO
loc_19199,19199,LA ARGENTINA,4,CHACO
loc_19200,19200,LA CHINA,4,CHACO
loc_19201,19201,LA ILUSION,4,CHACO
loc_19202,19202,LA PALOMA,4,CHACO
loc_19203,19203,LA PINTA,4,CHACO
loc_19204,19204,LA PROVIDENCIA,4,CHACO
loc_19205,19205,LA SARA,4,CHACO
loc_19206,19206,LA TRANQUILIDAD,4,CHACO
loc_19207,19207,LAS CARPAS,4,CHACO
loc_19208,19208,LAS DELICIAS,4,CHACO
loc_19209,19209,LAS FLORES,4,CHACO
loc_19210,19210,LORENA,4,CHACO
loc_19211,19211,LOS FRENTONES,4,CHACO
loc_19212,19212,LOS MAGOS,4,CHACO
loc_19213,19213,LOS TIGRES,4,CHACO
loc_19214,19214,LOS TOBAS,4,CHACO
loc_19215,19215,LOTE 33,4,CHACO
loc_19216,19216,MADRE DE DIOS,4,CHACO
loc_19217,19217,NUEVA YORK,4,CHACO
loc_19218,19218,PALO BLANCO,4,CHACO
loc_19219,19219,PAMPA BOLSA,4,CHACO
loc_19220,19220,PAMPA BORRACHO,4,CHACO
loc_19221,19221,PAMPA CABURE,4,CHACO
loc_19222,19222,PAMPA DEL INFIERNO,4,CHACO
loc_19223,19223,PAMPA EL FOSFORITO,4,CHACO
loc_19224,19224,PAMPA EL MANGRULLO,4,CHACO
loc_19225,19225,PAMPA EL MOLLAR,4,CHACO
loc_19226,19226,PAMPA HERMOSA,4,CHACO
loc_19227,19227,PAMPA JUANITA,4,CHACO
loc_19228,19228,PAMPA PELADO,4,CHACO
loc_19229,19229,PAMPA PEREYRA,4,CHACO
loc_19230,19230,PAMPA QUIMILI,4,CHACO
loc_19231,19231,PAMPA RALERA,4,CHACO
loc_19232,19232,PAMPA VIRGEN,4,CHACO
loc_19233,19233,PARAJE INDEPENDENCIA,4,CHACO
loc_19234,19234,PARAJE KILOMETRO 77,4,CHACO
loc_19235,19235,PARAJE OJO DE AGUA,4,CHACO
loc_19236,19236,PARAJE SANTA CRUZ,4,CHACO
loc_19237,19237,POZO HONDO,4,CHACO
loc_19238,19238,RIO MUERTO,4,CHACO
loc_19239,19239,SAN AGUSTIN,4,CHACO
loc_19240,19240,SAN ANTONIO,4,CHACO
loc_19241,19241,SAN JOSE,4,CHACO
loc_19242,19242,SAN LUIS,4,CHACO
loc_19243,19243,SAN MARTIN,4,CHACO
loc_19244,19244,SAN TELMO,4,CHACO
loc_19245,19245,SANTA AGUEDA,4,CHACO
loc_19246,19246,SANTA ELENA,4,CHACO
loc_19247,19247,SANTA ROSA,4,CHACO
loc_19248,19248,SANTA TERESA DE CARBALLO,4,CHACO
loc_19249,19249,TACO POZO,4,CHACO
loc_19250,19250,URUNDEL,4,CHACO
loc_19251,19251,ALMIRANTE BROWN,4,CHACO
loc_19252,19252,COLONIA MATHEU,4,CHACO
loc_19253,19253,FORTIN TOTORALITA LUGAR HISTOR,4,CHACO
loc_19254,19254,LA CHACO,4,CHACO
loc_19255,19255,LA CLOTILDE,4,CHACO
loc_19256,19256,LA TIGRA,4,CHACO
loc_19257,19257,LAS CUATRO BOCAS,4,CHACO
loc_19258,19258,LOTE 10,4,CHACO
loc_19259,19259,LOTE 11,4,CHACO
loc_19260,19260,MALBALAES,4,CHACO
loc_19261,19261,PAMPA DE LAS FLORES,4,CHACO
loc_19262,19262,SAN BERNARDO,4,CHACO
loc_19263,19263,CABRAL CUE,4,CHACO
loc_19264,19264,CANCHA LARGA,4,CHACO
loc_19265,19265,COLONIA CABRAL,4,CHACO
loc_19266,19266,COLONIA RIO DE ORO,4,CHACO
loc_19267,19267,EL 14,4,CHACO
loc_19268,19268,EL CAMPAMENTO,4,CHACO
loc_19269,19269,EL LAPACHO,4,CHACO
loc_19270,19270,EL MIRASOL,4,CHACO
loc_19271,19271,EL PALMAR,4,CHACO
loc_19272,19272,EL RETIRO,4,CHACO
loc_19273,19273,FLORADORA,4,CHACO
loc_19274,19274,GANDOLFI,4,CHACO
loc_19275,19275,GENERAL VEDIA,4,CHACO
loc_19276,19276,GUAYCURU,4,CHACO
loc_19277,19277,ISLA DEL CERRITO,4,CHACO
loc_19278,19278,KILOMETRO 76 RIO BERMEJO,4,CHACO
loc_19279,19279,LA ESPERANZA,4,CHACO
loc_19280,19280,LA LEONESA,4,CHACO
loc_19281,19281,LA MAGDALENA,4,CHACO
loc_19282,19282,LA POSTA,4,CHACO
loc_19283,19283,LA RINCONADA,4,CHACO
loc_19284,19284,LAGUNA PATOS,4,CHACO
loc_19285,19285,LAPACHO,4,CHACO
loc_19286,19286,LAS PALMAS,4,CHACO
loc_19287,19287,LAS ROSAS,4,CHACO
loc_19288,19288,LOMA ALTA,4,CHACO
loc_19289,19289,LOTE 15 ESCUELA 268,4,CHACO
loc_19290,19290,LOTE 16 ESCUELA 204,4,CHACO
loc_19291,19291,LOTE 92 LA RINCONADA,4,CHACO
loc_19292,19292,MIERES,4,CHACO
loc_19293,19293,PINDO,4,CHACO
loc_19294,19294,PUERTO BERMEJO,4,CHACO
loc_19295,19295,PUERTO EVA PERON,4,CHACO
loc_19296,19296,PUERTO LAS PALMAS,4,CHACO
loc_19297,19297,PUNTA DE RIELES,4,CHACO
loc_19298,19298,QUIA,4,CHACO
loc_19299,19299,RANCHOS VIEJOS,4,CHACO
loc_19300,19300,RINCON DEL ZORRO,4,CHACO
loc_19301,19301,RIO BERMEJO,4,CHACO
loc_19302,19302,RIO DE ORO,4,CHACO
loc_19303,19303,SAN CARLOS,4,CHACO
loc_19304,19304,SAN EDUARDO,4,CHACO
loc_19305,19305,SAN FERNANDO,4,CHACO
loc_19306,19306,SOLALINDE,4,CHACO
loc_19307,19307,TACUARI,4,CHACO
loc_19308,19308,TERMAS DEL CERRITO,4,CHACO
loc_19309,19309,TIMBO,4,CHACO
loc_19310,19310,TRES HORQUETAS,4,CHACO
loc_19311,19311,VELAZ,4,CHACO
loc_19312,19312,YATAY,4,CHACO
loc_19313,19313,10 DE MAYO,4,CHACO
loc_19314,19314,CAMPO EL BERMEJO,4,CHACO
loc_19315,19315,CAMPO WINTER,4,CHACO
loc_19316,19316,CIERVO PETISO,4,CHACO
loc_19317,19317,COLONIA BERMEJO,4,CHACO
loc_19318,19318,COLONIA CORONEL DORREGO,4,CHACO
loc_19319,19319,COLONIA EL CIERVO,4,CHACO
loc_19320,19320,COLONIA EL FISCAL,4,CHACO
loc_19321,19321,COLONIA ESPERANZA,4,CHACO
loc_19322,19322,COLONIA LA FILOMENA,4,CHACO
loc_19323,19323,COLONIA PUEBLO VIEJO,4,CHACO
loc_19325,19325,COLONIA SABINA,4,CHACO
loc_19326,19326,COLONIA SAN ANTONIO,4,CHACO
loc_19327,19327,COLONIA SIETE ARBOLES,4,CHACO
loc_19328,19328,COLONIA TRES LAGUNAS,4,CHACO
loc_19329,19329,EL 15,4,CHACO
loc_19330,19330,EL PERDIDO,4,CHACO
loc_19331,19331,GENERAL JOSE DE SAN MARTIN,4,CHACO
loc_19332,19332,KILOMETRO 39,4,CHACO
loc_19333,19333,KILOMETRO 42,4,CHACO
loc_19334,19334,KILOMETRO 48,4,CHACO
loc_19335,19335,KILOMETRO 59,4,CHACO
loc_19336,19336,KILOMETRO 62,4,CHACO
loc_19337,19337,LA EDUVIGIS,4,CHACO
loc_19338,19338,LAGUNA LIMPIA,4,CHACO
loc_19339,19339,LOMA ALTA,4,CHACO
loc_19340,19340,LOMA FLORIDA,4,CHACO
loc_19341,19341,LOS POZOS,4,CHACO
loc_19342,19342,PAMPA ALMIRON,4,CHACO
loc_19343,19343,PAMPA CHICA,4,CHACO
loc_19344,19344,PAMPA DEL INDIO,4,CHACO
loc_19345,19345,PAMPA LARGA,4,CHACO
loc_19346,19346,PARAJE LAS TABLAS,4,CHACO
loc_19347,19347,PRESIDENCIA ROCA,4,CHACO
loc_19348,19348,PUERTO ZAPALLAR,4,CHACO
loc_19349,19349,SANTOS LUGARES,4,CHACO
loc_19350,19350,SELVAS DEL RIO DE ORO,4,CHACO
loc_19351,19351,VENEZUELA,4,CHACO
loc_19352,19352,VILLA DOS,4,CHACO
loc_19353,19353,ALDEA FORESTAL,4,CHACO
loc_19354,19354,CAMPO FELDMAN,4,CHACO
loc_19355,19355,COLONIA EL PARAISAL,4,CHACO
loc_19356,19356,COLONIA GENERAL PAZ,4,CHACO
loc_19357,19357,COLONIA PUENTE URIBURU,4,CHACO
loc_19358,19358,CUATRO BOCAS,4,CHACO
loc_19359,19359,EL PALMAR,4,CHACO
loc_19360,19360,EL TACURUZAL,4,CHACO
loc_19361,19361,EL ZANJON,4,CHACO
loc_19362,19362,LA MATANZA,4,CHACO
loc_19363,19363,LOTE 4 QUITILIPI,4,CHACO
loc_19364,19364,LOTE 43 ESCUELA 250,4,CHACO
loc_19365,19365,PAMPA LA PELIGROSA,4,CHACO
loc_19366,19366,PAMPA LEGUA CUATRO,4,CHACO
loc_19367,19367,PAMPA VERDE,4,CHACO
loc_19368,19368,PICADITAS,4,CHACO
loc_19369,19369,QUITILIPI,4,CHACO
loc_19370,19370,REDUCCION NAPALPI,4,CHACO
loc_19371,19371,VILLA EL PALMAR,4,CHACO
loc_19372,19372,CABRAL,4,CHACO
loc_19373,19373,CAMPO FERRANDO,4,CHACO
loc_19374,19374,CERRITO,4,CHACO
loc_19375,19375,CHARATA,4,CHACO
loc_19376,19376,COLONIA BARRERA,4,CHACO
loc_19377,19377,COLONIA JUAN LARREA,4,CHACO
loc_19378,19378,COLONIA SCHMIDT,4,CHACO
loc_19379,19379,EL PICASO,4,CHACO
loc_19380,19380,EL PUCA,4,CHACO
loc_19381,19381,GENERAL NECOCHEA,4,CHACO
loc_19382,19382,INDIA MUERTA,4,CHACO
loc_19383,19383,IPORA GUAZU,4,CHACO
loc_19384,19384,LOS GUALCOS,4,CHACO
loc_19385,19385,LOTE 77,4,CHACO
loc_19386,19386,PAMPA AVILA,4,CHACO
loc_19387,19387,PAMPA BARRERA,4,CHACO
loc_19388,19388,PAMPA CABRERA,4,CHACO
loc_19389,19389,PAMPA CEJAS,4,CHACO
loc_19390,19390,PAMPA DEL CIELO,4,CHACO
loc_19391,19391,PAMPA FLORES,4,CHACO
loc_19392,19392,PAMPA SOMMER,4,CHACO
loc_19393,19393,PUEBLO PUCA,4,CHACO
loc_19394,19394,SANTA ELVIRA,4,CHACO
loc_19395,19395,TRES ESTACAS,4,CHACO
loc_19396,19396,AMAMBAY,4,CHACO
loc_19397,19397,CORZUELA,4,CHACO
loc_19398,19398,LORO BLANCO,4,CHACO
loc_19399,19399,PAMPA ALSINA,4,CHACO
loc_19400,19400,PAMPA CUVALO,4,CHACO
loc_19401,19401,PAMPA GRANDE,4,CHACO
loc_19402,19402,PUESTO CARRIZO,4,CHACO
loc_19403,19403,COLONIA JUAN PENCO,4,CHACO
loc_19404,19404,COLONIA MIXTA,4,CHACO
loc_19405,19405,EL OBRAJE,4,CHACO
loc_19406,19406,HIVONNAIT,4,CHACO
loc_19407,19407,KILOMETRO 2 FCGB,4,CHACO
loc_19408,19408,KILOMETRO 22,4,CHACO
loc_19409,19409,KILOMETRO 29,4,CHACO
loc_19410,19410,KILOMETRO 34,4,CHACO
loc_19411,19411,KILOMETRO 38,4,CHACO
loc_19412,19412,KILOMETRO 5,4,CHACO
loc_19413,19413,LA ELABORADORA,4,CHACO
loc_19414,19414,LA ESCONDIDA,4,CHACO
loc_19415,19415,LA VERDE,4,CHACO
loc_19416,19416,LAGUNA ESCONDIDA,4,CHACO
loc_19417,19417,LAPACHITO,4,CHACO
loc_19418,19418,LOTE 48 COLONIA MIXTA,4,CHACO
loc_19419,19419,LOTE 53 COLONIA MIXTA,4,CHACO
loc_19420,19420,MAKALLE,4,CHACO
loc_19421,19421,PUENTE PHILIPPON,4,CHACO
loc_19422,19422,PUENTE SVRITZ,4,CHACO
loc_19423,19423,AVANZADA,4,CHACO
loc_19424,19424,COLONIA EL TIGRE,4,CHACO
loc_19425,19425,COLONIA JUAN JOSE PASO,4,CHACO
loc_19426,19426,COLONIA LA AVANZADA,4,CHACO
loc_19427,19427,COLONIA LAS AVISPAS,4,CHACO
loc_19428,19428,COLONIA LOS GANZOS,4,CHACO
loc_19429,19429,COLONIA LOTE 10,4,CHACO
loc_19430,19430,COLONIA LOTE 12,4,CHACO
loc_19431,19431,COLONIA LOTE 3,4,CHACO
loc_19432,19432,CORONEL DU GRATY,4,CHACO
loc_19433,19433,EL ESQUINERO,4,CHACO
loc_19435,19435,EL PORVENIR,4,CHACO
loc_19436,19436,ENRIQUE URIEN,4,CHACO
loc_19437,19437,FORTIN POTRERO,4,CHACO
loc_19438,19438,LA MANUELA,4,CHACO
loc_19439,19439,LA NUEVA,4,CHACO
loc_19441,19441,LA OFELIA,4,CHACO
loc_19442,19442,LA SUIZA,4,CHACO
loc_19443,19443,LA TAPERA,4,CHACO
loc_19444,19444,LA VIRUELA,4,CHACO
loc_19445,19445,LAS GOLONDRINAS,4,CHACO
loc_19446,19446,LAS GOLONDRINAS SUR,4,CHACO
loc_19447,19447,LAS MORERAS,4,CHACO
loc_19448,19448,LOS FORTINES,4,CHACO
loc_19449,19449,LOS GANSOS,4,CHACO
loc_19450,19450,LOTE 10,4,CHACO
loc_19451,19451,LOTE 12,4,CHACO
loc_19452,19452,MESON DE FIERRO,4,CHACO
loc_19453,19453,PUEBLO CLODOMIRO DIAZ,4,CHACO
loc_19454,19454,TRES BOLICHES,4,CHACO
loc_19455,19455,TUCURU,4,CHACO
loc_19456,19456,VILLA ANGELA,4,CHACO
loc_19457,19457,ARBOL SOLO,4,CHACO
loc_19458,19458,CHARADAI,4,CHACO
loc_19459,19459,COTE LAI,4,CHACO
loc_19460,19460,EL TUPI KILOMETRO 474,4,CHACO
loc_19461,19461,ESTANCIA EL SABALO,4,CHACO
loc_19462,19462,ESTERO REDONDO,4,CHACO
loc_19463,19463,HAUMONIA,4,CHACO
loc_19464,19464,HORQUILLA,4,CHACO
loc_19465,19465,INVERNADA,4,CHACO
loc_19466,19466,KILOMETRO 443,4,CHACO
loc_19467,19467,KILOMETRO 474,4,CHACO
loc_19468,19468,KILOMETRO 498,4,CHACO
loc_19469,19469,KILOMETRO 520,4,CHACO
loc_19470,19470,KILOMETRO 53,4,CHACO
loc_19471,19471,LA SABANA,4,CHACO
loc_19473,19473,LAS TOSCAS,4,CHACO
loc_19474,19474,LOTE 1,4,CHACO
loc_19475,19475,LOTE 15 LA SABANA,4,CHACO
loc_19476,19476,LOTE 23 SAMUHU,4,CHACO
loc_19477,19477,LOTE 9,4,CHACO
loc_19478,19478,MACOMITAS,4,CHACO
loc_19480,19480,PUESTO COCHERI,4,CHACO
loc_19481,19481,PUESTO MENDIZABAL,4,CHACO
loc_19482,19482,RIO TAPENAGA,4,CHACO
loc_19483,19483,CARLOS SAAVEDRA LAMAS,9,FORMOSA
loc_19484,19484,EL ALAMBRADO,9,FORMOSA
loc_19486,19486,EL POTRILLO,9,FORMOSA
loc_19487,19487,EL ROSADO,9,FORMOSA
loc_19489,19489,EL TUCUMANCITO,9,FORMOSA
loc_19490,19490,GENERAL MOSCONI,9,FORMOSA
loc_19491,19491,LOTE NRO 8,9,FORMOSA
loc_19492,19492,MARIA CRISTINA,9,FORMOSA
loc_19493,19493,MEDIA LUNA,9,FORMOSA
loc_19494,19494,MISION EL QUEBRACHO,9,FORMOSA
loc_19496,19496,PALMAR LARGO,9,FORMOSA
loc_19497,19497,PALMARCITO,9,FORMOSA
loc_19498,19498,POZO DE LOS CHANCHOS,9,FORMOSA
loc_19499,19499,SAN ISIDRO,9,FORMOSA
loc_19501,19501,SELVA MARIA,9,FORMOSA
loc_19502,19502,SOMBRERO NEGRO,9,FORMOSA
loc_19503,19503,ANGOSTURA,9,FORMOSA
loc_19504,19504,BARRIO SAN MARTIN,9,FORMOSA
loc_19505,19505,BARRIO SUD AMERICA,9,FORMOSA
loc_19506,19506,BOCARIN,9,FORMOSA
loc_19507,19507,BRIGADIER GENERAL PUEYRREDON,9,FORMOSA
loc_19508,19508,CEIBO TRECE,9,FORMOSA
loc_19509,19509,CENTRO FRONTERIZO CLORINDA,9,FORMOSA
loc_19510,19510,CLORINDA,9,FORMOSA
loc_19511,19511,COLONIA ALFONSO,9,FORMOSA
loc_19512,19512,COLONIA BOUVIER,9,FORMOSA
loc_19513,19513,COLONIA JOSE M PAZ,9,FORMOSA
loc_19514,19514,CURTIEMBRE CUE,9,FORMOSA
loc_19515,19515,EL PARAISO,9,FORMOSA
loc_19516,19516,EL RECODO,9,FORMOSA
loc_19517,19517,ESTANCIA LAS HORQUETAS,9,FORMOSA
loc_19518,19518,FRONTERA,9,FORMOSA
loc_19519,19519,GARCETE CUE,9,FORMOSA
loc_19520,19520,GOBERNADOR LUNA OLMOS,9,FORMOSA
loc_19521,19521,ISLA APANDO,9,FORMOSA
loc_19522,19522,ISLA DE PUEN,9,FORMOSA
loc_19523,19523,ISLA GRAL BELGRANO,9,FORMOSA
loc_19524,19524,JOSE CANCIO,9,FORMOSA
loc_19525,19525,LA FRONTERA,9,FORMOSA
loc_19526,19526,LA PRIMAVERA,9,FORMOSA
loc_19527,19527,LAGUNA BLANCA,9,FORMOSA
loc_19528,19528,LAGUNA NAICK NECK,9,FORMOSA
loc_19529,19529,LOMA HERMOSA,9,FORMOSA
loc_19530,19530,LUCERO CUE,9,FORMOSA
loc_19531,19531,MARCA M,9,FORMOSA
loc_19532,19532,MONTE LINDO  CNIA PASTORIL,9,FORMOSA
loc_19533,19533,PALMA SOLA,9,FORMOSA
loc_19534,19534,PARQUE NACIONAL,9,FORMOSA
loc_19535,19535,PRESIDENTE AVELLANEDA,9,FORMOSA
loc_19536,19536,PRIMAVERA,9,FORMOSA
loc_19537,19537,PRIMERA JUNTA,9,FORMOSA
loc_19538,19538,PUERTO PILCOMAYO,9,FORMOSA
loc_19539,19539,PUNTA GUIA,9,FORMOSA
loc_19540,19540,RIACHO HE HE,9,FORMOSA
loc_19541,19541,RIACHO NEGRO,9,FORMOSA
loc_19542,19542,SAN JUAN,9,FORMOSA
loc_19543,19543,SANTA ISABEL,9,FORMOSA
loc_19544,19544,SGTO MAYOR BERNARDO AGUILA,9,FORMOSA
loc_19545,19545,SIETE PALMAS,9,FORMOSA
loc_19546,19546,SOL DE MAYO,9,FORMOSA
loc_19547,19547,TORO PASO,9,FORMOSA
loc_19548,19548,TTE GRAL JUAN C SANCHEZ,9,FORMOSA
loc_19549,19549,VILLA LUCERO,9,FORMOSA
loc_19550,19550,VIRASOL,9,FORMOSA
loc_19551,19551,AGUA VERDE,9,FORMOSA
loc_19552,19552,AGUAS NEGRAS,9,FORMOSA
loc_19553,19553,ALFONSINA STORNI,9,FORMOSA
loc_19554,19554,ALTO ALEGRE,9,FORMOSA
loc_19555,19555,BAJO HONDO,9,FORMOSA
loc_19556,19556,BAJO VERDE,9,FORMOSA
loc_19557,19557,BUEN LUGAR,9,FORMOSA
loc_19558,19558,CABALLO MUERTO,9,FORMOSA
loc_19559,19559,CABO PRIMERO CHAVEZ,9,FORMOSA
loc_19560,19560,CAMPO EL SURI,9,FORMOSA
loc_19561,19561,CAPITAN JUAN SOLA,9,FORMOSA
loc_19562,19562,CNEL MIGUEL MARTINEZ DE HOZ,9,FORMOSA
loc_19563,19563,COLONIA BUENA VISTA,9,FORMOSA
loc_19564,19564,COLONIA SANTA ROSA,9,FORMOSA
loc_19565,19565,COSTA DEL PILCOMAYO,9,FORMOSA
loc_19566,19566,DOCTOR GUMERSINDO SAYAGO,9,FORMOSA
loc_19567,19567,EL ACHERAL,9,FORMOSA
loc_19568,19568,EL AIBALITO,9,FORMOSA
loc_19569,19569,EL AZOTADO,9,FORMOSA
loc_19570,19570,EL BORDO SANTO,9,FORMOSA
loc_19571,19571,EL BRAGADO,9,FORMOSA
loc_19573,19573,EL CAVADO,9,FORMOSA
loc_19574,19574,EL CORRALITO,9,FORMOSA
loc_19575,19575,EL MARCADO,9,FORMOSA
loc_19576,19576,EL MOJON,9,FORMOSA
loc_19577,19577,EL PALO SANTO,9,FORMOSA
loc_19578,19578,EL PARAISO,9,FORMOSA
loc_19579,19579,EL PILON,9,FORMOSA
loc_19580,19580,EL PIMPIN,9,FORMOSA
loc_19581,19581,EL PINDO,9,FORMOSA
loc_19582,19582,EL QUEMADO,9,FORMOSA
loc_19583,19583,EL REMANSO,9,FORMOSA
loc_19584,19584,EL SIMBOLAR,9,FORMOSA
loc_19585,19585,EL SOMBRERO NEGRO,9,FORMOSA
loc_19586,19586,EL SURR,9,FORMOSA
loc_19587,19587,EL TASTAS,9,FORMOSA
loc_19588,19588,EL YULO,9,FORMOSA
loc_19589,19589,EL ZORRO,9,FORMOSA
loc_19590,19590,EX FORTIN SOLA,9,FORMOSA
loc_19591,19591,EX POSTA GENERAL LAVALLE,9,FORMOSA
loc_19592,19592,FLORENCIO SANCHEZ,9,FORMOSA
loc_19593,19593,FORTIN CABO 1RO CHAVES,9,FORMOSA
loc_19594,19594,FORTIN GUEMES,9,FORMOSA
loc_19595,19595,FORTIN LA SOLEDAD,9,FORMOSA
loc_19596,19596,FORTIN PILCOMAYO,9,FORMOSA
loc_19597,19597,GENERAL FRANCISCO B BOSCH,9,FORMOSA
loc_19598,19598,GUADALCAZAR,9,FORMOSA
loc_19599,19599,INGENIERO ENRIQUE H FAURE,9,FORMOSA
loc_19600,19600,JOAQUIN V GONZALEZ,9,FORMOSA
loc_19601,19601,JOSE MANUEL ESTRADA,9,FORMOSA
loc_19602,19602,LA LIBERTAD,9,FORMOSA
loc_19603,19603,LA MANIJA,9,FORMOSA
loc_19604,19604,LA MEDIA LUNA,9,FORMOSA
loc_19605,19605,LA NOBLEZA,9,FORMOSA
loc_19606,19606,LA PALMA SOLA,9,FORMOSA
loc_19607,19607,LA PALMITA,9,FORMOSA
loc_19608,19608,LA REPRESA,9,FORMOSA
loc_19609,19609,LAGUNA YEMA,9,FORMOSA
loc_19610,19610,LAMADRID,9,FORMOSA
loc_19611,19611,LAS AVISPAS,9,FORMOSA
loc_19612,19612,LAS BOLIVIANAS,9,FORMOSA
loc_19613,19613,LOS CHIRIGUANOS,9,FORMOSA
loc_19614,19614,LOS CLAVELES,9,FORMOSA
loc_19615,19615,LOS GALPONES,9,FORMOSA
loc_19616,19616,LOS NIDOS,9,FORMOSA
loc_19617,19617,LOS POCITOS,9,FORMOSA
loc_19618,19618,MATIAS GULACSI,9,FORMOSA
loc_19619,19619,MEDIA LUNA,9,FORMOSA
loc_19620,19620,MIGUEL CANE,9,FORMOSA
loc_19621,19621,MISION EL CARMEN,9,FORMOSA
loc_19622,19622,MISION EVANGELICA LAG YACARE,9,FORMOSA
loc_19623,19623,NUEVO PILCOMAYO,9,FORMOSA
loc_19624,19624,OLEGARIO VICTOR ANDRADE,9,FORMOSA
loc_19625,19625,PALMA SOLA,9,FORMOSA
loc_19626,19626,PASO DE LOS TOBAS,9,FORMOSA
loc_19627,19627,PESCADO NEGRO,9,FORMOSA
loc_19628,19628,PONCHO QUEMADO,9,FORMOSA
loc_19629,19629,POSTA LENCINA,9,FORMOSA
loc_19630,19630,POZO DE LAS BOTIJAS,9,FORMOSA
loc_19631,19631,POZO DE MAZA,9,FORMOSA
loc_19632,19632,POZO DE PIEDRA,9,FORMOSA
loc_19633,19633,POZO DEL CUCHILLO,9,FORMOSA
loc_19634,19634,POZO DEL LEON,9,FORMOSA
loc_19635,19635,POZO DEL MORTERO,9,FORMOSA
loc_19636,19636,POZO LA NEGRA,9,FORMOSA
loc_19637,19637,PUERTO IRIGOYEN,9,FORMOSA
loc_19638,19638,RESERVA NATURAL FORMOSA,9,FORMOSA
loc_19639,19639,RIACHO LINDO,9,FORMOSA
loc_19640,19640,RICARDO GUIRALDES,9,FORMOSA
loc_19641,19641,RIO MUERTO,9,FORMOSA
loc_19642,19642,SAN ANTONIO,9,FORMOSA
loc_19643,19643,SAN CAMILO,9,FORMOSA
loc_19644,19644,SAN ISIDRO,9,FORMOSA
loc_19645,19645,SOLDADO MARCELINO TORALES,9,FORMOSA
loc_19646,19646,SUMAYEN,9,FORMOSA
loc_19647,19647,TRES POZOS,9,FORMOSA
loc_19648,19648,TTE CNEL GASPAR CAMPOS,9,FORMOSA
loc_19649,19649,VACA PERDIDA,9,FORMOSA
loc_19650,19650,BOLSA DE PALOMO,9,FORMOSA
loc_19651,19651,CAMPO GRANDE,9,FORMOSA
loc_19653,19653,CARLOS PELEGRINI,9,FORMOSA
loc_19654,19654,DOCTOR LUIS AGOTE,9,FORMOSA
loc_19655,19655,EL DESMONTE,9,FORMOSA
loc_19656,19656,EL MISTOLAR,9,FORMOSA
loc_19657,19657,EL POTRERITO,9,FORMOSA
loc_19658,19658,EL TOTORAL,9,FORMOSA
loc_19659,19659,ESQUINITAS,9,FORMOSA
loc_19660,19660,FRANCISCO NARCISO DE LAPRIDA,9,FORMOSA
loc_19661,19661,GOBERNADOR YALUR,9,FORMOSA
loc_19662,19662,ING GUILLERMO N JUAREZ,9,FORMOSA
loc_19663,19663,LA FLORENCIA,9,FORMOSA
loc_19664,19664,LA JUNTA,9,FORMOSA
loc_19666,19666,LAS TRES MARIAS,9,FORMOSA
loc_19667,19667,LOS CHAGUANCOS,9,FORMOSA
loc_19668,19668,MISTOL MARCADO,9,FORMOSA
loc_19669,19669,POZO DE LA YEGUA,9,FORMOSA
loc_19670,19670,POZO DEL MAZA,9,FORMOSA
loc_19671,19671,POZO VERDE  ING G N JUAREZ,9,FORMOSA
loc_19672,19672,SANTA TERESA,9,FORMOSA
loc_19673,19673,TTE GRAL ROSENDO N FRA,9,FORMOSA
loc_19675,19675,ALOLAGUE,9,FORMOSA
loc_19676,19676,ALTO ALEGRE,9,FORMOSA
loc_19677,19677,ANDRES FLORES,9,FORMOSA
loc_19678,19678,ARBOL SOLO,9,FORMOSA
loc_19679,19679,BARTOLOME DE LAS CASAS,9,FORMOSA
loc_19680,19680,BRUCHARD,9,FORMOSA
loc_19681,19681,CABO 1RO CASIMIRO BENITEZ,9,FORMOSA
loc_19682,19682,CAMPO ALEGRE,9,FORMOSA
loc_19683,19683,CAMPO AZCURRA,9,FORMOSA
loc_19684,19684,CAMPO DEL CIELO,9,FORMOSA
loc_19685,19685,CAMPO OSWALD,9,FORMOSA
loc_19686,19686,CAMPO REDONDO,9,FORMOSA
loc_19687,19687,CATANEO CUE,9,FORMOSA
loc_19688,19688,CNIA ABORIGEN BME DE LAS CASAS,9,FORMOSA
loc_19689,19689,COLONIA 8 DE SEPTIEMBRE,9,FORMOSA
loc_19690,19690,COLONIA ALTO TIGRE,9,FORMOSA
loc_19691,19691,COLONIA EL CATORCE,9,FORMOSA
loc_19692,19692,COLONIA EL SILENCIO,9,FORMOSA
loc_19694,19694,COLONIA GUILLERMINA,9,FORMOSA
loc_19695,19695,COLONIA ISLA SOLA,9,FORMOSA
loc_19696,19696,COLONIA JUAN B ALBERDI,9,FORMOSA
loc_19697,19697,COLONIA JUANITA,9,FORMOSA
loc_19698,19698,COLONIA LA BRAVA,9,FORMOSA
loc_19699,19699,COLONIA LOS TRES REYES,9,FORMOSA
loc_19700,19700,COLONIA PERIN,9,FORMOSA
loc_19701,19701,COLONIA RECONQUISTA,9,FORMOSA
loc_19702,19702,COLONIA SAN BERNARDO,9,FORMOSA
loc_19703,19703,COLONIA SAN ISIDRO,9,FORMOSA
loc_19704,19704,COLONIA SAN JOSE,9,FORMOSA
loc_19705,19705,COLONIA SAN PABLO,9,FORMOSA
loc_19706,19706,COLONIA SANTA CATALINA,9,FORMOSA
loc_19707,19707,COLONIA SANTORO,9,FORMOSA
loc_19708,19708,COLONIA SIETE QUEBRADOS,9,FORMOSA
loc_19709,19709,COLONIA UNION ESCUELA,9,FORMOSA
loc_19710,19710,COLONIA VILLA RICA,9,FORMOSA
loc_19711,19711,COMANDANTE FONTANA,9,FORMOSA
loc_19712,19712,CORONEL ARGENTINO LARRABURE,9,FORMOSA
loc_19713,19713,CORONEL ENRIQUE ROSTAGNO,9,FORMOSA
loc_19714,19714,CORONEL FELIX BOGADO,9,FORMOSA
loc_19715,19715,DOCTOR CARLOS MONTAG,9,FORMOSA
loc_19716,19716,DOMINGO F SARMIENTO,9,FORMOSA
loc_19717,19717,EL CEIBAL,9,FORMOSA
loc_19718,19718,EL COGOIK,9,FORMOSA
loc_19719,19719,EL CORREDERO,9,FORMOSA
loc_19720,19720,EL DESCANSO,9,FORMOSA
loc_19721,19721,EL MIRADOR,9,FORMOSA
loc_19723,19723,EL OCULTO,9,FORMOSA
loc_19724,19724,EL PERDIDO,9,FORMOSA
loc_19727,19727,EL QUEBRACHO,9,FORMOSA
loc_19728,19728,EL RECREO,9,FORMOSA
loc_19729,19729,EL SAUCE,9,FORMOSA
loc_19730,19730,EL TACURUZAL,9,FORMOSA
loc_19731,19731,EL TOTORAL,9,FORMOSA
loc_19732,19732,EL YACARE,9,FORMOSA
loc_19733,19733,EL YUCHAN,9,FORMOSA
loc_19734,19734,ESPINILLO,9,FORMOSA
loc_19735,19735,ESTANISLAO DEL CAMPO,9,FORMOSA
loc_19736,19736,FORTIN CABO 1RO CHAVEZ,9,FORMOSA
loc_19737,19737,FORTIN CABO 1RO LUGONES,9,FORMOSA
loc_19738,19738,FORTIN MEDIA LUNA,9,FORMOSA
loc_19739,19739,FORTIN SARGENTO 1RO LEYES,9,FORMOSA
loc_19740,19740,GABRIELA MISTRAL,9,FORMOSA
loc_19741,19741,GENERAL MANUEL BELGRANO,9,FORMOSA
loc_19742,19742,HERMINDO BONAS,9,FORMOSA
loc_19743,19743,IBARRETA,9,FORMOSA
loc_19744,19744,ISLETA,9,FORMOSA
loc_19745,19745,JUAN G BAZAN,9,FORMOSA
loc_19746,19746,JUAN JOSE PASO,9,FORMOSA
loc_19747,19747,KILOMETRO 15,9,FORMOSA
loc_19748,19748,KILOMETRO 1695,9,FORMOSA
loc_19749,19749,KILOMETRO 1769,9,FORMOSA
loc_19750,19750,KILOMETRO 503,9,FORMOSA
loc_19751,19751,KILOMETRO 525,9,FORMOSA
loc_19752,19752,KILOMETRO 642,9,FORMOSA
loc_19753,19753,LA INMACULADA,9,FORMOSA
loc_19754,19754,LA PALOMA,9,FORMOSA
loc_19755,19755,LA SOLEDAD,9,FORMOSA
loc_19756,19756,LAS CHOYAS,9,FORMOSA
loc_19757,19757,LAS DELICIAS,9,FORMOSA
loc_19758,19758,LAS LOLAS,9,FORMOSA
loc_19759,19759,LAS LOMITAS,9,FORMOSA
loc_19760,19760,LAS MOCHAS,9,FORMOSA
loc_19761,19761,LAS SALADAS,9,FORMOSA
loc_19762,19762,LAZO QUEMADO,9,FORMOSA
loc_19763,19763,LEGUA A,9,FORMOSA
loc_19764,19764,LOMA CLAVEL,9,FORMOSA
loc_19765,19765,LOS BALDES,9,FORMOSA
loc_19766,19766,LOS CLAVELES,9,FORMOSA
loc_19767,19767,LOS ESTEROS,9,FORMOSA
loc_19768,19768,LOS INMIGRANTES,9,FORMOSA
loc_19769,19769,LOS SUSPIROS,9,FORMOSA
loc_19770,19770,LOS TRES REYES,9,FORMOSA
loc_19771,19771,MAESTRA BLANCA GOMEZ,9,FORMOSA
loc_19772,19772,MAESTRO FERMIN BAEZ,9,FORMOSA
loc_19773,19773,MAYOR MARCELO T ROJAS,9,FORMOSA
loc_19774,19774,PASO DE NAITE,9,FORMOSA
loc_19775,19775,PASO LA CRUZ,9,FORMOSA
loc_19776,19776,PASO NALTE,9,FORMOSA
loc_19777,19777,PATO MARCADO,9,FORMOSA
loc_19778,19778,PAVAO,9,FORMOSA
loc_19780,19780,POSTA CAMBIO A ZALAZAR,9,FORMOSA
loc_19781,19781,POSTA SAN MARTIN 1,9,FORMOSA
loc_19782,19782,POSTA SAN MARTIN 2,9,FORMOSA
loc_19783,19783,POSTA SANTA FE,9,FORMOSA
loc_19784,19784,POSTA SARGENTO CABRAL,9,FORMOSA
loc_19785,19785,POZO DE LAS GARZAS,9,FORMOSA
loc_19786,19786,POZO DE LOS CHANCHOS,9,FORMOSA
loc_19787,19787,POZO DE NAVAGAN,9,FORMOSA
loc_19788,19788,POZO DEL TIGRE,9,FORMOSA
loc_19789,19789,POZO EL LECHERON,9,FORMOSA
loc_19790,19790,POZO HONDO,9,FORMOSA
loc_19791,19791,POZO LA CHINA,9,FORMOSA
loc_19792,19792,POZO VERDE,9,FORMOSA
loc_19793,19793,PUERTO RAMONA,9,FORMOSA
loc_19794,19794,PUESTO AGUARA,9,FORMOSA
loc_19795,19795,PUNTA DE AGUA,9,FORMOSA
loc_19796,19796,QUEBRACHO MARCADO,9,FORMOSA
loc_19797,19797,RANERO CUE,9,FORMOSA
loc_19798,19798,REDUCCION CACIQUE COQUENA,9,FORMOSA
loc_19799,19799,RINCON FLORIDO,9,FORMOSA
loc_19801,19801,RIO CUE,9,FORMOSA
loc_19802,19802,SAN ISIDRO,9,FORMOSA
loc_19803,19803,SAN LORENZO,9,FORMOSA
loc_19804,19804,SAN MARTIN 1,9,FORMOSA
loc_19805,19805,SAN MARTIN 2,9,FORMOSA
loc_19806,19806,SAN MIGUEL,9,FORMOSA
loc_19807,19807,SAN RAMON,9,FORMOSA
loc_19808,19808,SANTA ROSA,9,FORMOSA
loc_19809,19809,SARGENTO AGRAMONTE,9,FORMOSA
loc_19810,19810,SATURNINO SEGUROLA,9,FORMOSA
loc_19811,19811,SGTO AYUDANTE V SANABRIA,9,FORMOSA
loc_19812,19812,SOLDADO ALBERTO VILLALBA,9,FORMOSA
loc_19813,19813,SOLDADO DANTE SALVATIERRA,9,FORMOSA
loc_19814,19814,SOLDADO ERMINDO LUNA,9,FORMOSA
loc_19815,19815,SOLDADO ISMAEL SANCHEZ,9,FORMOSA
loc_19816,19816,SOLDADO RAMON A ARRIETA,9,FORMOSA
loc_19817,19817,SUBTENIENTE PERIN,9,FORMOSA
loc_19818,19818,SUIPACHA,9,FORMOSA
loc_19819,19819,TATANE,9,FORMOSA
loc_19820,19820,TATU PIRE,9,FORMOSA
loc_19821,19821,TENIENTE BROWN,9,FORMOSA
loc_19822,19822,TOMAS GODOY CRUZ,9,FORMOSA
loc_19823,19823,TRANSITO CUE,9,FORMOSA
loc_19824,19824,TRES LAGUNAS,9,FORMOSA
loc_19825,19825,TRES POZOS,9,FORMOSA
loc_19826,19826,URBANA VIEJA,9,FORMOSA
loc_19827,19827,VILLA ADELAIDA,9,FORMOSA
loc_19828,19828,VILLA GENERAL GUEMES,9,FORMOSA
loc_19829,19829,VILLA GENERAL URQUIZA,9,FORMOSA
loc_19830,19830,VILLA GRAL MANUEL BELGRANO,9,FORMOSA
loc_19831,19831,APAYEREY,9,FORMOSA
loc_19832,19832,AYUDANTE PAREDES,9,FORMOSA
loc_19833,19833,BELLA VISTA,9,FORMOSA
loc_19834,19834,BUENA VISTA,9,FORMOSA
loc_19835,19835,CHAGADAY,9,FORMOSA
loc_19836,19836,CHIROCHILAS,9,FORMOSA
loc_19837,19837,COLONIA 25 DE MAYO,9,FORMOSA
loc_19838,19838,COLONIA SANTA ROSA,9,FORMOSA
loc_19839,19839,EL ESPINILLO,9,FORMOSA
loc_19840,19840,EL POMBERO,9,FORMOSA
loc_19841,19841,FLORENTINO AMEGHINO,9,FORMOSA
loc_19842,19842,GENERAL JULIO DE VEDIA,9,FORMOSA
loc_19843,19843,ISLA CARAYA,9,FORMOSA
loc_19844,19844,JULIO CUE,9,FORMOSA
loc_19845,19845,LAGUNA GALLO,9,FORMOSA
loc_19846,19846,LAGUNA INES,9,FORMOSA
loc_19847,19847,LOMA ZAPATU,9,FORMOSA
loc_19848,19848,LORO CUE,9,FORMOSA
loc_19849,19849,MISION TACAAGLE,9,FORMOSA
loc_19850,19850,MONTE CLARO,9,FORMOSA
loc_19851,19851,PIGO,9,FORMOSA
loc_19852,19852,PORTON NEGRO,9,FORMOSA
loc_19853,19853,PUERTO SAN CARLOS,9,FORMOSA
loc_19854,19854,PUNTA PORA,9,FORMOSA
loc_19855,19855,RODEO TAPITI,9,FORMOSA
loc_19856,19856,ROZADITO,9,FORMOSA
loc_19857,19857,SALVACION,9,FORMOSA
loc_19858,19858,SAN ANTONIO,9,FORMOSA
loc_19859,19859,SEGUNDA PUNTA,9,FORMOSA
loc_19860,19860,SOLDADO HERIBERTO AVALOS,9,FORMOSA
loc_19861,19861,SUBTTE RICARDO E MASAFERRO,9,FORMOSA
loc_19862,19862,TRES LAGUNAS,9,FORMOSA
loc_19863,19863,TTE CNEL GASPAR CAMPOS,9,FORMOSA
loc_19864,19864,VILLA HERMOSA,9,FORMOSA
loc_19865,19865,VILLA REAL,9,FORMOSA
loc_19866,19866,BOCA DEL RIACHO DE PILAGA,9,FORMOSA
loc_19868,19868,CAPILLA SAN ANTONIO,9,FORMOSA
loc_19869,19869,COLONIA DALMACIA,9,FORMOSA
loc_19870,19870,COLONIA ISLA ALVAREZ,9,FORMOSA
loc_19871,19871,COLONIA ISLA DE ORO,9,FORMOSA
loc_19872,19872,COLONIA PASTORIL,9,FORMOSA
loc_19873,19873,COLONIA PUENTE PUCU,9,FORMOSA
loc_19874,19874,COLONIA PUENTE URIBURU,9,FORMOSA
loc_19875,19875,FORMOSA,9,FORMOSA
loc_19876,19876,GRAN GUARDIA,9,FORMOSA
loc_19877,19877,GUAYCOLEC,9,FORMOSA
loc_19878,19878,HOSPITAL RURAL,9,FORMOSA
loc_19879,19879,ISLA 9 DE JULIO,9,FORMOSA
loc_19880,19880,ISLA OCA,9,FORMOSA
loc_19881,19881,ITUZAINGO,9,FORMOSA
loc_19882,19882,KILOMETRO 642 NAV R BERMEJO,9,FORMOSA
loc_19883,19883,LA COLONIA,9,FORMOSA
loc_19884,19884,LA FLORIDA,9,FORMOSA
loc_19885,19885,LOS PILAGAS,9,FORMOSA
loc_19886,19886,LOTE 4,9,FORMOSA
loc_19887,19887,MARIANO BOEDO,9,FORMOSA
loc_19888,19888,MOJON DE FIERRO,9,FORMOSA
loc_19889,19889,MONTE AGUDO,9,FORMOSA
loc_19890,19890,MONTE LINDO,9,FORMOSA
loc_19891,19891,MONTEAGUDO,9,FORMOSA
loc_19892,19892,PQUE BOT FORESTAL L TORTORELLI,9,FORMOSA
loc_19893,19893,PRESIDENTE YRIGOYEN,9,FORMOSA
loc_19894,19894,PUERTO DALMACIA,9,FORMOSA
loc_19895,19895,SAN HILARIO,9,FORMOSA
loc_19896,19896,SANTA CATALINA,9,FORMOSA
loc_19897,19897,TIMBO PORA,9,FORMOSA
loc_19898,19898,TRES MARIAS,9,FORMOSA
loc_19899,19899,VILLA EMILIA,9,FORMOSA
loc_19900,19900,19 DE MARZO,9,FORMOSA
loc_19901,19901,9 DE JULIO,9,FORMOSA
loc_19902,19902,AGENTE ARGENTINO ALEGRE,9,FORMOSA
loc_19903,19903,BALLON,9,FORMOSA
loc_19904,19904,BARRIO SAN JOSE OBRERO,9,FORMOSA
loc_19906,19906,CAMPO RIGONATO,9,FORMOSA
loc_19907,19907,CASCO CUE,9,FORMOSA
loc_19908,19908,CMTE PRINCIPAL ISMAEL ST,9,FORMOSA
loc_19909,19909,COLONIA 5 DE OCTUBRE,9,FORMOSA
loc_19911,19911,COLONIA CORONEL DORREGO,9,FORMOSA
loc_19912,19912,COLONIA EL ALBA,9,FORMOSA
loc_19913,19913,COLONIA EL OLVIDO,9,FORMOSA
loc_19914,19914,COLONIA EL RINCON,9,FORMOSA
loc_19915,19915,COLONIA EL ZAPALLITO,9,FORMOSA
loc_19916,19916,COLONIA HARDY,9,FORMOSA
loc_19917,19917,COLONIA LA DISCIPLINA,9,FORMOSA
loc_19918,19918,COLONIA LA SOCIEDAD,9,FORMOSA
loc_19919,19919,COLONIA PALMAR GRANDE,9,FORMOSA
loc_19920,19920,COLONIA SABINA,9,FORMOSA
loc_19921,19921,COLONIA SANTA ROSA,9,FORMOSA
loc_19922,19922,CORONEL JOSE I WARNES,9,FORMOSA
loc_19923,19923,COSTA RIO NEGRO,9,FORMOSA
loc_19924,19924,COSTA SALADO,9,FORMOSA
loc_19925,19925,DESVIO LOS MATACOS,9,FORMOSA
loc_19926,19926,EL ALGARROBO,9,FORMOSA
loc_19928,19928,EL COATI,9,FORMOSA
loc_19929,19929,EL COLORADO,9,FORMOSA
loc_19930,19930,EL CORRALITO,9,FORMOSA
loc_19931,19931,EL GATO,9,FORMOSA
loc_19932,19932,EL GUAJHO,9,FORMOSA
loc_19933,19933,EL PALMAR,9,FORMOSA
loc_19934,19934,EL POI,9,FORMOSA
loc_19935,19935,EL QUEBRANTO,9,FORMOSA
loc_19936,19936,EL RESGUARDO,9,FORMOSA
loc_19937,19937,EL SALADO,9,FORMOSA
loc_19938,19938,ESPINILLO,9,FORMOSA
loc_19939,19939,ESTANCIA EL CIERVO,9,FORMOSA
loc_19940,19940,ESTERO GRANDE,9,FORMOSA
loc_19941,19941,ESTERO PATIÑO,9,FORMOSA
loc_19942,19942,FORTIN FONTANA,9,FORMOSA
loc_19943,19943,GENDARME VIVIANO GARCETE,9,FORMOSA
loc_19944,19944,GENERAL PABLO RICCHIERI,9,FORMOSA
loc_19945,19945,HIPOLITO VIEYTES,9,FORMOSA
loc_19946,19946,ISLA TOLDO,9,FORMOSA
loc_19947,19947,JOSE HERNANDEZ,9,FORMOSA
loc_19948,19948,KILOMETRO 109,9,FORMOSA
loc_19949,19949,KILOMETRO 139,9,FORMOSA
loc_19950,19950,KILOMETRO 142,9,FORMOSA
loc_19951,19951,KILOMETRO 1695,9,FORMOSA
loc_19952,19952,KILOMETRO 1895,9,FORMOSA
loc_19953,19953,KILOMETRO 193,9,FORMOSA
loc_19954,19954,KILOMETRO 213,9,FORMOSA
loc_19955,19955,KILOMETRO 224,9,FORMOSA
loc_19956,19956,KILOMETRO 232,9,FORMOSA
loc_19957,19957,KILOMETRO 254,9,FORMOSA
loc_19958,19958,LA BLANCA,9,FORMOSA
loc_19959,19959,LA ESPERANZA,9,FORMOSA
loc_19960,19960,LA LOMA,9,FORMOSA
loc_19961,19961,LA PICADITA,9,FORMOSA
loc_19962,19962,LA SIRENA,9,FORMOSA
loc_19963,19963,LA URBANA,9,FORMOSA
loc_19964,19964,LAGUNA MURUA,9,FORMOSA
loc_19966,19966,LOMA SENES,9,FORMOSA
loc_19967,19967,MAYOR EDMUNDO V VILLAFAÑE,9,FORMOSA
loc_19968,19968,MERCEDES CUE,9,FORMOSA
loc_19970,19970,NICORA,9,FORMOSA
loc_19971,19971,NUEVA ITALIA,9,FORMOSA
loc_19972,19972,PALMAR CHICO,9,FORMOSA
loc_19973,19973,PALO SANTO,9,FORMOSA
loc_19974,19974,PARA TODO,9,FORMOSA
loc_19975,19975,PILAGA III,9,FORMOSA
loc_19976,19976,PIRANE,9,FORMOSA
loc_19977,19977,POTRERO NORTE,9,FORMOSA
loc_19978,19978,RACEDO ESCOBAR,9,FORMOSA
loc_19980,19980,SALADILLO,9,FORMOSA
loc_19981,19981,SALADO,9,FORMOSA
loc_19982,19982,SAN JACINTO,9,FORMOSA
loc_19983,19983,SAN SIMON,9,FORMOSA
loc_19984,19984,SOLDADO TOMAS SANCHEZ,9,FORMOSA
loc_19985,19985,VILLA DOS TRECE,9,FORMOSA
loc_19986,19986,VILLA MERCEDES,9,FORMOSA
loc_19987,19987,YUNCA,9,FORMOSA
loc_19988,19988,ZORRILLA CUE,9,FORMOSA
loc_19989,19989,BAHIA NEGRA,9,FORMOSA
loc_19990,19990,BANCO PAYAGUA,9,FORMOSA
loc_19991,19991,CABO ADRIANO AYALA,9,FORMOSA
loc_19992,19992,CAMPO GORETA,9,FORMOSA
loc_19993,19993,CHURQUI CUE,9,FORMOSA
loc_19994,19994,COLONIA AQUINO,9,FORMOSA
loc_19995,19995,COLONIA CANO,9,FORMOSA
loc_19996,19996,COLONIA SAN ISIDRO,9,FORMOSA
loc_19997,19997,COLONIA TATANE,9,FORMOSA
loc_19998,19998,COMISARIA PTE YRIGOYEN,9,FORMOSA
loc_19999,19999,COSTA DEL LINDO,9,FORMOSA
loc_20000,20000,CURUPAY,9,FORMOSA
loc_20001,20001,EL ANGELITO,9,FORMOSA
loc_20002,20002,EL ARBOL SOLO,9,FORMOSA
loc_20003,20003,EL ARBOLITO,9,FORMOSA
loc_20004,20004,EL OLVIDO,9,FORMOSA
loc_20005,20005,EL OMBU,9,FORMOSA
loc_20006,20006,EL PINDO,9,FORMOSA
loc_20007,20007,EL SILENCIO,9,FORMOSA
loc_20008,20008,ESTERITO,9,FORMOSA
loc_20009,20009,FORTIN GALPON,9,FORMOSA
loc_20010,20010,FRAY MAMERTO ESQUIU,9,FORMOSA
loc_20011,20011,GRAL IGNACIO H FOTHERINGHAM,9,FORMOSA
loc_20012,20012,GRAL LUCIO V MANSILLA,9,FORMOSA
loc_20013,20013,HERRADURA,9,FORMOSA
loc_20014,20014,ISLA PAYAGUA,9,FORMOSA
loc_20015,20015,KILOMETRO 100,9,FORMOSA
loc_20016,20016,KILOMETRO 128,9,FORMOSA
loc_20017,20017,LA CHINA,9,FORMOSA
loc_20018,20018,LA ESPERANZA,9,FORMOSA
loc_20019,20019,LA LUCRECIA,9,FORMOSA
loc_20020,20020,LA PASION,9,FORMOSA
loc_20021,20021,NUEVO PILCOMAYO,9,FORMOSA
loc_20022,20022,OLEGARIO VICTOR ANDRADE,9,FORMOSA
loc_20023,20023,POTRERO DE LOS CABALLOS,9,FORMOSA
loc_20024,20024,RIACHO LINDO,9,FORMOSA
loc_20025,20025,RIACHO RAMIREZ,9,FORMOSA
loc_20026,20026,SAN ANTONIO,9,FORMOSA
loc_20027,20027,SAN CAYETANO,9,FORMOSA
loc_20028,20028,SAN FRANCISCO DE LAISHI,9,FORMOSA
loc_20029,20029,SANTA MARIA,9,FORMOSA
loc_20030,20030,SARGENTO CABRAL,9,FORMOSA
loc_20031,20031,SOLDADO EDMUNDO SOSA,9,FORMOSA
loc_20032,20032,TRES LAGUNAS,9,FORMOSA
loc_20033,20033,TRES MOJONES,9,FORMOSA
loc_20034,20034,TRES POCITOS,9,FORMOSA
loc_20035,20035,VILLA ESCOLAR,9,FORMOSA
loc_20036,20036,APARICIO CUE,14,MISIONES
loc_20037,20037,ARROYO YABEBIRI,14,MISIONES
loc_20038,20038,BARRANCON,14,MISIONES
loc_20039,20039,COLONIA DOMINGO SAVIO,14,MISIONES
loc_20040,20040,COLONIA JAPONESA,14,MISIONES
loc_20041,20041,COLONIA LEIVA,14,MISIONES
loc_20043,20043,COLONIA POLANA,14,MISIONES
loc_20044,20044,COLONIA ROCA,14,MISIONES
loc_20045,20045,COLONIA ROCA CHICA,14,MISIONES
loc_20046,20046,COLONIA SAN IGNACIO,14,MISIONES
loc_20047,20047,COLONIA YACUTINGA,14,MISIONES
loc_20048,20048,CORPUS,14,MISIONES
loc_20049,20049,EL 26,14,MISIONES
loc_20050,20050,EL DESTIERRO,14,MISIONES
loc_20051,20051,EL TRIUNFO,14,MISIONES
loc_20052,20052,ESTACION EXPERIMENTAL DE LORET,14,MISIONES
loc_20053,20053,GENERAL URQUIZA,14,MISIONES
loc_20054,20054,GOBERNADOR ROCA,14,MISIONES
loc_20055,20055,HEKENAN,14,MISIONES
loc_20056,20056,HIPOLITO YRIGOYEN,14,MISIONES
loc_20057,20057,INVERNADA SAN IGNACIO,14,MISIONES
loc_20058,20058,ISLA ARGENTINA,14,MISIONES
loc_20059,20059,JARDIN AMERICA,14,MISIONES
loc_20060,20060,LA HORQUETA,14,MISIONES
loc_20061,20061,LA OTILIA,14,MISIONES
loc_20062,20062,LOTE 25,14,MISIONES
loc_20063,20063,LOTE 5,14,MISIONES
loc_20064,20064,MANIS,14,MISIONES
loc_20065,20065,MARIA ANTONIA,14,MISIONES
loc_20066,20066,OASIS,14,MISIONES
loc_20067,20067,OBLIGADO,14,MISIONES
loc_20068,20068,OTILIA,14,MISIONES
loc_20069,20069,PASTOREO,14,MISIONES
loc_20070,20070,PUERTO CAZADOR,14,MISIONES
loc_20072,20072,PUERTO DOCE,14,MISIONES
loc_20074,20074,PUERTO GISELA,14,MISIONES
loc_20075,20075,PUERTO HARDELASTE,14,MISIONES
loc_20076,20076,PUERTO MENOCHIO,14,MISIONES
loc_20077,20077,PUERTO NARANJITO,14,MISIONES
loc_20078,20078,PUERTO NUEVO,14,MISIONES
loc_20079,20079,PUERTO SAN IGNACIO,14,MISIONES
loc_20080,20080,PUERTO TABAY,14,MISIONES
loc_20081,20081,PUERTO VIEJO,14,MISIONES
loc_20082,20082,PUERTO YABEBIRI,14,MISIONES
loc_20083,20083,ROCA CHICA,14,MISIONES
loc_20084,20084,SAN IGNACIO,14,MISIONES
loc_20085,20085,SANTO PIPO,14,MISIONES
loc_20086,20086,TACUARA,14,MISIONES
loc_20087,20087,3 DE MAYO,14,MISIONES
loc_20088,20088,CAPIOVI,14,MISIONES
loc_20090,20090,CAPIVU,14,MISIONES
loc_20091,20091,COLONIA LA OTILIA,14,MISIONES
loc_20092,20092,COLONIA ORO VERDE,14,MISIONES
loc_20094,20094,EL ALCAZAR,14,MISIONES
loc_20095,20095,GARUHAPE,14,MISIONES
loc_20096,20096,LINEA CUCHILLA,14,MISIONES
loc_20097,20097,LOS TEALES,14,MISIONES
loc_20098,20098,MBOPICUA,14,MISIONES
loc_20099,20099,PUERTO INGENIERO MORANDI,14,MISIONES
loc_20100,20100,PUERTO LEONI,14,MISIONES
loc_20101,20101,PUERTO MBOPICUA,14,MISIONES
loc_20102,20102,PUERTO MINERAL,14,MISIONES
loc_20103,20103,PUERTO ORO VERDE,14,MISIONES
loc_20104,20104,PUERTO PARANAY,14,MISIONES
loc_20105,20105,PUERTO RICO,14,MISIONES
loc_20106,20106,PUERTO SAN ALBERTO,14,MISIONES
loc_20107,20107,PUERTO TIGRE,14,MISIONES
loc_20108,20108,RUIZ DE MONTOYA,14,MISIONES
loc_20109,20109,SAN ALBERTO,14,MISIONES
loc_20110,20110,SAN GOTARDO,14,MISIONES
loc_20111,20111,SAN MIGUEL,14,MISIONES
loc_20112,20112,SAN SEBASTIAN,14,MISIONES
loc_20113,20113,17 DE AGOSTO,14,MISIONES
loc_20114,20114,2 DE ABRIL,14,MISIONES
loc_20115,20115,ALTA UNION,14,MISIONES
loc_20116,20116,CAPITAN ANTONIO MORALES,14,MISIONES
loc_20117,20117,COLONIA CHAFARIZ,14,MISIONES
loc_20118,20118,COLONIA LA NUEVA,14,MISIONES
loc_20119,20119,COLONIA PRIMAVERA,14,MISIONES
loc_20120,20120,CRUCE LONDERO,14,MISIONES
loc_20122,20122,EL LAPACHO,14,MISIONES
loc_20123,20123,EL SOBERBIO,14,MISIONES
loc_20124,20124,EL SOCORRO,14,MISIONES
loc_20125,20125,FRACRAN,14,MISIONES
loc_20126,20126,FRAY LUIS BELTRAN,14,MISIONES
loc_20127,20127,GUAIBICHU,14,MISIONES
loc_20128,20128,KILOMETRO 286,14,MISIONES
loc_20129,20129,KM 18,14,MISIONES
loc_20130,20130,LA BONITA,14,MISIONES
loc_20131,20131,LA FLOR,14,MISIONES
loc_20132,20132,LAS FLORES,14,MISIONES
loc_20133,20133,LAS MERCEDES,14,MISIONES
loc_20134,20134,LECHUZA,14,MISIONES
loc_20135,20135,LUJAN,14,MISIONES
loc_20136,20136,MANUEL BELGRANO,14,MISIONES
loc_20137,20137,MARIANO MORENO,14,MISIONES
loc_20138,20138,MESA REDONDA,14,MISIONES
loc_20139,20139,MIGUEL GUEMES,14,MISIONES
loc_20140,20140,MOCONA,14,MISIONES
loc_20141,20141,MONTEAGUDO,14,MISIONES
loc_20142,20142,PARAISO,14,MISIONES
loc_20143,20143,PICADA MANDARINA,14,MISIONES
loc_20144,20144,PUERTO PARAISO,14,MISIONES
loc_20145,20145,RIO YABOTAY,14,MISIONES
loc_20146,20146,SAN VICENTE,14,MISIONES
loc_20147,20147,VIRGEN DE LOURDES,14,MISIONES
loc_20148,20148,ARROYO FEDOR,14,MISIONES
loc_20149,20149,BUENA VISTA,14,MISIONES
loc_20150,20150,COLONIA CUMANDAY,14,MISIONES
loc_20151,20151,COSTA PORTERA,14,MISIONES
loc_20152,20152,FLORENTINO AMEGHINO,14,MISIONES
loc_20153,20153,FRAGA CUE,14,MISIONES
loc_20154,20154,FRANCES,14,MISIONES
loc_20155,20155,GUERRERO,14,MISIONES
loc_20156,20156,INVERNADA CHICA,14,MISIONES
loc_20157,20157,INVERNADA DE ITACARUARE,14,MISIONES
loc_20158,20158,INVERNADA GRANDE,14,MISIONES
loc_20159,20159,ITACARUARE,14,MISIONES
loc_20160,20160,KILOMETRO 26,14,MISIONES
loc_20161,20161,KILOMETRO 78,14,MISIONES
loc_20162,20162,LAS BANANERAS,14,MISIONES
loc_20163,20163,LAS MANDARINAS,14,MISIONES
loc_20164,20164,LOS GALPONES,14,MISIONES
loc_20166,20166,MOJON GRANDE,14,MISIONES
loc_20167,20167,PICADA SAN JAVIER,14,MISIONES
loc_20168,20168,PUERTO ROSARIO,14,MISIONES
loc_20169,20169,PUERTO RUBEN,14,MISIONES
loc_20171,20171,RINCON DE LOPEZ,14,MISIONES
loc_20172,20172,RINCON DEL GUERRERO,14,MISIONES
loc_20173,20173,SAN JAVIER,14,MISIONES
loc_20174,20174,TRES ESQUINAS,14,MISIONES
loc_20175,20175,25 DE MAYO,14,MISIONES
loc_20176,20176,9 DE JULIO,14,MISIONES
loc_20177,20177,ACARAGUA,14,MISIONES
loc_20178,20178,ALBA POSSE,14,MISIONES
loc_20179,20179,BARRA BONITA,14,MISIONES
loc_20180,20180,BARTOLITO,14,MISIONES
loc_20181,20181,CAMPOS SALLES,14,MISIONES
loc_20182,20182,COLONIA ALICIA,14,MISIONES
loc_20183,20183,COLONIA APARECIDA,14,MISIONES
loc_20184,20184,COLONIA AURORA,14,MISIONES
loc_20185,20185,COLONIA EL DORADILLO,14,MISIONES
loc_20186,20186,COLONIA EL PROGRESO,14,MISIONES
loc_20187,20187,DESPLAYADA,14,MISIONES
loc_20188,20188,EL MACACO,14,MISIONES
loc_20190,20190,EL SALTITO,14,MISIONES
loc_20191,20191,FILEMON POSE,14,MISIONES
loc_20192,20192,MAI BAO,14,MISIONES
loc_20193,20193,PUERTO ALICIA,14,MISIONES
loc_20194,20194,PUERTO AURORA,14,MISIONES
loc_20195,20195,PUERTO INSUA,14,MISIONES
loc_20196,20196,PUERTO LONDERO,14,MISIONES
loc_20197,20197,PUERTO SAN MARTIN,14,MISIONES
loc_20198,20198,SAN CARLOS,14,MISIONES
loc_20199,20199,SAN FRANCISCO DE ASIS,14,MISIONES
loc_20200,20200,SANTA RITA,14,MISIONES
loc_20201,20201,TORTA QUEMADA,14,MISIONES
loc_20202,20202,TRES BOCAS,14,MISIONES
loc_20203,20203,VILLA VILMA,14,MISIONES
loc_20205,20205,ARROYO MAGDALENA,14,MISIONES
loc_20206,20206,ARROYO PASTORA,14,MISIONES
loc_20207,20207,ARROYO TOMAS,14,MISIONES
loc_20209,20209,BELLA VISTA,14,MISIONES
loc_20210,20210,BONPLAND,14,MISIONES
loc_20211,20211,BONPLAND NORTE,14,MISIONES
loc_20212,20212,BRAZO DEL TACUARUZU,14,MISIONES
loc_20213,20213,CAAPORA,14,MISIONES
loc_20216,20216,CANDELARIA,14,MISIONES
loc_20217,20217,CAPUERON,14,MISIONES
loc_20218,20218,CERRO CORA,14,MISIONES
loc_20219,20219,COLONIA ALEMANA,14,MISIONES
loc_20220,20220,COLONIA ARISTOBULO DEL VALLE,14,MISIONES
loc_20221,20221,COLONIA GUARANI,14,MISIONES
loc_20222,20222,COLONIA MARTIRES,14,MISIONES
loc_20223,20223,COLONIA PROFUNDIDAD,14,MISIONES
loc_20224,20224,LA INVERNADA,14,MISIONES
loc_20225,20225,LAS QUEMADAS,14,MISIONES
loc_20226,20226,LORETO,14,MISIONES
loc_20227,20227,LOTE 117,14,MISIONES
loc_20228,20228,LOTE 12,14,MISIONES
loc_20229,20229,NACIENTES DEL ISABEL,14,MISIONES
loc_20230,20230,PICADA FINLANDESA,14,MISIONES
loc_20231,20231,PICADA PORTUGUESA,14,MISIONES
loc_20232,20232,PICADA SAN JAVIER,14,MISIONES
loc_20233,20233,PICADA SAN MARTIN,14,MISIONES
loc_20234,20234,PROFUNDIDAD,14,MISIONES
loc_20235,20235,PUERTO LA MINA,14,MISIONES
loc_20236,20236,RINCON DE BONPLAND,14,MISIONES
loc_20237,20237,RUINAS DE LORETO,14,MISIONES
loc_20238,20238,SANTA ANA,14,MISIONES
loc_20239,20239,SOL DE MAYO,14,MISIONES
loc_20240,20240,TACUARUZU,14,MISIONES
loc_20241,20241,TEYUGUARE,14,MISIONES
loc_20242,20242,TIMBAUBA,14,MISIONES
loc_20243,20243,TRATADO DE PAZ,14,MISIONES
loc_20244,20244,VILLA VENECIA,14,MISIONES
loc_20245,20245,YABEBIRI,14,MISIONES
loc_20246,20246,YACUTINGA,14,MISIONES
loc_20247,20247,YERBAL MAMBORETA,14,MISIONES
loc_20248,20248,ALMIRANTE BROWN,14,MISIONES
loc_20249,20249,BARRACON,14,MISIONES
loc_20250,20250,BERNARDO DE IRIGOYEN,14,MISIONES
loc_20251,20251,CABURE,14,MISIONES
loc_20253,20253,CAMPO ALEGRE,14,MISIONES
loc_20254,20254,COLONIA EL PESADO,14,MISIONES
loc_20255,20255,COLONIA MANUEL BELGRANO,14,MISIONES
loc_20256,20256,COLONIA TRES MARIAS,14,MISIONES
loc_20257,20257,COMANDANTE ANDRESITO,14,MISIONES
loc_20258,20258,DESEADO,14,MISIONES
loc_20259,20259,DOS HERMANAS,14,MISIONES
loc_20260,20260,EL PORVENIR,14,MISIONES
loc_20261,20261,INTEGRACION,14,MISIONES
loc_20262,20262,PARAJE AZOPARDO,14,MISIONES
loc_20263,20263,PARAJE ESTELINA,14,MISIONES
loc_20264,20264,PARAJE GRANADO,14,MISIONES
loc_20265,20265,PARAJE INTERCONTINENTAL,14,MISIONES
loc_20266,20266,PARAJE VILLA UNION,14,MISIONES
loc_20269,20269,SAN ANTONIO,14,MISIONES
loc_20270,20270,APOSTOLES,14,MISIONES
loc_20271,20271,ARROYO TUNITAS,14,MISIONES
loc_20272,20272,AZARA,14,MISIONES
loc_20273,20273,CAMPO RICHARDSON,14,MISIONES
loc_20274,20274,CARRILLO VIEJO,14,MISIONES
loc_20275,20275,CENTINELA,14,MISIONES
loc_20276,20276,CHEROGUITA,14,MISIONES
loc_20277,20277,CHIRIMAY,14,MISIONES
loc_20278,20278,COLONIA APOSTOLES,14,MISIONES
loc_20279,20279,COLONIA AZARA,14,MISIONES
loc_20280,20280,EL RANCHO,14,MISIONES
loc_20281,20281,ENSANCHE ESTE,14,MISIONES
loc_20282,20282,ENSANCHE NORTE,14,MISIONES
loc_20283,20283,ESTACION APOSTOLES,14,MISIONES
loc_20284,20284,LA CAPILLA,14,MISIONES
loc_20285,20285,LAS TUNAS,14,MISIONES
loc_20286,20286,LOTE 117,14,MISIONES
loc_20287,20287,MONTE HERMOSO,14,MISIONES
loc_20288,20288,NACIENTES DEL TUNAR,14,MISIONES
loc_20289,20289,PINDAPOY,14,MISIONES
loc_20290,20290,PUERTO AZARA,14,MISIONES
loc_20291,20291,RINCON DE CHIMTRAY,14,MISIONES
loc_20292,20292,SAN JOSE,14,MISIONES
loc_20293,20293,SAN JUAN DE LA SIERRA,14,MISIONES
loc_20294,20294,SIERRAS SAN JUAN,14,MISIONES
loc_20295,20295,TIGRE,14,MISIONES
loc_20296,20296,TRES CAPONES,14,MISIONES
loc_20297,20297,VILLA ERRECABORDE,14,MISIONES
loc_20298,20298,VILLA ORTIZ PEREIRA,14,MISIONES
loc_20299,20299,BARRA BONITA,14,MISIONES
loc_20300,20300,BAYO TRONCHO,14,MISIONES
loc_20301,20301,CAMPO RAMON,14,MISIONES
loc_20302,20302,CAMPO VIERA,14,MISIONES
loc_20303,20303,COLONIA ALBERDI,14,MISIONES
loc_20304,20304,COLONIA CHAPA,14,MISIONES
loc_20305,20305,COLONIA FLORIDA,14,MISIONES
loc_20306,20306,COLONIA YABEBIRI,14,MISIONES
loc_20308,20308,GENERAL ALVEAR,14,MISIONES
loc_20309,20309,GUARANI,14,MISIONES
loc_20310,20310,GUAYABERA,14,MISIONES
loc_20311,20311,KILOMETRO 4,14,MISIONES
loc_20312,20312,KILOMETRO 8,14,MISIONES
loc_20313,20313,LOS HELECHOS,14,MISIONES
loc_20314,20314,OBERA,14,MISIONES
loc_20315,20315,PANAMBI,14,MISIONES
loc_20316,20316,PARAJE DOS HERMANAS,14,MISIONES
loc_20317,20317,PICADA SAN MARTIN,14,MISIONES
loc_20318,20318,PICADA SUECA,14,MISIONES
loc_20319,20319,PICADA YAPEYU,14,MISIONES
loc_20320,20320,PUEBLO SALTO,14,MISIONES
loc_20321,20321,SAMAMBAYA,14,MISIONES
loc_20322,20322,SAN MARTIN,14,MISIONES
loc_20323,20323,SIERRA DE ORO,14,MISIONES
loc_20324,20324,VILLA ARMONIA,14,MISIONES
loc_20325,20325,VILLA BLANQUITA,14,MISIONES
loc_20326,20326,VILLA BONITA,14,MISIONES
loc_20327,20327,VILLA SARUBBI,14,MISIONES
loc_20328,20328,VILLA SVEA,14,MISIONES
loc_20329,20329,VILLA UNION,14,MISIONES
loc_20330,20330,YAPEYU CENTRO,14,MISIONES
loc_20331,20331,BARRANCON,14,MISIONES
loc_20332,20332,CARAGUATAY,14,MISIONES
loc_20333,20333,CITRUS,14,MISIONES
loc_20334,20334,COLONIA SANTA TERESA,14,MISIONES
loc_20335,20335,ESTANCIA SANTA RITA,14,MISIONES
loc_20336,20336,GUARAYPO,14,MISIONES
loc_20337,20337,ITA CURUZU,14,MISIONES
loc_20338,20338,KILOMETRO 34,14,MISIONES
loc_20339,20339,KILOMETRO 60,14,MISIONES
loc_20340,20340,LA MISIONERA,14,MISIONES
loc_20341,20341,LA POSTA,14,MISIONES
loc_20342,20342,LARRAQUE,14,MISIONES
loc_20343,20343,LINEA DE PERAY,14,MISIONES
loc_20344,20344,MACACA,14,MISIONES
loc_20345,20345,MACACO,14,MISIONES
loc_20346,20346,MONTECARLO,14,MISIONES
loc_20347,20347,PARANAY,14,MISIONES
loc_20348,20348,PIRAY,14,MISIONES
loc_20349,20349,PUERTO ALCAZAR,14,MISIONES
loc_20350,20350,PUERTO AVELLANEDA,14,MISIONES
loc_20351,20351,PUERTO CARAGUATAY,14,MISIONES
loc_20352,20352,PUERTO LAHARRAGUE,14,MISIONES
loc_20353,20353,PUERTO PIRAY,14,MISIONES
loc_20354,20354,TARUMA,14,MISIONES
loc_20355,20355,VILLA OJO DE AGUA,14,MISIONES
loc_20356,20356,22 DE DICIEMBRE,14,MISIONES
loc_20357,20357,CATARATAS DEL IGUAZU,14,MISIONES
loc_20358,20358,GOBERNADOR LANUSSE,14,MISIONES
loc_20359,20359,LA PLANTADORA,14,MISIONES
loc_20360,20360,LIBERTAD,14,MISIONES
loc_20361,20361,PLANCHADA BANDERITA,14,MISIONES
loc_20362,20362,PUERTO AGUIRRE,14,MISIONES
loc_20363,20363,PUERTO BEMBERG,14,MISIONES
loc_20364,20364,PUERTO BOSSETTI,14,MISIONES
loc_20365,20365,PUERTO CANOAS,14,MISIONES
loc_20366,20366,PUERTO CAROLINA,14,MISIONES
loc_20367,20367,PUERTO ERRECABORDE,14,MISIONES
loc_20368,20368,PUERTO ESPERANZA,14,MISIONES
loc_20369,20369,PUERTO IGUAZU,14,MISIONES
loc_20370,20370,PUERTO LIBERTAD,14,MISIONES
loc_20371,20371,PUERTO PAULITO,14,MISIONES
loc_20372,20372,PUERTO PENINSULA,14,MISIONES
loc_20373,20373,PUERTO URUGUAY,14,MISIONES
loc_20374,20374,PUERTO WANDA,14,MISIONES
loc_20375,20375,PUERTO YACUY,14,MISIONES
loc_20376,20376,SEGUNDA ZONA,14,MISIONES
loc_20377,20377,TIRICA,14,MISIONES
loc_20378,20378,VILLA FLOR,14,MISIONES
loc_20379,20379,WANDA,14,MISIONES
loc_20380,20380,ARROYO DEL MEDIO,14,MISIONES
loc_20381,20381,ARROYO ISABEL,14,MISIONES
loc_20382,20382,BELGRANO,14,MISIONES
loc_20383,20383,CAA YARI,14,MISIONES
loc_20384,20384,CAMPO SAN JUAN,14,MISIONES
loc_20385,20385,CAMPO TORNQUINST,14,MISIONES
loc_20386,20386,CERRO AZUL,14,MISIONES
loc_20387,20387,COLONIA ALBERDI,14,MISIONES
loc_20388,20388,COLONIA ALMAFUERTE,14,MISIONES
loc_20389,20389,COLONIA CAAGUAZU,14,MISIONES
loc_20390,20390,COLONIA FINLANDESA,14,MISIONES
loc_20391,20391,COLONIA POLACA,14,MISIONES
loc_20392,20392,COLONIA TARANCO,14,MISIONES
loc_20393,20393,DOS ARROYOS,14,MISIONES
loc_20394,20394,EL CHATON,14,MISIONES
loc_20395,20395,GOBERNADOR LOPEZ,14,MISIONES
loc_20396,20396,GRAL GUEMES,14,MISIONES
loc_20397,20397,KILOMETRO 26,14,MISIONES
loc_20398,20398,LEANDRO N ALEM,14,MISIONES
loc_20399,20399,MECKING,14,MISIONES
loc_20400,20400,OLEGARIO VICTOR ANDRADE,14,MISIONES
loc_20401,20401,ONCE VUELTAS,14,MISIONES
loc_20402,20402,PICADA BELGRANO,14,MISIONES
loc_20403,20403,PICADA BONPLAND,14,MISIONES
loc_20405,20405,PICADA IGLESIA,14,MISIONES
loc_20406,20406,PICADA LIBERTAD,14,MISIONES
loc_20407,20407,PICADA POLACA,14,MISIONES
loc_20408,20408,PICADA POZO FEO,14,MISIONES
loc_20409,20409,PICADA RUSA,14,MISIONES
loc_20410,20410,PICADA SAN JAVIER,14,MISIONES
loc_20411,20411,PICADA SUR MECKING,14,MISIONES
loc_20412,20412,VILLA INTA,14,MISIONES
loc_20413,20413,VILLA LIBERTAD,14,MISIONES
loc_20414,20414,ASERRADERO ECHEVERRIA,14,MISIONES
loc_20416,20416,BARRACON,14,MISIONES
loc_20417,20417,CAMPANA,14,MISIONES
loc_20418,20418,COLONIA FORTALEZA,14,MISIONES
loc_20419,20419,COLONIA GRAMADO,14,MISIONES
loc_20420,20420,COLONIA JUANITA,14,MISIONES
loc_20421,20421,COLONIA LA CHILLITA,14,MISIONES
loc_20422,20422,COLONIA LA GRUTA,14,MISIONES
loc_20423,20423,COLONIA LA POLACA,14,MISIONES
loc_20424,20424,COLONIA MONDORI,14,MISIONES
loc_20425,20425,COLONIA PADUAN,14,MISIONES
loc_20426,20426,COLONIA PALMERA,14,MISIONES
loc_20427,20427,COLONIA PUERTO ROSALES,14,MISIONES
loc_20428,20428,COLONIA SIETE ESTRELLAS,14,MISIONES
loc_20429,20429,CRUCE CABALLERO,14,MISIONES
loc_20430,20430,EL PARAISO,14,MISIONES
loc_20431,20431,PIRAY MINI,14,MISIONES
loc_20432,20432,SAN PEDRO,14,MISIONES
loc_20433,20433,SANTA ROSA,14,MISIONES
loc_20434,20434,TOBUNAS,14,MISIONES
loc_20435,20435,VILLA DON BOSCO,14,MISIONES
loc_20436,20436,9 DE JULIO KILOMETRO 20,14,MISIONES
loc_20437,20437,COLONIA CUNCI,14,MISIONES
loc_20438,20438,COLONIA DELICIA,14,MISIONES
loc_20439,20439,COLONIA DURAN,14,MISIONES
loc_20440,20440,COLONIA VICTORIA,14,MISIONES
loc_20441,20441,ELDORADO,14,MISIONES
loc_20442,20442,KILOMETRO 10,14,MISIONES
loc_20443,20443,MARIA MAGDALENA,14,MISIONES
loc_20444,20444,PATI CUA,14,MISIONES
loc_20445,20445,PUERTO DELICIA,14,MISIONES
loc_20446,20446,PUERTO EL DORADO,14,MISIONES
loc_20447,20447,PUERTO MADO,14,MISIONES
loc_20448,20448,PUERTO PATICAA,14,MISIONES
loc_20449,20449,PUERTO PINARES,14,MISIONES
loc_20450,20450,PUERTO VICTORIA,14,MISIONES
loc_20451,20451,SANTIAGO DE LINIERS,14,MISIONES
loc_20452,20452,VILLA ROULET,14,MISIONES
loc_20453,20453,1 DE MAYO,14,MISIONES
loc_20454,20454,2 DE MAYO,14,MISIONES
loc_20455,20455,ADOLFO J POMAR,14,MISIONES
loc_20456,20456,ARISTOBULO DEL VALLE,14,MISIONES
loc_20457,20457,BERNARDINO RIVADAVIA,14,MISIONES
loc_20458,20458,CAINGUAS,14,MISIONES
loc_20459,20459,CAMPO GRANDE,14,MISIONES
loc_20460,20460,CARRIL DE ANTA,14,MISIONES
loc_20461,20461,CASCUDA,14,MISIONES
loc_20462,20462,COLONIA SEGUI,14,MISIONES
loc_20463,20463,DESTACAMENTO BOSQUES,14,MISIONES
loc_20464,20464,DORADITO,14,MISIONES
loc_20465,20465,EL TIGRE,14,MISIONES
loc_20466,20466,FRIGO,14,MISIONES
loc_20467,20467,FRONTERAS,14,MISIONES
loc_20468,20468,INDUMAR,14,MISIONES
loc_20469,20469,INTEGRACION,14,MISIONES
loc_20470,20470,JUAN DOMINGO PERON,14,MISIONES
loc_20471,20471,KILOMETRO 17 RUTA 8,14,MISIONES
loc_20472,20472,KM 1230,14,MISIONES
loc_20473,20473,KM 1246,14,MISIONES
loc_20474,20474,KM 1247,14,MISIONES
loc_20475,20475,KM1228,14,MISIONES
loc_20476,20476,LAPACHO,14,MISIONES
loc_20477,20477,LOMA PORA,14,MISIONES
loc_20478,20478,MILAGRO,14,MISIONES
loc_20479,20479,PARAJE LUCERO,14,MISIONES
loc_20480,20480,PINDAITI,14,MISIONES
loc_20481,20481,PINDAYTI,14,MISIONES
loc_20482,20482,PUEBLO ILLIA,14,MISIONES
loc_20483,20483,SALTO ENCANTADO,14,MISIONES
loc_20484,20484,SOL NACIENTE,14,MISIONES
loc_20485,20485,ARRECHEA,14,MISIONES
loc_20486,20486,ARROYO PERSIGUERO,14,MISIONES
loc_20487,20487,ARROYO SANTA MARIA,14,MISIONES
loc_20488,20488,BARRA CONCEPCION,14,MISIONES
loc_20489,20489,BRETES MARTIRES,14,MISIONES
loc_20490,20490,COLONIA CAPON BONITO,14,MISIONES
loc_20491,20491,COLONIA MARTIR SANTA MARIA,14,MISIONES
loc_20492,20492,COLONIA SAN JAVIER,14,MISIONES
loc_20493,20493,COLONIA SANTA MARIA,14,MISIONES
loc_20494,20494,CONCEPCION DE LA SIERRA,14,MISIONES
loc_20495,20495,EL PERSIGUERO,14,MISIONES
loc_20496,20496,ISLA SAN LUCAS,14,MISIONES
loc_20497,20497,OJO DE AGUA,14,MISIONES
loc_20498,20498,PASO DEL ARROYO PERSIGUERO,14,MISIONES
loc_20500,20500,PERSIGUERO,14,MISIONES
loc_20501,20501,PUERTO CONCEPCION,14,MISIONES
loc_20502,20502,PUERTO SAN LUCAS,14,MISIONES
loc_20503,20503,SAN ISIDRO,14,MISIONES
loc_20504,20504,SAN LUCAS,14,MISIONES
loc_20505,20505,SANTA MARIA LA MAYOR,14,MISIONES
loc_20506,20506,SANTA MARIA MARTIR,14,MISIONES
loc_20507,20507,ARROYO,14,MISIONES
loc_20508,20508,BARRIO DON SANTIAGO,14,MISIONES
loc_20509,20509,DAMUS,14,MISIONES
loc_20510,20510,DOMINGO BARTHE,14,MISIONES
loc_20511,20511,DON HORACIO,14,MISIONES
loc_20512,20512,EL REPOSO,14,MISIONES
loc_20513,20513,EL TROPEZON,14,MISIONES
loc_20514,20514,ESTANCIA ITAEMBE,14,MISIONES
loc_20515,20515,FACHINAL,14,MISIONES
loc_20516,20516,GARUPA,14,MISIONES
loc_20517,20517,GARUPA NORTE,14,MISIONES
loc_20518,20518,ITAEMBE MINI,14,MISIONES
loc_20519,20519,KILOMETRO 538,14,MISIONES
loc_20520,20520,KILOMETRO 546,14,MISIONES
loc_20521,20521,KILOMETRO 577,14,MISIONES
loc_20522,20522,KILOMETRO 595,14,MISIONES
loc_20523,20523,LA MILAGROSA,14,MISIONES
loc_20524,20524,LA ROTONDA,14,MISIONES
loc_20525,20525,LAS VERTIENTES,14,MISIONES
loc_20526,20526,MANANTIALES,14,MISIONES
loc_20527,20527,MIGUEL LANUS,14,MISIONES
loc_20528,20528,NUEVA VALENCIA,14,MISIONES
loc_20529,20529,PARADA LEIS,14,MISIONES
loc_20531,20531,POSADAS,14,MISIONES
loc_20532,20532,PUENTE NACIONAL,14,MISIONES
loc_20533,20533,PUERTO LUJAN,14,MISIONES
loc_20534,20534,RINCON DE BUGRES,14,MISIONES
loc_20535,20535,SAN ANDRES,14,MISIONES
loc_20536,20536,SAN ISIDRO,14,MISIONES
loc_20537,20537,SAN JUAN,14,MISIONES
loc_20538,20538,SANTA INES,14,MISIONES
loc_20539,20539,SIERRA DE SAN JOSE,14,MISIONES
loc_20540,20540,TORORO,14,MISIONES
loc_20541,20541,VILLA EMILIA,14,MISIONES
loc_20542,20542,VILLA LANUS,14,MISIONES
loc_20543,20543,VILLALONGA,14,MISIONES
loc_20544,20544,ISLA GRAN MALVINA,23,TIERRA DEL FUEGO
loc_20545,20545,ISLA SOLEDAD,23,TIERRA DEL FUEGO
loc_20546,20546,BAHIA LAPATAIA,23,TIERRA DEL FUEGO
loc_20547,20547,ESTANCIA HARBERTON,23,TIERRA DEL FUEGO
loc_20548,20548,HOSTERIA KAIKEN,23,TIERRA DEL FUEGO
loc_20549,20549,ISLA DE LOS ESTADOS,23,TIERRA DEL FUEGO
loc_20550,20550,USHUAIA,23,TIERRA DEL FUEGO
loc_20551,20551,ASERRADERO ARROYO,23,TIERRA DEL FUEGO
loc_20552,20552,CABAÑA RUBY,23,TIERRA DEL FUEGO
loc_20553,20553,CABO SAN PABLO,23,TIERRA DEL FUEGO
loc_20554,20554,CAMPAMENTO CENTRAL YPF,23,TIERRA DEL FUEGO
loc_20555,20555,CAMPAMENTO LOS CHORRILLOS,23,TIERRA DEL FUEGO
loc_20556,20556,COMISARIA RADMAN,23,TIERRA DEL FUEGO
loc_20557,20557,EL PARAMO,23,TIERRA DEL FUEGO
loc_20558,20558,ESTACION AERONAVAL,23,TIERRA DEL FUEGO
loc_20559,20559,ESTACION OSN,23,TIERRA DEL FUEGO
loc_20560,20560,ESTANCIA AURELIA,23,TIERRA DEL FUEGO
loc_20561,20561,ESTANCIA BUENOS AIRES,23,TIERRA DEL FUEGO
loc_20562,20562,ESTANCIA CARMEN,23,TIERRA DEL FUEGO
loc_20563,20563,ESTANCIA CAUCHICO,23,TIERRA DEL FUEGO
loc_20564,20564,ESTANCIA COSTANCIA,23,TIERRA DEL FUEGO
loc_20565,20565,ESTANCIA CULLEN,23,TIERRA DEL FUEGO
loc_20566,20566,ESTANCIA DESPEDIDA,23,TIERRA DEL FUEGO
loc_20567,20567,ESTANCIA DOS HEMANAS,23,TIERRA DEL FUEGO
loc_20568,20568,ESTANCIA EL ROBLE,23,TIERRA DEL FUEGO
loc_20569,20569,ESTANCIA EL RODEO,23,TIERRA DEL FUEGO
loc_20570,20570,ESTANCIA EL SALVADOR,23,TIERRA DEL FUEGO
loc_20571,20571,ESTANCIA GUAZU CUE,23,TIERRA DEL FUEGO
loc_20572,20572,ESTANCIA HERMINITA,23,TIERRA DEL FUEGO
loc_20573,20573,ESTANCIA INES,23,TIERRA DEL FUEGO
loc_20574,20574,ESTANCIA JOSE MENENDEZ,23,TIERRA DEL FUEGO
loc_20575,20575,ESTANCIA LA CRIOLLA,23,TIERRA DEL FUEGO
loc_20576,20576,ESTANCIA LA FUEGUINA,23,TIERRA DEL FUEGO
loc_20577,20577,ESTANCIA LA INDIANA,23,TIERRA DEL FUEGO
loc_20578,20578,ESTANCIA LA PORTEÑA,23,TIERRA DEL FUEGO
loc_20579,20579,ESTANCIA LAS HIJAS,23,TIERRA DEL FUEGO
loc_20580,20580,ESTANCIA LAS VIOLETAS,23,TIERRA DEL FUEGO
loc_20581,20581,ESTANCIA LAURA,23,TIERRA DEL FUEGO
loc_20582,20582,ESTANCIA LIBERTAD,23,TIERRA DEL FUEGO
loc_20583,20583,ESTANCIA LOS CERROS,23,TIERRA DEL FUEGO
loc_20584,20584,ESTANCIA LOS FLAMENCOS,23,TIERRA DEL FUEGO
loc_20585,20585,ESTANCIA MARIA BEHETY,23,TIERRA DEL FUEGO
loc_20586,20586,ESTANCIA MARIA CRISTINA,23,TIERRA DEL FUEGO
loc_20587,20587,ESTANCIA MARIA LUISA,23,TIERRA DEL FUEGO
loc_20588,20588,ESTANCIA MARINA,23,TIERRA DEL FUEGO
loc_20589,20589,ESTANCIA MIRAMONTE,23,TIERRA DEL FUEGO
loc_20590,20590,ESTANCIA PIRINAICA,23,TIERRA DEL FUEGO
loc_20591,20591,ESTANCIA POLICARPO,23,TIERRA DEL FUEGO
loc_20592,20592,ESTANCIA RIO CLARO,23,TIERRA DEL FUEGO
loc_20593,20593,ESTANCIA RIO EWAN,23,TIERRA DEL FUEGO
loc_20594,20594,ESTANCIA RIO IRIGOYEN,23,TIERRA DEL FUEGO
loc_20595,20595,ESTANCIA RIVADAVIA,23,TIERRA DEL FUEGO
loc_20596,20596,ESTANCIA ROLITO,23,TIERRA DEL FUEGO
loc_20597,20597,ESTANCIA ROSITA,23,TIERRA DEL FUEGO
loc_20598,20598,ESTANCIA RUBY,23,TIERRA DEL FUEGO
loc_20599,20599,ESTANCIA SAN JOSE,23,TIERRA DEL FUEGO
loc_20600,20600,ESTANCIA SAN JULIO,23,TIERRA DEL FUEGO
loc_20601,20601,ESTANCIA SAN JUSTO,23,TIERRA DEL FUEGO
loc_20602,20602,ESTANCIA SAN MARTIN,23,TIERRA DEL FUEGO
loc_20603,20603,ESTANCIA SAN PABLO,23,TIERRA DEL FUEGO
loc_20604,20604,ESTANCIA SANTA ANA,23,TIERRA DEL FUEGO
loc_20605,20605,ESTANCIA SARA,23,TIERRA DEL FUEGO
loc_20606,20606,ESTANCIA TEPI,23,TIERRA DEL FUEGO
loc_20607,20607,ESTANCIA VIAMONTE,23,TIERRA DEL FUEGO
loc_20608,20608,FRIGORIFICO CAP,23,TIERRA DEL FUEGO
loc_20609,20609,LAGO KHAMI,23,TIERRA DEL FUEGO
loc_20610,20610,MISION SALESIANA MÑOR FAGNANO,23,TIERRA DEL FUEGO
loc_20611,20611,PUNTA MARIA,23,TIERRA DEL FUEGO
loc_20612,20612,RIO GRANDE,23,TIERRA DEL FUEGO
loc_20613,20613,SAN SEBASTIAN,23,TIERRA DEL FUEGO
loc_20614,20614,SANTA INES,23,TIERRA DEL FUEGO
loc_20615,20615,SECCION AVILES  ESTANCIA SAN J,23,TIERRA DEL FUEGO
loc_20616,20616,TOLHUIN,23,TIERRA DEL FUEGO
loc_20617,20617,BASE AEREA TENIENTE MATIENZO,23,TIERRA DEL FUEGO
loc_20618,20618,BASE AEREA VICECOMOD MARAMBIO,23,TIERRA DEL FUEGO
loc_20619,20619,BASE BELGRANO,23,TIERRA DEL FUEGO
loc_20620,20620,BASE BELGRANO 2,23,TIERRA DEL FUEGO
loc_20621,20621,BASE BELGRANO 3,23,TIERRA DEL FUEGO
loc_20622,20622,BASE CIENTIFICA TTE JUBANY,23,TIERRA DEL FUEGO
loc_20623,20623,BASE EJERCITO ESPERANZA,23,TIERRA DEL FUEGO
loc_20624,20624,BASE EJERCITO GRAL SAN MARTIN,23,TIERRA DEL FUEGO
loc_20625,20625,BASE EJERCITO PRIMAVERA,23,TIERRA DEL FUEGO
loc_20626,20626,BASE EJERCITO SOBRAL,23,TIERRA DEL FUEGO
loc_20627,20627,BASE ORCADAS,23,TIERRA DEL FUEGO
loc_20628,20628,DESTACAMENTO MELCHIOR,23,TIERRA DEL FUEGO
loc_20629,20629,ESTACION CIENTIFICA ALTE BROWN,23,TIERRA DEL FUEGO
loc_20630,20630,ISLA JOINVILLE,23,TIERRA DEL FUEGO
loc_20631,20631,ISLA SHETLAND DEL SUR,23,TIERRA DEL FUEGO
loc_20632,20632,ISLAS GEORGIAS DEL SUR,23,TIERRA DEL FUEGO
loc_20633,20633,ISLAS ORCADAS DEL SUR,23,TIERRA DEL FUEGO
loc_20634,20634,ISLAS SANDWICH DEL SUR,23,TIERRA DEL FUEGO
loc_20635,20635,AGUAS CALIENTES,10,JUJUY
loc_20636,20636,ALTO VERDE,10,JUJUY
loc_20637,20637,BARRIO LA UNION,10,JUJUY
loc_20638,20638,BORDO LA ISLA,10,JUJUY
loc_20639,20639,CADILLA,10,JUJUY
loc_20640,20640,CAMPO LA TUNA,10,JUJUY
loc_20642,20642,CHAMICAL,10,JUJUY
loc_20643,20643,CHUCUPAL,10,JUJUY
loc_20644,20644,COLONIA LOS LAPACHOS,10,JUJUY
loc_20645,20645,CORONEL ARIAS,10,JUJUY
loc_20646,20646,EL CABRAL,10,JUJUY
loc_20647,20647,EL CADILLAL,10,JUJUY
loc_20648,20648,EL CARMEN,10,JUJUY
loc_20649,20649,EL MOLLAR,10,JUJUY
loc_20650,20650,EL OLLERO,10,JUJUY
loc_20651,20651,EL PONGO,10,JUJUY
loc_20652,20652,EL SUNCHAL,10,JUJUY
loc_20653,20653,EL TOBA,10,JUJUY
loc_20654,20654,ENTRE RIOS,10,JUJUY
loc_20655,20655,ESTACION PERICO,10,JUJUY
loc_20656,20656,FINCA LEACH,10,JUJUY
loc_20657,20657,HORNILLOS,10,JUJUY
loc_20658,20658,IRIARTE,10,JUJUY
loc_20659,20659,KILOMETRO 1129,10,JUJUY
loc_20660,20660,LA CIENAGA,10,JUJUY
loc_20661,20661,LA OLLADA,10,JUJUY
loc_20662,20662,LA OVEJERIA,10,JUJUY
loc_20663,20663,LA UNION,10,JUJUY
loc_20664,20664,LAGUNILLA EL CARMEN,10,JUJUY
loc_20666,20666,LAS PAMPITAS,10,JUJUY
loc_20667,20667,LAS PICHANAS,10,JUJUY
loc_20668,20668,LAS PIRCAS,10,JUJUY
loc_20669,20669,LAVAYEN,10,JUJUY
loc_20670,20670,LOS CEDROS,10,JUJUY
loc_20671,20671,LOS LAPACHOS,10,JUJUY
loc_20672,20672,LOS MANANTIALES,10,JUJUY
loc_20673,20673,LOTE SAN JUANCITO,10,JUJUY
loc_20674,20674,MAQUINISTA VERON,10,JUJUY
loc_20675,20675,MONTERRICO,10,JUJUY
loc_20676,20676,PALO BLANCO,10,JUJUY
loc_20677,20677,PAMPA BLANCA,10,JUJUY
loc_20678,20678,PAMPA VIEJA,10,JUJUY
loc_20679,20679,PERICO,10,JUJUY
loc_20680,20680,PERICO SAN JUAN,10,JUJUY
loc_20681,20681,POZO DE LAS AVISPAS,10,JUJUY
loc_20682,20682,PUESTO VIEJO,10,JUJUY
loc_20683,20683,SAN GABRIEL,10,JUJUY
loc_20684,20684,SAN JUANCITO,10,JUJUY
loc_20685,20685,SAN RAFAEL,10,JUJUY
loc_20686,20686,SAN VICENTE,10,JUJUY
loc_20687,20687,SANTA RITA,10,JUJUY
loc_20688,20688,SANTO DOMINGO,10,JUJUY
loc_20689,20689,TOBA,10,JUJUY
loc_20690,20690,VENECIAS ARGENTINAS,10,JUJUY
loc_20691,20691,VILLA ARGENTINA,10,JUJUY
loc_20692,20692,ABRA DE PIVES,10,JUJUY
loc_20693,20693,ACHACAMAYOC,10,JUJUY
loc_20694,20694,AGUA BENDITA,10,JUJUY
loc_20696,20696,AGUA PALOMAR,10,JUJUY
loc_20697,20697,ALTO DE CASA,10,JUJUY
loc_20698,20698,ALTO DE LOZANO,10,JUJUY
loc_20699,20699,ALTO DE MOJON,10,JUJUY
loc_20700,20700,ALTO DEL ANGOSTO,10,JUJUY
loc_20701,20701,ALTO DEL SALADILLO,10,JUJUY
loc_20702,20702,ALTO HUANCAR,10,JUJUY
loc_20703,20703,ALTO MINERO,10,JUJUY
loc_20704,20704,ALTO POTRERILLO,10,JUJUY
loc_20705,20705,ALTO QUEMADO,10,JUJUY
loc_20706,20706,ALTO QUIRQUINCHO,10,JUJUY
loc_20707,20707,BARCENA,10,JUJUY
loc_20708,20708,BOLETERIA,10,JUJUY
loc_20709,20709,BOMBA,10,JUJUY
loc_20710,20710,CAMPO OCULTO,10,JUJUY
loc_20711,20711,CANCHAHUASI,10,JUJUY
loc_20712,20712,CAPACHACRA,10,JUJUY
loc_20713,20713,CARCEL,10,JUJUY
loc_20714,20714,CASA NEGRA,10,JUJUY
loc_20715,20715,CASA VIEJA,10,JUJUY
loc_20718,20718,CHILCAR,10,JUJUY
loc_20719,20719,CHILCAYOC,10,JUJUY
loc_20720,20720,CHORRILLO,10,JUJUY
loc_20721,20721,CIENAGA GRANDE,10,JUJUY
loc_20722,20722,COIRURO,10,JUJUY
loc_20723,20723,COLORADOS,10,JUJUY
loc_20724,20724,CONDOR,10,JUJUY
loc_20725,20725,CORTADERAS,10,JUJUY
loc_20726,20726,COSTILLAR,10,JUJUY
loc_20727,20727,CRUZ NIDO,10,JUJUY
loc_20728,20728,EL COLORADO,10,JUJUY
loc_20729,20729,EL MOLINO,10,JUJUY
loc_20730,20730,EL MORENO,10,JUJUY
loc_20731,20731,EL MORRO,10,JUJUY
loc_20732,20732,EL SALADILLO,10,JUJUY
loc_20733,20733,ENCRUCIJADA,10,JUJUY
loc_20734,20734,ESQUINA DE HUANCAR,10,JUJUY
loc_20735,20735,ESQUINA GRANDE,10,JUJUY
loc_20736,20736,ESTANCIA GRANDE,10,JUJUY
loc_20737,20737,HIGUERITAS,10,JUJUY
loc_20738,20738,HUACHICHOCANA,10,JUJUY
loc_20739,20739,HUANCAR,10,JUJUY
loc_20740,20740,INCA HUASI,10,JUJUY
loc_20741,20741,KILOMETRO 1183,10,JUJUY
loc_20742,20742,LA AGUADITA,10,JUJUY
loc_20744,20744,LA PUERTA,10,JUJUY
loc_20745,20745,LAGUNAS,10,JUJUY
loc_20748,20748,LINDERO,10,JUJUY
loc_20749,20749,LIPAN,10,JUJUY
loc_20750,20750,LOMA LARGA,10,JUJUY
loc_20751,20751,MINAS DE BORATO,10,JUJUY
loc_20753,20753,MOLLI PUNCO,10,JUJUY
loc_20754,20754,MORENO CHICO,10,JUJUY
loc_20755,20755,MORRITO,10,JUJUY
loc_20756,20756,PIEDRA CHOTA,10,JUJUY
loc_20757,20757,PIEDRAS AMONTONADAS,10,JUJUY
loc_20758,20758,PIEDRAS BLANCAS,10,JUJUY
loc_20759,20759,PISCUNO,10,JUJUY
loc_20760,20760,PORVENIR,10,JUJUY
loc_20761,20761,POSTA DE HORNILLOS,10,JUJUY
loc_20762,20762,POTRERO,10,JUJUY
loc_20763,20763,POZO BRAVO,10,JUJUY
loc_20764,20764,POZO COLORADO,10,JUJUY
loc_20765,20765,PUEBLO PLA,10,JUJUY
loc_20766,20766,PUERTA DE COLORADOS,10,JUJUY
loc_20767,20767,PUERTA DE LIPAN,10,JUJUY
loc_20768,20768,PUERTA PATACAL,10,JUJUY
loc_20769,20769,PUNA DE JUJUY,10,JUJUY
loc_20770,20770,PUNTA CANAL,10,JUJUY
loc_20771,20771,PUNTA CORRAL,10,JUJUY
loc_20772,20772,PUNTAS DE COLORADOS,10,JUJUY
loc_20773,20773,PURMAMARCA,10,JUJUY
loc_20774,20774,QUISQUINE,10,JUJUY
loc_20775,20775,RECEPTORIA,10,JUJUY
loc_20776,20776,RIVERITO,10,JUJUY
loc_20777,20777,SALA,10,JUJUY
loc_20778,20778,SAN BERNARDO,10,JUJUY
loc_20779,20779,SAN JAVIER,10,JUJUY
loc_20781,20781,SANTA ROSA TUMBAYA,10,JUJUY
loc_20782,20782,SANTUYOC,10,JUJUY
loc_20783,20783,SUSUYACO,10,JUJUY
loc_20784,20784,TALA GRUSA,10,JUJUY
loc_20785,20785,TESORERO,10,JUJUY
loc_20786,20786,TIRAXI,10,JUJUY
loc_20787,20787,TIRAXI CHICO,10,JUJUY
loc_20788,20788,TOTORITO,10,JUJUY
loc_20789,20789,TRES MORROS,10,JUJUY
loc_20790,20790,TRIUNVIRATO,10,JUJUY
loc_20791,20791,TUMBAYA,10,JUJUY
loc_20792,20792,TUMBAYA GRANDE,10,JUJUY
loc_20793,20793,TUNALITO,10,JUJUY
loc_20794,20794,VOLCAN,10,JUJUY
loc_20795,20795,ALTO CALILEGUA,10,JUJUY
loc_20796,20796,AMANCAYOC,10,JUJUY
loc_20797,20797,AMARGURAS,10,JUJUY
loc_20798,20798,ANTIGUO,10,JUJUY
loc_20799,20799,CACHO,10,JUJUY
loc_20800,20800,CASPALA,10,JUJUY
loc_20801,20801,CHILCAR,10,JUJUY
loc_20802,20802,CHORRO,10,JUJUY
loc_20803,20803,CORTADERAS,10,JUJUY
loc_20804,20804,FUNDICIONES,10,JUJUY
loc_20805,20805,GOBERNADOR TELLO,10,JUJUY
loc_20806,20806,LOMA LARGA,10,JUJUY
loc_20807,20807,NOGAL,10,JUJUY
loc_20808,20808,NOGALES,10,JUJUY
loc_20809,20809,NOGALITO,10,JUJUY
loc_20810,20810,PAMPICHUELA,10,JUJUY
loc_20811,20811,PICACHO,10,JUJUY
loc_20812,20812,PILCOMAYO,10,JUJUY
loc_20813,20813,PISCUNO,10,JUJUY
loc_20814,20814,POTRERILLO,10,JUJUY
loc_20815,20815,PUEBLO,10,JUJUY
loc_20816,20816,PUERTO TOLAVA,10,JUJUY
loc_20818,20818,RAMADA,10,JUJUY
loc_20819,20819,SAN ANTONIO,10,JUJUY
loc_20820,20820,SAN FRANCISCO,10,JUJUY
loc_20821,20821,SAN LUCAS,10,JUJUY
loc_20822,20822,SANTA ANA,10,JUJUY
loc_20823,20823,SANTA BARBARA,10,JUJUY
loc_20824,20824,SANTA CLARA,10,JUJUY
loc_20825,20825,SANTA ROSA VALLE GRANDE,10,JUJUY
loc_20826,20826,SOLEDAD,10,JUJUY
loc_20827,20827,TABLON,10,JUJUY
loc_20828,20828,TALAR,10,JUJUY
loc_20829,20829,TORO MUERTO,10,JUJUY
loc_20830,20830,TRANCAS,10,JUJUY
loc_20831,20831,VALLE COLORADO,10,JUJUY
loc_20832,20832,VALLE GRANDE,10,JUJUY
loc_20833,20833,VIZACACHAL,10,JUJUY
loc_20834,20834,ABDON CASTRO TOLAY,10,JUJUY
loc_20835,20835,ABRA PAMPA,10,JUJUY
loc_20836,20836,ABRALAITE,10,JUJUY
loc_20837,20837,AGUA CALIENTE DE LA PUNA,10,JUJUY
loc_20838,20838,AGUA CHICA,10,JUJUY
loc_20839,20839,AGUA DE CASTILLA,10,JUJUY
loc_20840,20840,ARBOLITO NUEVO,10,JUJUY
loc_20841,20841,BARRANCAS,10,JUJUY
loc_20842,20842,CASA COLORADA,10,JUJUY
loc_20843,20843,CASABINDO,10,JUJUY
loc_20844,20844,CATARI,10,JUJUY
loc_20845,20845,CERRO AGUA CALIENTE,10,JUJUY
loc_20846,20846,CERRO CHICO,10,JUJUY
loc_20847,20847,CHAUPI RODERO,10,JUJUY
loc_20848,20848,CHOROJRA,10,JUJUY
loc_20849,20849,CHULIN O INCA NUEVA,10,JUJUY
loc_20850,20850,COCHAGATE,10,JUJUY
loc_20851,20851,COCHINOCA,10,JUJUY
loc_20852,20852,DONCELLAS,10,JUJUY
loc_20853,20853,EL POTRERO DE LA PUNA,10,JUJUY
loc_20854,20854,ESTACION ZOOTECNICA,10,JUJUY
loc_20855,20855,GUEMES,10,JUJUY
loc_20856,20856,LA BANDA,10,JUJUY
loc_20857,20857,LA FALDA,10,JUJUY
loc_20858,20858,LLAMERIA,10,JUJUY
loc_20859,20859,LLULLUCHAYOC,10,JUJUY
loc_20860,20860,LUMARA,10,JUJUY
loc_20861,20861,MAYILTE,10,JUJUY
loc_20862,20862,MIRA FLORES,10,JUJUY
loc_20863,20863,MIRAFLORES DE LA CANDELARIA,10,JUJUY
loc_20864,20864,MOCORAITE,10,JUJUY
loc_20867,20867,POTRERO DE LA PUNA,10,JUJUY
loc_20868,20868,PUERTA POTRERO,10,JUJUY
loc_20869,20869,PUESTO DEL MARQUEZ,10,JUJUY
loc_20870,20870,PUNTA DE AGUA,10,JUJUY
loc_20872,20872,QUENTI TACO,10,JUJUY
loc_20873,20873,QUERA,10,JUJUY
loc_20874,20874,QUETA,10,JUJUY
loc_20875,20875,QUICHAGUA,10,JUJUY
loc_20876,20876,RACHAITE,10,JUJUY
loc_20877,20877,RAMALLO,10,JUJUY
loc_20878,20878,RINCONADILLAS,10,JUJUY
loc_20879,20879,RONTUYOC,10,JUJUY
loc_20880,20880,RUMI CRUZ,10,JUJUY
loc_20881,20881,SAN FRANCISCO DE ALFARCITO,10,JUJUY
loc_20882,20882,SAN JOSE DE MIRAFLORES,10,JUJUY
loc_20883,20883,SAN JUAN DE QUILLAGUES,10,JUJUY
loc_20884,20884,SANTA ANA DE LA PUNA,10,JUJUY
loc_20885,20885,SANTUARIO,10,JUJUY
loc_20886,20886,SAYATE,10,JUJUY
loc_20887,20887,SORCUYO,10,JUJUY
loc_20888,20888,TABLADITAS,10,JUJUY
loc_20889,20889,TAMBILLOS,10,JUJUY
loc_20890,20890,TEUCO,10,JUJUY
loc_20891,20891,TUITE,10,JUJUY
loc_20892,20892,TURU TARI,10,JUJUY
loc_20893,20893,TUSAQUILLAS,10,JUJUY
loc_20895,20895,AGUA DE CASTILLA,10,JUJUY
loc_20896,20896,BARRIOS,10,JUJUY
loc_20897,20897,CAJAS,10,JUJUY
loc_20898,20898,CANGREJILLOS,10,JUJUY
loc_20899,20899,CANGREJOS,10,JUJUY
loc_20900,20900,CARACARA,10,JUJUY
loc_20901,20901,CASTI,10,JUJUY
loc_20902,20902,CERRILLOS,10,JUJUY
loc_20903,20903,CHOCOITE,10,JUJUY
loc_20905,20905,CORRALITO,10,JUJUY
loc_20906,20906,EL CONDOR,10,JUJUY
loc_20907,20907,EL MONUMENTO,10,JUJUY
loc_20908,20908,ESCAYA,10,JUJUY
loc_20909,20909,INTICANCHO,10,JUJUY
loc_20910,20910,KILOMETRO 1397,10,JUJUY
loc_20911,20911,LA CHINACA,10,JUJUY
loc_20912,20912,LA CIENAGA,10,JUJUY
loc_20914,20914,LA INTERMEDIA,10,JUJUY
loc_20915,20915,LA QUIACA,10,JUJUY
loc_20916,20916,MAYINTE,10,JUJUY
loc_20917,20917,MINA BELGICA,10,JUJUY
loc_20918,20918,MINA PULPERA,10,JUJUY
loc_20919,20919,MINA SAN FRANCISCO,10,JUJUY
loc_20920,20920,MINA SOL DE MAYO,10,JUJUY
loc_20921,20921,MULLI PUNCO,10,JUJUY
loc_20922,20922,PUMAHUASI,10,JUJUY
loc_20923,20923,REDONDA,10,JUJUY
loc_20924,20924,RIO COLORADO,10,JUJUY
loc_20925,20925,RODEO,10,JUJUY
loc_20926,20926,SANSANA,10,JUJUY
loc_20927,20927,SURIPUJIO,10,JUJUY
loc_20928,20928,TAFNA,10,JUJUY
loc_20929,20929,VISCACHANI,10,JUJUY
loc_20930,20930,YAVI,10,JUJUY
loc_20931,20931,YAVI CHICO,10,JUJUY
loc_20932,20932,CARAHUNCO,10,JUJUY
loc_20933,20933,CENTRO FORESTAL,10,JUJUY
loc_20935,20935,EL ALGARROBAL,10,JUJUY
loc_20936,20936,EL BRETE,10,JUJUY
loc_20937,20937,EL CUCHO,10,JUJUY
loc_20939,20939,GENERAL MANUEL SAVIO,10,JUJUY
loc_20940,20940,LA CUESTA,10,JUJUY
loc_20941,20941,LAS CAPILLAS,10,JUJUY
loc_20942,20942,LAS ESCALERAS,10,JUJUY
loc_20943,20943,LOS BLANCOS,10,JUJUY
loc_20946,20946,ZAPLA,10,JUJUY
loc_20947,20947,ANTUMPA,10,JUJUY
loc_20948,20948,APARZO,10,JUJUY
loc_20949,20949,AZUL PAMPA,10,JUJUY
loc_20950,20950,BALIAZO,10,JUJUY
loc_20951,20951,BALLIAZO,10,JUJUY
loc_20952,20952,CALETE,10,JUJUY
loc_20953,20953,CAPLA,10,JUJUY
loc_20954,20954,CARAYOC,10,JUJUY
loc_20955,20955,CASA GRANDE,10,JUJUY
loc_20956,20956,CASAYOCK,10,JUJUY
loc_20957,20957,CASILLA,10,JUJUY
loc_20958,20958,CHAUPI RODERO,10,JUJUY
loc_20959,20959,CHORCAN,10,JUJUY
loc_20960,20960,CHORRILLOS,10,JUJUY
loc_20961,20961,CHUCALEZNA,10,JUJUY
loc_20962,20962,CIANZO,10,JUJUY
loc_20963,20963,COCTACA,10,JUJUY
loc_20964,20964,CONDOR,10,JUJUY
loc_20965,20965,CORAYA,10,JUJUY
loc_20966,20966,DOGLONZO,10,JUJUY
loc_20967,20967,EL AGUILAR,10,JUJUY
loc_20968,20968,ESQUINAS BLANCAS,10,JUJUY
loc_20969,20969,GALETA,10,JUJUY
loc_20970,20970,HIPOLITO YRIGOYEN EST ITURBE,10,JUJUY
loc_20971,20971,HORNADITAS,10,JUJUY
loc_20972,20972,HUMAHUACA,10,JUJUY
loc_20973,20973,ITURBE,10,JUJUY
loc_20974,20974,KILOMETRO 1289,10,JUJUY
loc_20975,20975,KILOMETRO 1321,10,JUJUY
loc_20976,20976,LA CUEVA,10,JUJUY
loc_20977,20977,LA VETA,10,JUJUY
loc_20978,20978,MIYUYOC,10,JUJUY
loc_20979,20979,MOLINOS,10,JUJUY
loc_20980,20980,OCUMAZO,10,JUJUY
loc_20981,20981,OVARA,10,JUJUY
loc_20982,20982,PALCA DE APARZO,10,JUJUY
loc_20984,20984,PISUNGO,10,JUJUY
loc_20985,20985,PUCARA,10,JUJUY
loc_20986,20986,PUEBLO VIEJO,10,JUJUY
loc_20987,20987,QUIMAZO,10,JUJUY
loc_20988,20988,RIO GRANDE,10,JUJUY
loc_20989,20989,RODERO,10,JUJUY
loc_20990,20990,RONQUE,10,JUJUY
loc_20991,20991,SAN ANDRES,10,JUJUY
loc_20992,20992,SAN PEDRO DE IRUYA,10,JUJUY
loc_20993,20993,SAN ROQUE,10,JUJUY
loc_20994,20994,SENADOR PEREZ,10,JUJUY
loc_20995,20995,TEJADAS,10,JUJUY
loc_20996,20996,TRES CRUCES,10,JUJUY
loc_20997,20997,UQUIA,10,JUJUY
loc_20998,20998,VARAS,10,JUJUY
loc_20999,20999,VETA MINA AGUILAR,10,JUJUY
loc_21001,21001,VOLCAN HIGUERA,10,JUJUY
loc_21002,21002,YACORAITE,10,JUJUY
loc_21003,21003,ABRA DEL TRIGO,10,JUJUY
loc_21004,21004,AGUAS BLANCAS,10,JUJUY
loc_21005,21005,AGUAS CALIENTES,10,JUJUY
loc_21006,21006,ARROYO DEL MEDIO,10,JUJUY
loc_21007,21007,BELLA VISTA,10,JUJUY
loc_21008,21008,CACHI PUNCO,10,JUJUY
loc_21009,21009,EL ARENAL,10,JUJUY
loc_21010,21010,EL FUERTE,10,JUJUY
loc_21011,21011,EL MISTOL,10,JUJUY
loc_21012,21012,EL OLVIDO,10,JUJUY
loc_21013,21013,EL PALMAR,10,JUJUY
loc_21014,21014,EL PALMAR DE SAN FRANCISCO,10,JUJUY
loc_21015,21015,EL PIQUETE,10,JUJUY
loc_21016,21016,EL SUNCHAL,10,JUJUY
loc_21017,21017,EL TALAR,10,JUJUY
loc_21018,21018,EL TIPAL,10,JUJUY
loc_21019,21019,GOBERNADOR OVEJERO,10,JUJUY
loc_21020,21020,INGENIO LA ESPERANZA,10,JUJUY
loc_21021,21021,ISLA CHICA,10,JUJUY
loc_21022,21022,ISLA GRANDE,10,JUJUY
loc_21023,21023,LA OLLADA,10,JUJUY
loc_21024,21024,LA QUINTA,10,JUJUY
loc_21025,21025,LA RONDA,10,JUJUY
loc_21026,21026,LA VERTIENTE,10,JUJUY
loc_21027,21027,LAGUNA SAN MIGUEL,10,JUJUY
loc_21028,21028,LAGUNA TOTORILLAS,10,JUJUY
loc_21029,21029,LAPACHAL SANTA BARBARA,10,JUJUY
loc_21030,21030,LEACHS,10,JUJUY
loc_21031,21031,LOMA PELADA,10,JUJUY
loc_21032,21032,LOS MATOS,10,JUJUY
loc_21033,21033,LOTE SAUZAL,10,JUJUY
loc_21034,21034,MILAN,10,JUJUY
loc_21035,21035,PALMA SOLA,10,JUJUY
loc_21036,21036,PIE DE LA CUESTA,10,JUJUY
loc_21037,21037,PUESTO NUEVO,10,JUJUY
loc_21038,21038,PUNTA DEL AGUA,10,JUJUY
loc_21039,21039,REAL DE LOS TOROS,10,JUJUY
loc_21040,21040,RIO NEGRO,10,JUJUY
loc_21041,21041,SAN RAFAEL,10,JUJUY
loc_21042,21042,SANTA CLARA,10,JUJUY
loc_21043,21043,SANTA RITA,10,JUJUY
loc_21044,21044,SIETE AGUAS,10,JUJUY
loc_21045,21045,VINALITO,10,JUJUY
loc_21046,21046,ANTIGUYOS,10,JUJUY
loc_21047,21047,CARAHUASI,10,JUJUY
loc_21048,21048,CERRO REDONDO,10,JUJUY
loc_21049,21049,CIENEGO GRANDE,10,JUJUY
loc_21050,21050,CINCEL,10,JUJUY
loc_21051,21051,COYAGUAIMA,10,JUJUY
loc_21052,21052,FARILLON,10,JUJUY
loc_21053,21053,GRANADAS,10,JUJUY
loc_21054,21054,GUAYATAYOC,10,JUJUY
loc_21055,21055,HUALLATAYOC,10,JUJUY
loc_21056,21056,LA VETA,10,JUJUY
loc_21057,21057,LAGUNILLAS,10,JUJUY
loc_21058,21058,LOMA BLANCA,10,JUJUY
loc_21059,21059,MINA AJEDREZ,10,JUJUY
loc_21060,21060,MINA PAN DE AZUCAR,10,JUJUY
loc_21061,21061,MINA PIRQUITAS,10,JUJUY
loc_21062,21062,MINIAIO,10,JUJUY
loc_21063,21063,OROSMAYO,10,JUJUY
loc_21065,21065,POZUELO,10,JUJUY
loc_21066,21066,QUERA,10,JUJUY
loc_21067,21067,RINCONADA,10,JUJUY
loc_21068,21068,SALITRE,10,JUJUY
loc_21069,21069,SAN JOSE DE LA RINCONADA,10,JUJUY
loc_21070,21070,SAN JUAN,10,JUJUY
loc_21071,21071,TIO MAYO,10,JUJUY
loc_21072,21072,VILLA CORANZULI,10,JUJUY
loc_21073,21073,ALISOS  DE ABAJO,10,JUJUY
loc_21074,21074,ALISOS DE ARRIBA,10,JUJUY
loc_21075,21075,ATALAYA,10,JUJUY
loc_21076,21076,CEIBAL,10,JUJUY
loc_21077,21077,CERRO NEGRO,10,JUJUY
loc_21078,21078,EL OLLERO,10,JUJUY
loc_21080,21080,LA TOMA,10,JUJUY
loc_21081,21081,LOS ALISOS,10,JUJUY
loc_21083,21083,RIO BLANCO,10,JUJUY
loc_21084,21084,SAN ANTONIO,10,JUJUY
loc_21085,21085,CABRERIA,10,JUJUY
loc_21086,21086,CALAHOYO,10,JUJUY
loc_21087,21087,CANCHUELA,10,JUJUY
loc_21088,21088,CASIRA,10,JUJUY
loc_21089,21089,CERRITO,10,JUJUY
loc_21090,21090,CIENEGUILLAS,10,JUJUY
loc_21091,21091,CORRAL BLANCO,10,JUJUY
loc_21092,21092,CUSI CUSI,10,JUJUY
loc_21093,21093,EL ANGOSTO,10,JUJUY
loc_21094,21094,GUAYATAYOC,10,JUJUY
loc_21095,21095,HORNILLOS,10,JUJUY
loc_21096,21096,LA CIENAGA,10,JUJUY
loc_21097,21097,LA CRUZ,10,JUJUY
loc_21098,21098,MERCO,10,JUJUY
loc_21099,21099,MINAS AZULES,10,JUJUY
loc_21100,21100,MIRES,10,JUJUY
loc_21101,21101,MORRO,10,JUJUY
loc_21102,21102,ORATORIO,10,JUJUY
loc_21103,21103,ORNILLO,10,JUJUY
loc_21104,21104,OROS SAN JUAN,10,JUJUY
loc_21105,21105,PAICONE,10,JUJUY
loc_21106,21106,PASAJES,10,JUJUY
loc_21107,21107,PASTO PAMPA,10,JUJUY
loc_21109,21109,POTRERO,10,JUJUY
loc_21110,21110,PUESTO CHICO,10,JUJUY
loc_21111,21111,PUESTO GRANDE,10,JUJUY
loc_21112,21112,RODEO CHICO,10,JUJUY
loc_21113,21113,SAN FRANCISCO,10,JUJUY
loc_21114,21114,SAN JUAN,10,JUJUY
loc_21115,21115,SAN JUAN DE OROS,10,JUJUY
loc_21116,21116,SAN LEON,10,JUJUY
loc_21117,21117,SANTA CATALINA,10,JUJUY
loc_21118,21118,TIMON CRUZ,10,JUJUY
loc_21119,21119,TIO MAYO,10,JUJUY
loc_21120,21120,TOQUERO,10,JUJUY
loc_21121,21121,YOSCABA,10,JUJUY
loc_21122,21122,CATUA,10,JUJUY
loc_21123,21123,CAUCHARI,10,JUJUY
loc_21124,21124,CORANZULI,10,JUJUY
loc_21125,21125,EL PORVENIR,10,JUJUY
loc_21126,21126,EL TORO,10,JUJUY
loc_21127,21127,HUANCAR,10,JUJUY
loc_21128,21128,KILOMETRO 1369,10,JUJUY
loc_21129,21129,OLACAPATO,10,JUJUY
loc_21130,21130,OLAROZ CHICO,10,JUJUY
loc_21131,21131,OLAROZ GRANDE,10,JUJUY
loc_21132,21132,PAIRIQUE CHICO,10,JUJUY
loc_21133,21133,PAIRIQUE GRANDE,10,JUJUY
loc_21134,21134,SEY,10,JUJUY
loc_21135,21135,SIJES,10,JUJUY
loc_21136,21136,SOYSOLAYTE,10,JUJUY
loc_21137,21137,SUSQUES,10,JUJUY
loc_21138,21138,TANQUES,10,JUJUY
loc_21139,21139,TOCOL,10,JUJUY
loc_21140,21140,TURILARI,10,JUJUY
loc_21141,21141,TURU TARI,10,JUJUY
loc_21142,21142,23 DE AGOSTO,10,JUJUY
loc_21143,21143,AGUA NEGRA,10,JUJUY
loc_21144,21144,ALEGRIA,10,JUJUY
loc_21145,21145,ALGARROBAL,10,JUJUY
loc_21146,21146,ANIMAS,10,JUJUY
loc_21147,21147,APAREJO,10,JUJUY
loc_21148,21148,ARENAL BARROSO,10,JUJUY
loc_21149,21149,BAJADA ALTA,10,JUJUY
loc_21150,21150,BATEAS,10,JUJUY
loc_21151,21151,BELLA VISTA,10,JUJUY
loc_21152,21152,CAIMANCITO,10,JUJUY
loc_21153,21153,CALILEGUA,10,JUJUY
loc_21154,21154,CAMPO BAJO,10,JUJUY
loc_21155,21155,CAMPO COLORADO,10,JUJUY
loc_21156,21156,CANDELARIA,10,JUJUY
loc_21157,21157,CASILLAS,10,JUJUY
loc_21158,21158,CEVILAR,10,JUJUY
loc_21159,21159,CHALICAN,10,JUJUY
loc_21162,21162,CIENAGA,10,JUJUY
loc_21163,21163,COLONIA 8 DE SEPTIEMBRE,10,JUJUY
loc_21164,21164,CORTADERAS,10,JUJUY
loc_21165,21165,DON JORGE,10,JUJUY
loc_21166,21166,DURAZNAL,10,JUJUY
loc_21167,21167,EL AIBAL,10,JUJUY
loc_21168,21168,EL BANANAL,10,JUJUY
loc_21169,21169,EL CARDONAL,10,JUJUY
loc_21170,21170,EL CAULARIO,10,JUJUY
loc_21171,21171,EL MANANTIAL,10,JUJUY
loc_21172,21172,EL NARANJO,10,JUJUY
loc_21173,21173,EL RIO NEGRO,10,JUJUY
loc_21174,21174,EL SAUCE,10,JUJUY
loc_21175,21175,ESQUINA,10,JUJUY
loc_21176,21176,FALDA DEL QUEBRACHAL,10,JUJUY
loc_21177,21177,FALDA MOJON,10,JUJUY
loc_21178,21178,FALDA MONTOSA,10,JUJUY
loc_21179,21179,FINCA AGUA SALADA,10,JUJUY
loc_21180,21180,FINCA AGUA TAPADA,10,JUJUY
loc_21181,21181,FINCA LA LUCRECIA,10,JUJUY
loc_21182,21182,FINCA LA REALIDAD,10,JUJUY
loc_21183,21183,FINCA SANTA CORNELIA,10,JUJUY
loc_21184,21184,FLORENCIA,10,JUJUY
loc_21185,21185,FRAILE PINTADO,10,JUJUY
loc_21186,21186,GUACHAN,10,JUJUY
loc_21187,21187,GUAYACAN,10,JUJUY
loc_21188,21188,HIGUERITAS,10,JUJUY
loc_21189,21189,INGENIO LEDESMA,10,JUJUY
loc_21190,21190,JARAMILLO,10,JUJUY
loc_21191,21191,LA BAJADA,10,JUJUY
loc_21192,21192,LA CALERA,10,JUJUY
loc_21193,21193,LA PUERTA,10,JUJUY
loc_21194,21194,LA REDUCCION,10,JUJUY
loc_21195,21195,LAGUNILLA LEDESMA,10,JUJUY
loc_21196,21196,LAPACHAL LEDESMA,10,JUJUY
loc_21197,21197,LAS HIGUERITAS,10,JUJUY
loc_21198,21198,LAS QUINTAS,10,JUJUY
loc_21199,21199,LECHERIA,10,JUJUY
loc_21200,21200,LEDESMA,10,JUJUY
loc_21201,21201,LIB GRAL SAN MARTIN,10,JUJUY
loc_21202,21202,LOMA DEL MEDIO,10,JUJUY
loc_21204,21204,LOS CATRES,10,JUJUY
loc_21205,21205,LOTE MAIZ NEGRO,10,JUJUY
loc_21206,21206,LOTE PREDILIANA,10,JUJUY
loc_21207,21207,LOTE ZORA,10,JUJUY
loc_21208,21208,MAL PASO,10,JUJUY
loc_21209,21209,MARTA,10,JUJUY
loc_21210,21210,MOJON AZUCENA,10,JUJUY
loc_21211,21211,MOLULAR,10,JUJUY
loc_21212,21212,NARANJITO,10,JUJUY
loc_21213,21213,NORMENTA,10,JUJUY
loc_21214,21214,OBRAJE SAN JOSE,10,JUJUY
loc_21215,21215,OCULTO,10,JUJUY
loc_21216,21216,OJO DE AGUA,10,JUJUY
loc_21217,21217,PALO A PIQUE,10,JUJUY
loc_21218,21218,PAMPA LARGA,10,JUJUY
loc_21219,21219,PAULETE,10,JUJUY
loc_21220,21220,PAULINA,10,JUJUY
loc_21221,21221,PIEDRA BLANCA,10,JUJUY
loc_21222,21222,POSTA GDAPARQUE NAC CALILEGUA,10,JUJUY
loc_21223,21223,POTRERO,10,JUJUY
loc_21224,21224,POTRERO ALEGRE,10,JUJUY
loc_21225,21225,POZO CAVADO,10,JUJUY
loc_21226,21226,POZO VERDE,10,JUJUY
loc_21227,21227,PREDILIANA,10,JUJUY
loc_21228,21228,PUEBLO LEDESMA,10,JUJUY
loc_21229,21229,PUEBLO NUEVO,10,JUJUY
loc_21230,21230,PUERTA VIEJA,10,JUJUY
loc_21231,21231,RAMADA,10,JUJUY
loc_21232,21232,RASTROJOS,10,JUJUY
loc_21233,21233,RIO SECO,10,JUJUY
loc_21234,21234,SALADILLO LEDESMA,10,JUJUY
loc_21235,21235,SAN ANTONIO,10,JUJUY
loc_21236,21236,SAN LORENZO,10,JUJUY
loc_21237,21237,SANTILLO,10,JUJUY
loc_21238,21238,SAUZAL,10,JUJUY
loc_21239,21239,SAUZALITO,10,JUJUY
loc_21240,21240,SEPULTURA,10,JUJUY
loc_21241,21241,SIBERIA,10,JUJUY
loc_21242,21242,SOCABON,10,JUJUY
loc_21243,21243,SOLEDAD,10,JUJUY
loc_21244,21244,TARIJITA,10,JUJUY
loc_21245,21245,TOBA,10,JUJUY
loc_21246,21246,TOQUILLERA,10,JUJUY
loc_21247,21247,TREMENTINAL,10,JUJUY
loc_21248,21248,TUCUMANCITO,10,JUJUY
loc_21249,21249,YERBA BUENA LEDESMA,10,JUJUY
loc_21250,21250,YUTO,10,JUJUY
loc_21251,21251,ALTO COMEDERO,10,JUJUY
loc_21252,21252,BARRIO 9 DE JULIO,10,JUJUY
loc_21253,21253,BARRIO ALBERDI,10,JUJUY
loc_21254,21254,BARRIO ALTO LA LOMA,10,JUJUY
loc_21255,21255,BARRIO ALTO LA VIÑA,10,JUJUY
loc_21257,21257,BARRIO CHIJRA,10,JUJUY
loc_21258,21258,BARRIO CUYAYA,10,JUJUY
loc_21259,21259,BARRIO LUJAN,10,JUJUY
loc_21260,21260,BARRIO PARQUE 19 DE ABRIL,10,JUJUY
loc_21261,21261,BARRIO SANTA RITA,10,JUJUY
loc_21262,21262,CERROS ZAPLA,10,JUJUY
loc_21264,21264,CHUQUINA,10,JUJUY
loc_21265,21265,CORRAL DE PIEDRAS,10,JUJUY
loc_21266,21266,EL ALGARROBAL,10,JUJUY
loc_21267,21267,EL AMANCAY,10,JUJUY
loc_21268,21268,EL ARENAL,10,JUJUY
loc_21269,21269,EL CUCHO,10,JUJUY
loc_21270,21270,EL REMATE,10,JUJUY
loc_21271,21271,GUERRERO,10,JUJUY
loc_21272,21272,HUAICO CHICO,10,JUJUY
loc_21273,21273,ITUAICOCHICO,10,JUJUY
loc_21274,21274,JUAN GALAN,10,JUJUY
loc_21275,21275,JUAN MANUEL DE ROSAS,10,JUJUY
loc_21276,21276,LA ALMONA,10,JUJUY
loc_21277,21277,LA CUESTA,10,JUJUY
loc_21278,21278,LAGUNAS DE YALA,10,JUJUY
loc_21279,21279,LAS CAPILLAS,10,JUJUY
loc_21280,21280,LAS ESCALERAS,10,JUJUY
loc_21281,21281,LAS HIGUERILLAS,10,JUJUY
loc_21282,21282,LEON,10,JUJUY
loc_21283,21283,LOS ALISOS,10,JUJUY
loc_21284,21284,LOS BLANCOS,10,JUJUY
loc_21285,21285,LOZANO,10,JUJUY
loc_21286,21286,MINA 9 DE OCTUBRE,10,JUJUY
loc_21287,21287,NAZARENO,10,JUJUY
loc_21288,21288,OCLOYAS,10,JUJUY
loc_21289,21289,PALPALA,10,JUJUY
loc_21290,21290,PASTOS CHICOS,10,JUJUY
loc_21291,21291,PAYO,10,JUJUY
loc_21292,21292,PUERTA DE SALAS,10,JUJUY
loc_21293,21293,REYES,10,JUJUY
loc_21294,21294,RIO BLANCO,10,JUJUY
loc_21295,21295,SAN PABLO DE REYES,10,JUJUY
loc_21296,21296,SAN SALVADOR DE JUJUY,10,JUJUY
loc_21297,21297,TERMAS DE REYES,10,JUJUY
loc_21298,21298,TESORERO,10,JUJUY
loc_21299,21299,TILQUIZA,10,JUJUY
loc_21300,21300,VILLA CIUDAD DE NIEVA,10,JUJUY
loc_21301,21301,VILLA GORRITI,10,JUJUY
loc_21302,21302,VILLA JARDIN DE REYES,10,JUJUY
loc_21303,21303,YALA,10,JUJUY
loc_21304,21304,ALTO DEL SALADILLO,10,JUJUY
loc_21305,21305,ARRAYANAL,10,JUJUY
loc_21306,21306,ARROYO COLORADO,10,JUJUY
loc_21307,21307,BARRIO LA PROVIDENCIA,10,JUJUY
loc_21308,21308,BARRO NEGRO,10,JUJUY
loc_21309,21309,EL ACHERAL,10,JUJUY
loc_21310,21310,EL CHAGUARAL,10,JUJUY
loc_21311,21311,EL QUEMADO,10,JUJUY
loc_21312,21312,ENSENADA,10,JUJUY
loc_21313,21313,ESQUINA DE QUISTO,10,JUJUY
loc_21314,21314,INGENIO LA ESPERANZA,10,JUJUY
loc_21315,21315,LA ESPERANZA,10,JUJUY
loc_21316,21316,LA MENDIETA,10,JUJUY
loc_21317,21317,LA SANGA,10,JUJUY
loc_21318,21318,LOS BAYOS,10,JUJUY
loc_21319,21319,LOTE DON DAVID,10,JUJUY
loc_21320,21320,LOTE DON EMILIO,10,JUJUY
loc_21321,21321,LOTE EL PUESTO,10,JUJUY
loc_21322,21322,LOTE LA CIENAGA,10,JUJUY
loc_21323,21323,LOTE LA POSTA,10,JUJUY
loc_21324,21324,LOTE MIRAFLORES,10,JUJUY
loc_21325,21325,LOTE PALMERA,10,JUJUY
loc_21326,21326,LOTE PARAPETI,10,JUJUY
loc_21327,21327,LOTE PIEDRITAS,10,JUJUY
loc_21328,21328,LOTE SAN ANTONIO,10,JUJUY
loc_21329,21329,MORALITO,10,JUJUY
loc_21330,21330,PALO SANTO,10,JUJUY
loc_21331,21331,RIO GRANDE,10,JUJUY
loc_21332,21332,RODEITO,10,JUJUY
loc_21333,21333,SALADILLO LEDESMA,10,JUJUY
loc_21334,21334,SALADILLO SAN PEDRO,10,JUJUY
loc_21335,21335,SAN JOSE DEL BORDO,10,JUJUY
loc_21336,21336,SAN JUAN DE DIOS,10,JUJUY
loc_21337,21337,SAN LUCAS,10,JUJUY
loc_21338,21338,SAN PEDRO,10,JUJUY
loc_21339,21339,ABRA MAYO,10,JUJUY
loc_21340,21340,ALFARCITO,10,JUJUY
loc_21341,21341,ANGOSTO DEL PERCHEL,10,JUJUY
loc_21342,21342,BELLA VISTA,10,JUJUY
loc_21343,21343,CACHIHUAICO,10,JUJUY
loc_21345,21345,CHORRILLOS,10,JUJUY
loc_21346,21346,EL CALLEJON,10,JUJUY
loc_21347,21347,EL DURAZNO,10,JUJUY
loc_21348,21348,EL PERCHEL,10,JUJUY
loc_21349,21349,HUACALERA,10,JUJUY
loc_21350,21350,HUICHAIRA,10,JUJUY
loc_21351,21351,JUELLA,10,JUJUY
loc_21352,21352,LA BANDA,10,JUJUY
loc_21353,21353,LA SANGA,10,JUJUY
loc_21354,21354,LAS CHICAPENAS,10,JUJUY
loc_21355,21355,MAIMARA,10,JUJUY
loc_21356,21356,MOLULO,10,JUJUY
loc_21357,21357,POSTA DE HORNILLOS,10,JUJUY
loc_21358,21358,PUESTO,10,JUJUY
loc_21359,21359,PUNTA DEL CAMPO,10,JUJUY
loc_21360,21360,QUEBRADA HUASAMAYO,10,JUJUY
loc_21361,21361,SAN JOSE,10,JUJUY
loc_21362,21362,SAN PEDRITO,10,JUJUY
loc_21363,21363,TACTA,10,JUJUY
loc_21364,21364,TILCARA,10,JUJUY
loc_21365,21365,VILLA DEL PERCHEL,10,JUJUY
loc_21366,21366,YALA DE MONTE CARMELO,10,JUJUY
loc_21367,21367,YERBA BUENA TILCARA,10,JUJUY
loc_21368,21368,DIQUE TOMA,18,SAN JUAN
loc_21369,21369,MARQUESADO,18,SAN JUAN
loc_21370,21370,PARAJE BEBIDA,18,SAN JUAN
loc_21371,21371,RIO SASO,18,SAN JUAN
loc_21372,21372,RIVADAVIA,18,SAN JUAN
loc_21373,21373,VILLA HUASIHUL,18,SAN JUAN
loc_21374,21374,ALGARROBO VERDE,18,SAN JUAN
loc_21375,21375,AMARFIL,18,SAN JUAN
loc_21376,21376,CHAÑAR SECO,18,SAN JUAN
loc_21377,21377,CRUZ DE SAN PEDRO,18,SAN JUAN
loc_21378,21378,CUATRO ESQUINAS,18,SAN JUAN
loc_21379,21379,CUYO,18,SAN JUAN
loc_21380,21380,DIAZ VELEZ,18,SAN JUAN
loc_21381,21381,DIVISORIA,18,SAN JUAN
loc_21382,21382,EL RINCON,18,SAN JUAN
loc_21383,21383,ENCON,18,SAN JUAN
loc_21384,21384,JOSE MARTI,18,SAN JUAN
loc_21385,21385,KILOMETRO 910,18,SAN JUAN
loc_21386,21386,KILOMETRO 936,18,SAN JUAN
loc_21387,21387,LA CHIMBERA,18,SAN JUAN
loc_21388,21388,LA RINCONADA,18,SAN JUAN
loc_21389,21389,LAS CASUARINAS,18,SAN JUAN
loc_21390,21390,LAS HIGUERITAS,18,SAN JUAN
loc_21391,21391,LOS CORREDORES,18,SAN JUAN
loc_21392,21392,NUEVA ESPAÑA,18,SAN JUAN
loc_21393,21393,POZO SALADO,18,SAN JUAN
loc_21394,21394,PUNTA DEL MEDANO,18,SAN JUAN
loc_21395,21395,SAN ANTONIO,18,SAN JUAN
loc_21396,21396,SANTA MARIA DEL ROSARIO,18,SAN JUAN
loc_21397,21397,TUPELI,18,SAN JUAN
loc_21399,21399,VILLA BORJAS,18,SAN JUAN
loc_21400,21400,VILLA SANTA ROSA,18,SAN JUAN
loc_21401,21401,AMBAS PUNTILLAS,18,SAN JUAN
loc_21402,21402,AMPACAMA,18,SAN JUAN
loc_21403,21403,BALDE DE LEYES,18,SAN JUAN
loc_21404,21404,BALDE DEL LUCERO,18,SAN JUAN
loc_21405,21405,BERMEJO,18,SAN JUAN
loc_21406,21406,CAUCETE,18,SAN JUAN
loc_21407,21407,CERRO TIGRE,18,SAN JUAN
loc_21408,21408,DIFUNTA CORREA,18,SAN JUAN
loc_21409,21409,EL CHUPINO,18,SAN JUAN
loc_21410,21410,EL POZO DEL 20,18,SAN JUAN
loc_21411,21411,FINCA DE IZASA,18,SAN JUAN
loc_21412,21412,GUAYAGUAS,18,SAN JUAN
loc_21413,21413,GUAYAMAS,18,SAN JUAN
loc_21414,21414,KILOMETRO 810,18,SAN JUAN
loc_21415,21415,KILOMETRO 893,18,SAN JUAN
loc_21416,21416,KILOMETRO 895,18,SAN JUAN
loc_21417,21417,LA PUNTILLA,18,SAN JUAN
loc_21418,21418,LAGUNA SECA,18,SAN JUAN
loc_21419,21419,LAS CHACRAS,18,SAN JUAN
loc_21420,21420,LAS LIEBRES,18,SAN JUAN
loc_21421,21421,LAS SALINAS,18,SAN JUAN
loc_21422,21422,LOS MEDANOS,18,SAN JUAN
loc_21423,21423,LOS MELLIZOS,18,SAN JUAN
loc_21424,21424,LOS PAPAGAYOS,18,SAN JUAN
loc_21425,21425,LOTES DE ALVAREZ,18,SAN JUAN
loc_21426,21426,LOTES DE CORIA,18,SAN JUAN
loc_21427,21427,LOTES DE URIBURU,18,SAN JUAN
loc_21428,21428,LOTES ESCUELA 138,18,SAN JUAN
loc_21429,21429,LOTES RIVERA,18,SAN JUAN
loc_21430,21430,MARAYES,18,SAN JUAN
loc_21431,21431,NIKISANGA,18,SAN JUAN
loc_21432,21432,NUEVA CASTILLA,18,SAN JUAN
loc_21433,21433,PIE DE PALO,18,SAN JUAN
loc_21434,21434,POZO DE LOS ALGARROBOS,18,SAN JUAN
loc_21435,21435,PUERTO ALEGRE,18,SAN JUAN
loc_21436,21436,PUERTO TAPONES DE MAYA,18,SAN JUAN
loc_21437,21437,PUNTILLA,18,SAN JUAN
loc_21438,21438,PUNTILLA BLANCA,18,SAN JUAN
loc_21439,21439,RINCON,18,SAN JUAN
loc_21440,21440,SAN CARLOS,18,SAN JUAN
loc_21441,21441,URIBURU,18,SAN JUAN
loc_21442,21442,VALLECITO,18,SAN JUAN
loc_21443,21443,VILLA COLON,18,SAN JUAN
loc_21444,21444,VILLA INDEPENDENCIA,18,SAN JUAN
loc_21445,21445,AGUA Y ENERGIA,18,SAN JUAN
loc_21446,21446,BARREAL,18,SAN JUAN
loc_21447,21447,BARREALES,18,SAN JUAN
loc_21448,21448,BARRIALITOS,18,SAN JUAN
loc_21449,21449,BELLA VISTA,18,SAN JUAN
loc_21450,21450,CABECERA DEL BARRIAL,18,SAN JUAN
loc_21451,21451,CALINGASTA,18,SAN JUAN
loc_21452,21452,CAMPO DEL LEONCITO,18,SAN JUAN
loc_21453,21453,CASTAÑO NUEVO,18,SAN JUAN
loc_21454,21454,CASTAÑO VIEJO,18,SAN JUAN
loc_21455,21455,CERRO AMARILLO,18,SAN JUAN
loc_21456,21456,CERRO BAYO,18,SAN JUAN
loc_21457,21457,CERRO BLANCO,18,SAN JUAN
loc_21458,21458,CERRO BONETE,18,SAN JUAN
loc_21459,21459,CERRO BRAMADERO,18,SAN JUAN
loc_21460,21460,CERRO CHIQUERO,18,SAN JUAN
loc_21461,21461,CERRO CORTADERA,18,SAN JUAN
loc_21462,21462,CERRO DE LAS VACAS,18,SAN JUAN
loc_21463,21463,CERRO DE LOS POZOS,18,SAN JUAN
loc_21464,21464,CERRO DEL TOME,18,SAN JUAN
loc_21465,21465,CERRO GRANDE,18,SAN JUAN
loc_21466,21466,CERRO GUANAQUERO,18,SAN JUAN
loc_21467,21467,CERRO HORNITO,18,SAN JUAN
loc_21468,21468,CERRO LA FORTUNA,18,SAN JUAN
loc_21469,21469,CERRO LAS MULAS,18,SAN JUAN
loc_21470,21470,CERRO LOS PATOS,18,SAN JUAN
loc_21471,21471,CERRO MERCEDARIO,18,SAN JUAN
loc_21472,21472,CERRO MUDADERO,18,SAN JUAN
loc_21473,21473,CERRO PANTEON,18,SAN JUAN
loc_21474,21474,CERRO PICHEREGUAS,18,SAN JUAN
loc_21475,21475,CERRO PUNTUDO,18,SAN JUAN
loc_21476,21476,COLON,18,SAN JUAN
loc_21477,21477,EL LEONCITO,18,SAN JUAN
loc_21478,21478,ESTANCIA CASA RIO BLANCO,18,SAN JUAN
loc_21479,21479,ESTANCIA EL TOTORAL,18,SAN JUAN
loc_21480,21480,ESTANCIA LA PUNTILLA,18,SAN JUAN
loc_21481,21481,ESTANCIA LEONCITO,18,SAN JUAN
loc_21482,21482,GENDARMERIA NACIONAL,18,SAN JUAN
loc_21483,21483,HILARIO,18,SAN JUAN
loc_21484,21484,LA ALUMBRERA,18,SAN JUAN
loc_21485,21485,LA CAPILLA,18,SAN JUAN
loc_21486,21486,LA ISLA,18,SAN JUAN
loc_21487,21487,LAS HORNILLAS,18,SAN JUAN
loc_21488,21488,MANANTIALES,18,SAN JUAN
loc_21489,21489,MINA SAN JORGE,18,SAN JUAN
loc_21490,21490,PACHACO,18,SAN JUAN
loc_21491,21491,PEÑASQUITO,18,SAN JUAN
loc_21492,21492,PO DE BARAHONA,18,SAN JUAN
loc_21493,21493,PO DE LA GUARDIA,18,SAN JUAN
loc_21494,21494,PO DE LAS LLARETAS,18,SAN JUAN
loc_21495,21495,PO DE LAS OJOTAS,18,SAN JUAN
loc_21496,21496,PO DE LOS PIUQUENES,18,SAN JUAN
loc_21497,21497,PO DE LOS TEATINOS,18,SAN JUAN
loc_21498,21498,PO DEL PORTILLO,18,SAN JUAN
loc_21499,21499,PORT DE LONGOMICHE,18,SAN JUAN
loc_21500,21500,POTRERILLOS,18,SAN JUAN
loc_21501,21501,PTO SANTA ROSA DE ABAJO,18,SAN JUAN
loc_21502,21502,PUCHUZUN,18,SAN JUAN
loc_21503,21503,RUTA 20 KILOMETRO 114,18,SAN JUAN
loc_21504,21504,SOROCAYENSE,18,SAN JUAN
loc_21505,21505,TAMBERIAS,18,SAN JUAN
loc_21506,21506,TIRA LARGA,18,SAN JUAN
loc_21507,21507,TONTAL,18,SAN JUAN
loc_21508,21508,VILLA CORRAL,18,SAN JUAN
loc_21509,21509,VILLA NUEVA,18,SAN JUAN
loc_21510,21510,YACIMIENTO DE COBRE EL PACHON,18,SAN JUAN
loc_21512,21512,9 DE JULIO,18,SAN JUAN
loc_21513,21513,AEROPUERTO SAN JUAN,18,SAN JUAN
loc_21514,21514,CHACRITAS,18,SAN JUAN
loc_21515,21515,COLONIA FIORITO,18,SAN JUAN
loc_21516,21516,FINCA ZAPATA,18,SAN JUAN
loc_21517,21517,LA MAJADITA,18,SAN JUAN
loc_21518,21518,TIERRA ADENTRO,18,SAN JUAN
loc_21519,21519,USINA,18,SAN JUAN
loc_21520,21520,ACERILLOS,18,SAN JUAN
loc_21521,21521,AGUA DE LA ZANJA,18,SAN JUAN
loc_21522,21522,ANGUALASTO,18,SAN JUAN
loc_21523,21523,ARREQUINTIN,18,SAN JUAN
loc_21526,21526,BAÑOS DE SAN CRISPIN,18,SAN JUAN
loc_21527,21527,BAÑOS PISMANTA,18,SAN JUAN
loc_21528,21528,BELLA VISTA,18,SAN JUAN
loc_21529,21529,BUENA ESPERANZA,18,SAN JUAN
loc_21530,21530,CACHO ANCHO,18,SAN JUAN
loc_21531,21531,CAJON DE LOS TAMBILLOS,18,SAN JUAN
loc_21532,21532,CAMPANARIO NUEVO,18,SAN JUAN
loc_21534,21534,CARRIZALITO,18,SAN JUAN
loc_21535,21535,CERRO  D  L  BAÑITOS,18,SAN JUAN
loc_21536,21536,CERRO ALTO DEL DESCUBRIMIENTO,18,SAN JUAN
loc_21537,21537,CERRO AMARILLO,18,SAN JUAN
loc_21538,21538,CERRO BOLEADORA,18,SAN JUAN
loc_21539,21539,CERRO BRAVO,18,SAN JUAN
loc_21540,21540,CERRO CABALLO BAYO,18,SAN JUAN
loc_21541,21541,CERRO COLORADO,18,SAN JUAN
loc_21542,21542,CERRO CORTADERA,18,SAN JUAN
loc_21543,21543,CERRO DE CONCONTA,18,SAN JUAN
loc_21544,21544,CERRO DE DOLORES,18,SAN JUAN
loc_21545,21545,CERRO DE LA CUESTA DEL VIENTO,18,SAN JUAN
loc_21546,21546,CERRO DE LA SEPULTURA,18,SAN JUAN
loc_21547,21547,CERRO DE LOS BURROS,18,SAN JUAN
loc_21548,21548,CERRO DEL AGUA DE LAS VACAS,18,SAN JUAN
loc_21549,21549,CERRO DEL ALUMBRE,18,SAN JUAN
loc_21550,21550,CERRO DEL CACHIYUYAL,18,SAN JUAN
loc_21551,21551,CERRO DEL COQUIMBITO,18,SAN JUAN
loc_21552,21552,CERRO DEL GUANACO,18,SAN JUAN
loc_21553,21553,CERRO DEL SALADO,18,SAN JUAN
loc_21554,21554,CERRO EL BRONCE,18,SAN JUAN
loc_21555,21555,CERRO EL CEPO,18,SAN JUAN
loc_21556,21556,CERRO EL FRANCES,18,SAN JUAN
loc_21557,21557,CERRO ESPANTAJO,18,SAN JUAN
loc_21558,21558,CERRO HEDIONDO,18,SAN JUAN
loc_21559,21559,CERRO IMAN,18,SAN JUAN
loc_21560,21560,CERRO JOAQUIN,18,SAN JUAN
loc_21561,21561,CERRO LA BOLSA,18,SAN JUAN
loc_21562,21562,CERRO LA ORTIGA,18,SAN JUAN
loc_21563,21563,CERRO LAGUNITA,18,SAN JUAN
loc_21564,21564,CERRO LAS MULITAS,18,SAN JUAN
loc_21565,21565,CERRO LAS RAICES,18,SAN JUAN
loc_21566,21566,CERRO LAS YEGUAS,18,SAN JUAN
loc_21567,21567,CERRO LAVADEROS,18,SAN JUAN
loc_21568,21568,CERRO LOS MOGOTES,18,SAN JUAN
loc_21569,21569,CERRO LOS POZOS,18,SAN JUAN
loc_21570,21570,CERRO NEGRO,18,SAN JUAN
loc_21571,21571,CERRO NEGRO DE CHITA,18,SAN JUAN
loc_21572,21572,CERRO NICO,18,SAN JUAN
loc_21573,21573,CERRO OCUCAROS,18,SAN JUAN
loc_21574,21574,CERRO PATA DE INDIO,18,SAN JUAN
loc_21575,21575,CERRO PINTADO,18,SAN JUAN
loc_21576,21576,CERRO POTRERITO DE AGUA BLANCO,18,SAN JUAN
loc_21577,21577,CERRO SENDA AZUL,18,SAN JUAN
loc_21578,21578,CERRO SILVIO,18,SAN JUAN
loc_21579,21579,CERRO SILVO,18,SAN JUAN
loc_21580,21580,CHAMPONES,18,SAN JUAN
loc_21581,21581,CHAPARRO,18,SAN JUAN
loc_21582,21582,CHIGUA DE ABAJO,18,SAN JUAN
loc_21583,21583,CHISNASCO,18,SAN JUAN
loc_21584,21584,CIENAGUILLOS,18,SAN JUAN
loc_21585,21585,COLANGUIL,18,SAN JUAN
loc_21586,21586,COLOLA,18,SAN JUAN
loc_21587,21587,CONCOTA,18,SAN JUAN
loc_21588,21588,DIVISADERO DE LA MUJER HELADA,18,SAN JUAN
loc_21589,21589,EL CARRIZAL,18,SAN JUAN
loc_21590,21590,EL CHINGUILLO,18,SAN JUAN
loc_21591,21591,EL RETIRO,18,SAN JUAN
loc_21592,21592,EL SALADO,18,SAN JUAN
loc_21593,21593,FIERRO,18,SAN JUAN
loc_21594,21594,FIERRO NUEVO,18,SAN JUAN
loc_21595,21595,FIERRO VIEJO,18,SAN JUAN
loc_21596,21596,FINCA EL TORO,18,SAN JUAN
loc_21597,21597,GUAÑIZUL,18,SAN JUAN
loc_21598,21598,HACHANGO,18,SAN JUAN
loc_21599,21599,HUAÑIZUIL,18,SAN JUAN
loc_21600,21600,HUESO QUEBRADO,18,SAN JUAN
loc_21601,21601,IGLESIA,18,SAN JUAN
loc_21602,21602,JAGUELITO,18,SAN JUAN
loc_21603,21603,JARILLITO,18,SAN JUAN
loc_21604,21604,JUNTA DE SANTA ROSA,18,SAN JUAN
loc_21605,21605,JUNTAS DE LA JARILLA,18,SAN JUAN
loc_21606,21606,JUNTAS DE LA SAL,18,SAN JUAN
loc_21607,21607,JUNTAS DEL FRIO,18,SAN JUAN
loc_21608,21608,LA ANGOSTURA,18,SAN JUAN
loc_21609,21609,LA CAÑADA,18,SAN JUAN
loc_21610,21610,LA CHIGUA,18,SAN JUAN
loc_21611,21611,LA ESTRECHURA,18,SAN JUAN
loc_21612,21612,LA MARAL,18,SAN JUAN
loc_21613,21613,LA MORAL,18,SAN JUAN
loc_21614,21614,LAS CASITAS,18,SAN JUAN
loc_21615,21615,LAS CUEVAS,18,SAN JUAN
loc_21616,21616,LAS FLORES,18,SAN JUAN
loc_21617,21617,LAS HIGUERAS,18,SAN JUAN
loc_21618,21618,LAS PEÑITAS,18,SAN JUAN
loc_21619,21619,LOMAS BLANCAS,18,SAN JUAN
loc_21620,21620,LOS COGOTES,18,SAN JUAN
loc_21621,21621,LOS LOROS,18,SAN JUAN
loc_21622,21622,LOS PENITENTES,18,SAN JUAN
loc_21623,21623,LOS QUILLAY,18,SAN JUAN
loc_21624,21624,LOS SAPITOS,18,SAN JUAN
loc_21625,21625,MACLACASTO,18,SAN JUAN
loc_21626,21626,MAIPIRINQUI,18,SAN JUAN
loc_21627,21627,MAJADITA,18,SAN JUAN
loc_21628,21628,MALIMAN,18,SAN JUAN
loc_21629,21629,MALIMAN ARRIBA,18,SAN JUAN
loc_21630,21630,MALIMAN DE ABAJO,18,SAN JUAN
loc_21631,21631,MANANTIALES,18,SAN JUAN
loc_21632,21632,MINA DE LAS CARACHAS,18,SAN JUAN
loc_21633,21633,MONDACA,18,SAN JUAN
loc_21634,21634,OJOS DE AGUA,18,SAN JUAN
loc_21635,21635,PASO DEL AGUA NEGRA,18,SAN JUAN
loc_21637,21637,PEÑASQUITO,18,SAN JUAN
loc_21638,21638,PIEDRAS BLANCAS,18,SAN JUAN
loc_21639,21639,PIRCAS BLANCAS,18,SAN JUAN
loc_21640,21640,PIRCAS NEGRAS,18,SAN JUAN
loc_21641,21641,PISMANIA,18,SAN JUAN
loc_21642,21642,PO CAJON DE LA BREA,18,SAN JUAN
loc_21643,21643,PO DEL CHOLLAY,18,SAN JUAN
loc_21644,21644,PO DEL INCA,18,SAN JUAN
loc_21645,21645,PO LAS TORTOLAS,18,SAN JUAN
loc_21646,21646,PORT DE LA PUNILLA,18,SAN JUAN
loc_21647,21647,PORT LAS CARACACHAS,18,SAN JUAN
loc_21648,21648,PORT SAN GUILLERMO,18,SAN JUAN
loc_21649,21649,PORT SANTA ROSA,18,SAN JUAN
loc_21650,21650,POTREROS LOS AMADORES,18,SAN JUAN
loc_21651,21651,PTO GEN,18,SAN JUAN
loc_21652,21652,PUERTA DEL INFIERNILLO,18,SAN JUAN
loc_21653,21653,QUILINQUIL,18,SAN JUAN
loc_21654,21654,REFUGIO,18,SAN JUAN
loc_21655,21655,RINCON DE LA BREA,18,SAN JUAN
loc_21656,21656,RINCON DE LA OLLITA,18,SAN JUAN
loc_21657,21657,RINCON DE LOS CHINCHILLEROS,18,SAN JUAN
loc_21658,21658,RODEO,18,SAN JUAN
loc_21659,21659,RUINAS INDIGENAS,18,SAN JUAN
loc_21660,21660,TAMBERIAS,18,SAN JUAN
loc_21661,21661,TERMA PISMANTA,18,SAN JUAN
loc_21662,21662,TERMAS CENTENARIO,18,SAN JUAN
loc_21663,21663,TOCOTA,18,SAN JUAN
loc_21664,21664,TOTORALITO,18,SAN JUAN
loc_21665,21665,TRES QUEBRADITAS,18,SAN JUAN
loc_21666,21666,TUDCUM,18,SAN JUAN
loc_21667,21667,TUTIANCA,18,SAN JUAN
loc_21668,21668,VALLE DEL CURA,18,SAN JUAN
loc_21669,21669,VENILLO,18,SAN JUAN
loc_21670,21670,APEADERO LAS CHIMBAS,18,SAN JUAN
loc_21671,21671,CHIMBAS,18,SAN JUAN
loc_21672,21672,EL MOGOTE CHIMBAS,18,SAN JUAN
loc_21673,21673,LAS CHIMBAS,18,SAN JUAN
loc_21674,21674,LOS VIÑEDOS,18,SAN JUAN
loc_21675,21675,VILLA JUAN XXIII,18,SAN JUAN
loc_21676,21676,VILLA MORRONES,18,SAN JUAN
loc_21677,21677,VILLA OBRERA,18,SAN JUAN
loc_21678,21678,VILLA P A DE SARMIENTO,18,SAN JUAN
loc_21679,21679,VILLA SANTA PAULA,18,SAN JUAN
loc_21680,21680,ANGACO NORTE,18,SAN JUAN
loc_21681,21681,CALLE AGUILERAS,18,SAN JUAN
loc_21682,21682,CALLE NACIONAL,18,SAN JUAN
loc_21683,21683,DOMINGO DE ORO,18,SAN JUAN
loc_21684,21684,EL ALAMITO,18,SAN JUAN
loc_21685,21685,EL BOSQUE,18,SAN JUAN
loc_21686,21686,LA CAÑADA,18,SAN JUAN
loc_21687,21687,LAS TAPIAS,18,SAN JUAN
loc_21688,21688,PAQUITA,18,SAN JUAN
loc_21689,21689,PICHAGUAL,18,SAN JUAN
loc_21690,21690,PLUMERILLO,18,SAN JUAN
loc_21691,21691,PUNTA DEL MONTE,18,SAN JUAN
loc_21692,21692,RANCHOS DE FAMACOA,18,SAN JUAN
loc_21693,21693,VILLA DEL SALVADOR,18,SAN JUAN
loc_21694,21694,VILLA GENERAL ACHA,18,SAN JUAN
loc_21695,21695,ADAN QUIROGA,18,SAN JUAN
loc_21696,21696,AGUA DE LA ZORRA,18,SAN JUAN
loc_21697,21697,AGUA DE LOS CABALLOS,18,SAN JUAN
loc_21698,21698,AGUADA DE LA PEÑA,18,SAN JUAN
loc_21699,21699,AGUADITAS,18,SAN JUAN
loc_21700,21700,AGUADITAS DEL RIO JACHAL,18,SAN JUAN
loc_21701,21701,AGUAS DEL PAJARO,18,SAN JUAN
loc_21702,21702,ALCAUCHA,18,SAN JUAN
loc_21703,21703,ALGARROBO DEL CURA,18,SAN JUAN
loc_21704,21704,ALTO HUACO,18,SAN JUAN
loc_21705,21705,ASCHICHUSCA,18,SAN JUAN
loc_21706,21706,BARRANCA DE LOS LOROS,18,SAN JUAN
loc_21707,21707,BARRANCAS BLANCAS,18,SAN JUAN
loc_21708,21708,BELLA VISTA,18,SAN JUAN
loc_21709,21709,BOCA DE LA QUEBRADA,18,SAN JUAN
loc_21710,21710,CAMPO LAS LIEBRES,18,SAN JUAN
loc_21711,21711,CAMPO LOS POZOS,18,SAN JUAN
loc_21712,21712,CASA VIEJA,18,SAN JUAN
loc_21713,21713,CERRO ASPERO,18,SAN JUAN
loc_21714,21714,CERRO CABALLO ANCA,18,SAN JUAN
loc_21715,21715,CERRO COLORADO,18,SAN JUAN
loc_21716,21716,CERRO DE LOS CABALLOS,18,SAN JUAN
loc_21717,21717,CERRO EL DURAZNO,18,SAN JUAN
loc_21718,21718,CERRO IMAN,18,SAN JUAN
loc_21719,21719,CERRO LA CAÑADA AMARILLA,18,SAN JUAN
loc_21720,21720,CERRO LAJITAS,18,SAN JUAN
loc_21721,21721,CERRO NEGRO,18,SAN JUAN
loc_21722,21722,CERRO NEGRO DEL CORRAL,18,SAN JUAN
loc_21723,21723,CERRO POTRERO,18,SAN JUAN
loc_21724,21724,CHAÑAR PINTADO,18,SAN JUAN
loc_21725,21725,CHEPICAL,18,SAN JUAN
loc_21726,21726,COLANQUI,18,SAN JUAN
loc_21727,21727,COYON,18,SAN JUAN
loc_21728,21728,CRUZ DE PIEDRA,18,SAN JUAN
loc_21729,21729,CUMIYANGO,18,SAN JUAN
loc_21730,21730,DIQUE CAUQUENES,18,SAN JUAN
loc_21731,21731,EL BALDE,18,SAN JUAN
loc_21732,21732,EL BUEN RETIRO,18,SAN JUAN
loc_21733,21733,EL CHACRERO,18,SAN JUAN
loc_21734,21734,EL CHAMIZUDO,18,SAN JUAN
loc_21735,21735,EL CORRALITO,18,SAN JUAN
loc_21736,21736,EL FICAL,18,SAN JUAN
loc_21737,21737,EL FUERTE,18,SAN JUAN
loc_21738,21738,EL JABONCITO,18,SAN JUAN
loc_21739,21739,EL MEDANO,18,SAN JUAN
loc_21740,21740,EL QUEMADO,18,SAN JUAN
loc_21741,21741,EL SALITRE,18,SAN JUAN
loc_21742,21742,EL TAPON,18,SAN JUAN
loc_21743,21743,EL TREINTA,18,SAN JUAN
loc_21744,21744,EL VOLCAN,18,SAN JUAN
loc_21745,21745,ENTRE RIOS,18,SAN JUAN
loc_21746,21746,EST NIQUIVIL,18,SAN JUAN
loc_21747,21747,FINCA EL MOLINO,18,SAN JUAN
loc_21748,21748,GRAN CHINA,18,SAN JUAN
loc_21749,21749,GUACHIPAMPA,18,SAN JUAN
loc_21750,21750,GUAJA,18,SAN JUAN
loc_21751,21751,HOSTERIA EL BALDE,18,SAN JUAN
loc_21752,21752,HUACO,18,SAN JUAN
loc_21753,21753,HUERTA DE GUACHI,18,SAN JUAN
loc_21754,21754,INDIO MUERTO,18,SAN JUAN
loc_21755,21755,INGENIERO MATIAS G SANCHEZ,18,SAN JUAN
loc_21756,21756,JACHAL,18,SAN JUAN
loc_21757,21757,LA CHILCA,18,SAN JUAN
loc_21758,21758,LA CIENAGA,18,SAN JUAN
loc_21759,21759,LA CIENAGA DE CUMILLANGO,18,SAN JUAN
loc_21760,21760,LA ESQUINA,18,SAN JUAN
loc_21761,21761,LA ESTACA,18,SAN JUAN
loc_21762,21762,LA FALDA,18,SAN JUAN
loc_21763,21763,LA LEGUA,18,SAN JUAN
loc_21764,21764,LA OVERA,18,SAN JUAN
loc_21765,21765,LA TOMA,18,SAN JUAN
loc_21766,21766,LA VALENTINA,18,SAN JUAN
loc_21767,21767,LAS AGUADITAS,18,SAN JUAN
loc_21768,21768,LAS CIENAGAS VERDES,18,SAN JUAN
loc_21769,21769,LAS ESPINAS,18,SAN JUAN
loc_21770,21770,LAS PUESTAS,18,SAN JUAN
loc_21771,21771,LOMA NEGRA,18,SAN JUAN
loc_21772,21772,LOS DIAGUITAS,18,SAN JUAN
loc_21773,21773,LOS HORNOS,18,SAN JUAN
loc_21774,21774,LOS PUESTOS,18,SAN JUAN
loc_21775,21775,LOS QUIMBALETES,18,SAN JUAN
loc_21776,21776,LOS RANCHOS,18,SAN JUAN
loc_21777,21777,LOS TERREMOTOS,18,SAN JUAN
loc_21778,21778,MINA DE GUACHI,18,SAN JUAN
loc_21779,21779,MINA EL ALGARROBO,18,SAN JUAN
loc_21780,21780,MINA EL PESCADO,18,SAN JUAN
loc_21781,21781,MINA ESCONDIDA,18,SAN JUAN
loc_21782,21782,MINA GENERAL BELGRANO,18,SAN JUAN
loc_21783,21783,MINA LA ABUNDANCIA,18,SAN JUAN
loc_21784,21784,MINA LA DELFINA,18,SAN JUAN
loc_21785,21785,MINA LA ESPERANZA,18,SAN JUAN
loc_21786,21786,MINA LA SALAMANTA,18,SAN JUAN
loc_21787,21787,MINA LOS CABALLOS,18,SAN JUAN
loc_21788,21788,MINA MONTOSA,18,SAN JUAN
loc_21789,21789,MINA SAN ANTONIO,18,SAN JUAN
loc_21790,21790,MOGNA,18,SAN JUAN
loc_21791,21791,NIQUIVIL,18,SAN JUAN
loc_21792,21792,NIQUIVIL VIEJO,18,SAN JUAN
loc_21793,21793,OJOS DE AGUA,18,SAN JUAN
loc_21794,21794,OTRA BANDA,18,SAN JUAN
loc_21795,21795,PAMPA DEL CHAÑAR,18,SAN JUAN
loc_21796,21796,PAMPA VIEJA,18,SAN JUAN
loc_21797,21797,PANACAN,18,SAN JUAN
loc_21798,21798,PASLEAM,18,SAN JUAN
loc_21799,21799,PASO DE OTAROLA,18,SAN JUAN
loc_21800,21800,PASO DEL LAMAR,18,SAN JUAN
loc_21801,21801,PIEDRA PARADA,18,SAN JUAN
loc_21802,21802,PIMPA,18,SAN JUAN
loc_21803,21803,PO DE USNO,18,SAN JUAN
loc_21804,21804,PORTON GRANDE,18,SAN JUAN
loc_21805,21805,PTO AG DEL BURRO,18,SAN JUAN
loc_21806,21806,PTO AGUADITA,18,SAN JUAN
loc_21807,21807,PTO AGUADITA DE ABAJO,18,SAN JUAN
loc_21808,21808,PTO ANJULIO,18,SAN JUAN
loc_21809,21809,PTO CUMILLANGO,18,SAN JUAN
loc_21810,21810,PTO DURAZNO,18,SAN JUAN
loc_21811,21811,PTO EL ARBOL LIGUDO,18,SAN JUAN
loc_21812,21812,PTO EL SARCO,18,SAN JUAN
loc_21813,21813,PTO EL TORO,18,SAN JUAN
loc_21814,21814,PTO FIGUEROA,18,SAN JUAN
loc_21815,21815,PTO LA CHILCA,18,SAN JUAN
loc_21816,21816,PTO LA CORTADERA,18,SAN JUAN
loc_21817,21817,PTO LA ESPINA,18,SAN JUAN
loc_21818,21818,PTO LA REPRESA,18,SAN JUAN
loc_21819,21819,PTO LA TUNA,18,SAN JUAN
loc_21820,21820,PTO LA VIRGENCITA,18,SAN JUAN
loc_21821,21821,PTO LOS ALAMOS,18,SAN JUAN
loc_21822,21822,PTO LOS POZOS,18,SAN JUAN
loc_21823,21823,PTO MAJADITA,18,SAN JUAN
loc_21824,21824,PTO PAJARITO,18,SAN JUAN
loc_21825,21825,PTO PANTANITO,18,SAN JUAN
loc_21826,21826,PTO PERICO,18,SAN JUAN
loc_21827,21827,PTO PESCADO,18,SAN JUAN
loc_21828,21828,PTO PIMPA,18,SAN JUAN
loc_21829,21829,PTO PORTEZUELO HONDO,18,SAN JUAN
loc_21830,21830,PTO POTRERILLO,18,SAN JUAN
loc_21831,21831,PTO PUNILLA,18,SAN JUAN
loc_21832,21832,PTO RECREO,18,SAN JUAN
loc_21833,21833,PTO SABATO,18,SAN JUAN
loc_21834,21834,PTO SEGOVIA,18,SAN JUAN
loc_21835,21835,PTO TRAPICHE,18,SAN JUAN
loc_21836,21836,PTO VALLECITO,18,SAN JUAN
loc_21837,21837,PTO VAREJON,18,SAN JUAN
loc_21838,21838,PUNTA DE AGUA,18,SAN JUAN
loc_21839,21839,RINCON,18,SAN JUAN
loc_21840,21840,RINCON COLORADO,18,SAN JUAN
loc_21841,21841,RINCON DEL GATO,18,SAN JUAN
loc_21842,21842,RIO PALO,18,SAN JUAN
loc_21843,21843,SAN ISIDRO,18,SAN JUAN
loc_21844,21844,SAN ROQUE,18,SAN JUAN
loc_21845,21845,SANTA BARBARA,18,SAN JUAN
loc_21846,21846,SIERRA BILLICUM,18,SAN JUAN
loc_21847,21847,TAMBERIAS,18,SAN JUAN
loc_21848,21848,TAP GALLARDO,18,SAN JUAN
loc_21849,21849,TERMAS AGUA HEDIONDA,18,SAN JUAN
loc_21850,21850,TERMAS DE AGUA NEGRA,18,SAN JUAN
loc_21851,21851,TRANCAS,18,SAN JUAN
loc_21852,21852,TRAVESIA DE MOGNA,18,SAN JUAN
loc_21853,21853,TUCUNUCO,18,SAN JUAN
loc_21854,21854,TUMINICO,18,SAN JUAN
loc_21855,21855,VILLA,18,SAN JUAN
loc_21856,21856,VILLA MERCEDES,18,SAN JUAN
loc_21857,21857,VOLCAN,18,SAN JUAN
loc_21858,21858,ANGACO SUD,18,SAN JUAN
loc_21859,21859,BELGRANO,18,SAN JUAN
loc_21860,21860,CALIBAR,18,SAN JUAN
loc_21861,21861,CALLE LARGA,18,SAN JUAN
loc_21862,21862,CALLECITA,18,SAN JUAN
loc_21863,21863,DOS ACEQUIAS,18,SAN JUAN
loc_21864,21864,KILOMETRO 905,18,SAN JUAN
loc_21865,21865,LA GERMANIA,18,SAN JUAN
loc_21866,21866,LA PUNTILLA,18,SAN JUAN
loc_21867,21867,LOS ANGACOS,18,SAN JUAN
loc_21868,21868,PUNTILLA BLANCA,18,SAN JUAN
loc_21869,21869,PUNTILLA NEGRA,18,SAN JUAN
loc_21870,21870,SAN ISIDRO,18,SAN JUAN
loc_21871,21871,SAN MARTIN,18,SAN JUAN
loc_21872,21872,VILLA ALEM,18,SAN JUAN
loc_21873,21873,VILLA DOMINGUITO,18,SAN JUAN
loc_21874,21874,VILLA LUGANO,18,SAN JUAN
loc_21875,21875,BARRIO EL TONTAL,18,SAN JUAN
loc_21876,21876,CERRO AGUADITAS,18,SAN JUAN
loc_21877,21877,CERRO AGUILA,18,SAN JUAN
loc_21878,21878,CERRO BLANCO,18,SAN JUAN
loc_21879,21879,CERRO CASA DE PIEDRA,18,SAN JUAN
loc_21880,21880,CERRO DIVISADERO,18,SAN JUAN
loc_21881,21881,CERRO INFIERNILLO,18,SAN JUAN
loc_21882,21882,CERRO JAGUEL,18,SAN JUAN
loc_21883,21883,CERRO LA CIENAGA,18,SAN JUAN
loc_21884,21884,CERRO LA FLECHA,18,SAN JUAN
loc_21885,21885,CERRO LA JARILLA,18,SAN JUAN
loc_21886,21886,CERRO LA RINCONADA,18,SAN JUAN
loc_21887,21887,CERRO LAS BARRANCAS,18,SAN JUAN
loc_21888,21888,CERRO LAS PLACETAS,18,SAN JUAN
loc_21889,21889,CERRO NEGRO,18,SAN JUAN
loc_21890,21890,CERRO PACHACO,18,SAN JUAN
loc_21891,21891,CERRO PIRCAS,18,SAN JUAN
loc_21892,21892,CERRO SANTA ROSA,18,SAN JUAN
loc_21893,21893,CERRO SASITO,18,SAN JUAN
loc_21894,21894,CERRO TAMBOLAR,18,SAN JUAN
loc_21895,21895,CERRO TRES MOGOTES,18,SAN JUAN
loc_21896,21896,DIQUE SOLDANO,18,SAN JUAN
loc_21897,21897,ESTANCIA MARADONA,18,SAN JUAN
loc_21898,21898,HUAICOS,18,SAN JUAN
loc_21899,21899,LOS PARAMILLOS,18,SAN JUAN
loc_21900,21900,PORT DE LOS SOMBREROS,18,SAN JUAN
loc_21901,21901,PTO CORDOVA,18,SAN JUAN
loc_21902,21902,PTO DEL AGUA DE PINTO,18,SAN JUAN
loc_21903,21903,PTO EL MOLLE,18,SAN JUAN
loc_21904,21904,PTO LAS CUEVAS,18,SAN JUAN
loc_21905,21905,PTO LOS PAPAGALLOS,18,SAN JUAN
loc_21906,21906,VILLA BASILIO NIEVAS,18,SAN JUAN
loc_21907,21907,VILLA MEDIA AGUA,18,SAN JUAN
loc_21908,21908,ZONDA,18,SAN JUAN
loc_21909,21909,ALTO DE SIERRA,18,SAN JUAN
loc_21910,21910,CALLECITA,18,SAN JUAN
loc_21911,21911,COLL,18,SAN JUAN
loc_21912,21912,COLONIA GUTIERREZ,18,SAN JUAN
loc_21913,21913,COLONIA RICHET,18,SAN JUAN
loc_21914,21914,COLONIA ZAPATA,18,SAN JUAN
loc_21915,21915,LA LEGUA,18,SAN JUAN
loc_21916,21916,LOS COMPARTOS,18,SAN JUAN
loc_21917,21917,LOS VIÑEDOS,18,SAN JUAN
loc_21918,21918,LUZ DEL MUNDO,18,SAN JUAN
loc_21919,21919,PAJAS BLANCAS,18,SAN JUAN
loc_21920,21920,PEDRO ECHAGUE,18,SAN JUAN
loc_21921,21921,PUENTE NACIONAL,18,SAN JUAN
loc_21922,21922,PUENTE RIO SAN JUAN,18,SAN JUAN
loc_21923,21923,PUENTE RUFINO,18,SAN JUAN
loc_21924,21924,SANTA LUCIA,18,SAN JUAN
loc_21925,21925,VILLA 20 DE JUNIO,18,SAN JUAN
loc_21926,21926,VILLA BERMEJITO,18,SAN JUAN
loc_21927,21927,VILLA ESTEVEZ,18,SAN JUAN
loc_21928,21928,VILLA GENERAL LAS HERAS,18,SAN JUAN
loc_21929,21929,VILLA GOBERNADOR CHAVEZ,18,SAN JUAN
loc_21930,21930,VILLA J C SARMIENTO,18,SAN JUAN
loc_21931,21931,VILLA LUZ DEL MUNDO,18,SAN JUAN
loc_21932,21932,VILLA MUÑOZ,18,SAN JUAN
loc_21933,21933,VILLA N LARRAIN,18,SAN JUAN
loc_21934,21934,VILLA PATRICIAS SANJUANINAS,18,SAN JUAN
loc_21935,21935,VILLA PUEYRREDON,18,SAN JUAN
loc_21936,21936,VILLA RIZZO,18,SAN JUAN
loc_21937,21937,VILLA RUFINO GOMEZ,18,SAN JUAN
loc_21938,21938,VILLA SARGENTO CABRAL,18,SAN JUAN
loc_21939,21939,ALGARROBO GRANDE,18,SAN JUAN
loc_21940,21940,APEADERO GUANACACHE,18,SAN JUAN
loc_21941,21941,AZUCARERA DE CUYO,18,SAN JUAN
loc_21942,21942,BAÑOS DEL CERRO,18,SAN JUAN
loc_21943,21943,BODEGA SAN ANTONIO,18,SAN JUAN
loc_21945,21945,CARBOMETAL,18,SAN JUAN
loc_21946,21946,CERRO DE LOS BURROS,18,SAN JUAN
loc_21947,21947,CERRO DEL MEDIO,18,SAN JUAN
loc_21948,21948,CERRO HEDIONDO,18,SAN JUAN
loc_21949,21949,CERRO LOS POZOS,18,SAN JUAN
loc_21950,21950,CERRO RIQUILIPONCHE,18,SAN JUAN
loc_21951,21951,CIENAGUITA,18,SAN JUAN
loc_21952,21952,COCHAGUAL,18,SAN JUAN
loc_21953,21953,COLONIA FIORITO,18,SAN JUAN
loc_21954,21954,COLONIA FISCAL SARMIENTO,18,SAN JUAN
loc_21955,21955,COLONIA SAN ANTONIO,18,SAN JUAN
loc_21956,21956,DIQUE LAS CRUCECITAS,18,SAN JUAN
loc_21957,21957,DIVISADERO,18,SAN JUAN
loc_21958,21958,EL INFIERNO,18,SAN JUAN
loc_21959,21959,ESTANCIA ACEQUION,18,SAN JUAN
loc_21960,21960,ESTANCIA EL DURAZNO,18,SAN JUAN
loc_21961,21961,ESTANCIA LA POSTA,18,SAN JUAN
loc_21962,21962,GUANACACHE,18,SAN JUAN
loc_21963,21963,KILOMETRO 10650,18,SAN JUAN
loc_21964,21964,LA CHILCA,18,SAN JUAN
loc_21965,21965,LA CIENEGUITA,18,SAN JUAN
loc_21966,21966,LAGUNA DEL ROSARIO,18,SAN JUAN
loc_21967,21967,LAS LAGUNAS,18,SAN JUAN
loc_21968,21968,LOMAS DEL AGUADITAS,18,SAN JUAN
loc_21969,21969,LOS BERROS,18,SAN JUAN
loc_21970,21970,LOS CHAÑARES,18,SAN JUAN
loc_21971,21971,LOS NOGALES,18,SAN JUAN
loc_21972,21972,LOS SOMBREROS,18,SAN JUAN
loc_21973,21973,LOTE ALVARADO,18,SAN JUAN
loc_21974,21974,MEDIA AGUA,13,MENDOZA
loc_21975,21975,PEDERNAL,18,SAN JUAN
loc_21976,21976,POTRANCA,18,SAN JUAN
loc_21977,21977,PUESTO ANGOSTURA,18,SAN JUAN
loc_21978,21978,PUESTO DE ARRIBA,18,SAN JUAN
loc_21979,21979,PUESTO LA CHILCA DE ABAJO,18,SAN JUAN
loc_21980,21980,PUESTO OLGUIN,18,SAN JUAN
loc_21981,21981,PUESTO SANTA ROSA,18,SAN JUAN
loc_21982,21982,PUNTA DE LAGUNA,18,SAN JUAN
loc_21983,21983,PUNTA DEL MEDANO,18,SAN JUAN
loc_21984,21984,RAMBLON,18,SAN JUAN
loc_21985,21985,RETAMITO,18,SAN JUAN
loc_21986,21986,SAN CARLOS,18,SAN JUAN
loc_21987,21987,SANTA CLARA,18,SAN JUAN
loc_21988,21988,TRES ESQUINAS,18,SAN JUAN
loc_21989,21989,VILLA GENERAL SARMIENTO,18,SAN JUAN
loc_21990,21990,DESAMPARADOS,18,SAN JUAN
loc_21991,21991,DIAZ VELEZ,18,SAN JUAN
loc_21992,21992,PRESBITERO FCO PEREZ HERNADEZ,18,SAN JUAN
loc_21993,21993,SAN JUAN,18,SAN JUAN
loc_21994,21994,TRINIDAD,18,SAN JUAN
loc_21995,21995,VILLA CAROLINA,18,SAN JUAN
loc_21996,21996,VILLA DEL CARMEN,18,SAN JUAN
loc_21997,21997,VILLA MARINI,18,SAN JUAN
loc_21998,21998,VILLA PALERMO,18,SAN JUAN
loc_21999,21999,VILLA SAN ISIDRO,18,SAN JUAN
loc_22000,22000,AGUA CERCADA,18,SAN JUAN
loc_22001,22001,AGUA ESCONDIDA,18,SAN JUAN
loc_22002,22002,AGUANGO,18,SAN JUAN
loc_22003,22003,ASTICA,18,SAN JUAN
loc_22004,22004,BALDE DEL NORTE,18,SAN JUAN
loc_22005,22005,BALDE DEL ROSARIO,18,SAN JUAN
loc_22006,22006,BALDE PLUMERITO,18,SAN JUAN
loc_22007,22007,BALDE SAN CARLOS,18,SAN JUAN
loc_22008,22008,BALDECITO,18,SAN JUAN
loc_22009,22009,BALDECITO DEL MORADO,18,SAN JUAN
loc_22010,22010,BALDES DE LA CHILCA,18,SAN JUAN
loc_22011,22011,BALDES DEL SUD,18,SAN JUAN
loc_22012,22012,BALDES DEL TARABAY,18,SAN JUAN
loc_22013,22013,BARRANCA COLORADA,18,SAN JUAN
loc_22014,22014,BARREALITO,18,SAN JUAN
loc_22015,22015,CABEZA DEL TORO,18,SAN JUAN
loc_22018,22018,CASA DE JAVIER,18,SAN JUAN
loc_22019,22019,CERRO ASILAN,18,SAN JUAN
loc_22020,22020,CERRO LA COLORADA,18,SAN JUAN
loc_22021,22021,CERRO TRES PUNTAS,18,SAN JUAN
loc_22022,22022,CHANCHOS,18,SAN JUAN
loc_22023,22023,CHAÑAR,18,SAN JUAN
loc_22024,22024,CHICA NEGRA,18,SAN JUAN
loc_22025,22025,CHUCUMA,18,SAN JUAN
loc_22026,22026,CIENAGA,18,SAN JUAN
loc_22027,22027,CONDOR MUERTO,18,SAN JUAN
loc_22028,22028,CORRAL DE PIRCA,18,SAN JUAN
loc_22029,22029,CUCHILLAZO,18,SAN JUAN
loc_22030,22030,CUESTA VIEJO,18,SAN JUAN
loc_22031,22031,CULEBRA,18,SAN JUAN
loc_22032,22032,DOS MOJONES,18,SAN JUAN
loc_22033,22033,EL BARRIALITO,18,SAN JUAN
loc_22034,22034,EL GIGANTILLO,18,SAN JUAN
loc_22035,22035,EL LECHUZO,18,SAN JUAN
loc_22036,22036,EL PLUMERITO,18,SAN JUAN
loc_22037,22037,EL PUERTO,18,SAN JUAN
loc_22038,22038,EL RINCON,18,SAN JUAN
loc_22039,22039,EL SALTO,18,SAN JUAN
loc_22040,22040,EST DE HERRERA VEGAS,18,SAN JUAN
loc_22041,22041,EST MARAYES,18,SAN JUAN
loc_22042,22042,ESTANCIA BAJO DE LAS TUMANAS,18,SAN JUAN
loc_22043,22043,ESTANCIA EL CHAÑAR NUEVO,18,SAN JUAN
loc_22044,22044,ESTANCIA EL JUMEAL,18,SAN JUAN
loc_22045,22045,ESTANCIA EL MOLINO,18,SAN JUAN
loc_22046,22046,ESTANCIA EL POLEAR,18,SAN JUAN
loc_22047,22047,ESTANCIA ELIZONDO,18,SAN JUAN
loc_22048,22048,ESTANCIA LA ESCALERA,18,SAN JUAN
loc_22049,22049,ESTANCIA LA FLORIDA,18,SAN JUAN
loc_22050,22050,ESTANCIA LA LATA,18,SAN JUAN
loc_22051,22051,ESTANCIA QUIROGA,18,SAN JUAN
loc_22052,22052,ESTANCIA RIO VERDE,18,SAN JUAN
loc_22053,22053,ESTANCIA SAN ROQUE,18,SAN JUAN
loc_22054,22054,FILO DEL MOCHO,18,SAN JUAN
loc_22055,22055,FINCA DEL JAPONES,18,SAN JUAN
loc_22056,22056,ICHIGUALASTO,18,SAN JUAN
loc_22057,22057,ISCHIGUALASTO,18,SAN JUAN
loc_22058,22058,JARILLA CHICA,18,SAN JUAN
loc_22059,22059,JUNTAS DEL GUANDACOL,18,SAN JUAN
loc_22060,22060,LA CARPA,18,SAN JUAN
loc_22061,22061,LA CERCADA,18,SAN JUAN
loc_22062,22062,LA CIENAGUITA,18,SAN JUAN
loc_22063,22063,LA CIENEGUITA,18,SAN JUAN
loc_22064,22064,LA COLONIA,18,SAN JUAN
loc_22065,22065,LA CRUZ,18,SAN JUAN
loc_22066,22066,LA ESQUINA,18,SAN JUAN
loc_22067,22067,LA HUERTA,18,SAN JUAN
loc_22068,22068,LA MAJADITA,18,SAN JUAN
loc_22069,22069,LA MESADA,18,SAN JUAN
loc_22070,22070,LA ORQUETA,18,SAN JUAN
loc_22071,22071,LA PENCA,18,SAN JUAN
loc_22072,22072,LA RAMADA,18,SAN JUAN
loc_22073,22073,LA RIPIERA,18,SAN JUAN
loc_22074,22074,LA ROSITA,18,SAN JUAN
loc_22075,22075,LA SAL,18,SAN JUAN
loc_22076,22076,LAPRIDA,18,SAN JUAN
loc_22077,22077,LAS DELICIAS,18,SAN JUAN
loc_22078,22078,LAS HERMANAS,18,SAN JUAN
loc_22079,22079,LAS HIGUERITAS,18,SAN JUAN
loc_22080,22080,LAS JUNTAS,18,SAN JUAN
loc_22081,22081,LAS RAMADITAS,18,SAN JUAN
loc_22082,22082,LAS TUMANAS,18,SAN JUAN
loc_22083,22083,LAS YEGUAS,18,SAN JUAN
loc_22084,22084,LOMA ANCHA,18,SAN JUAN
loc_22085,22085,LOMA DE COCHO,18,SAN JUAN
loc_22086,22086,LOMA LEONES,18,SAN JUAN
loc_22087,22087,LOMA NEGRA,18,SAN JUAN
loc_22088,22088,LOMAS BLANCAS,18,SAN JUAN
loc_22089,22089,LOS BALDECITOS,18,SAN JUAN
loc_22090,22090,LOS BALDES,18,SAN JUAN
loc_22091,22091,LOS BALDES DE ASTICA,18,SAN JUAN
loc_22092,22092,LOS BARRIALES,18,SAN JUAN
loc_22093,22093,LOS CHAVES,18,SAN JUAN
loc_22094,22094,LOS LAGARES,18,SAN JUAN
loc_22095,22095,LOS MOLLES,18,SAN JUAN
loc_22096,22096,LOS PORONGOS,18,SAN JUAN
loc_22097,22097,LOS RINCONES,18,SAN JUAN
loc_22098,22098,LOS SANCHEZ,18,SAN JUAN
loc_22099,22099,MEDANO COLORADO,18,SAN JUAN
loc_22100,22100,MESADA AGUADA,18,SAN JUAN
loc_22101,22101,MICA,18,SAN JUAN
loc_22102,22102,MILAGRO,18,SAN JUAN
loc_22103,22103,MORTERITO,18,SAN JUAN
loc_22104,22104,NAQUERA,18,SAN JUAN
loc_22105,22105,PAMPA DE LOS CABALLOS,18,SAN JUAN
loc_22106,22106,PAMPA GRANDE,18,SAN JUAN
loc_22107,22107,PAPAGAYOS,18,SAN JUAN
loc_22108,22108,PASO DE FERREIRA,18,SAN JUAN
loc_22109,22109,PASO DE LAMAS,18,SAN JUAN
loc_22110,22110,PIEDRA BLANCA,18,SAN JUAN
loc_22111,22111,PIEDRA COLORADA,18,SAN JUAN
loc_22112,22112,PIEDRA RAJADA,18,SAN JUAN
loc_22113,22113,PILA DE MACHO,18,SAN JUAN
loc_22114,22114,PORT LAS CHILCAS,18,SAN JUAN
loc_22115,22115,PORT LAS FRANCAS,18,SAN JUAN
loc_22116,22116,POZO DE AGUADITA,18,SAN JUAN
loc_22117,22117,PTO CHANQUIA,18,SAN JUAN
loc_22118,22118,PTO CHAVEZ,18,SAN JUAN
loc_22119,22119,PTO GORDILLO,18,SAN JUAN
loc_22120,22120,PTO HUASI,18,SAN JUAN
loc_22121,22121,PTO LIMA,18,SAN JUAN
loc_22122,22122,PTO ROMERO,18,SAN JUAN
loc_22123,22123,PTO SAN ISIDRO,18,SAN JUAN
loc_22124,22124,PTO VEGA,18,SAN JUAN
loc_22125,22125,PUERTA DE LA CHILCA,18,SAN JUAN
loc_22126,22126,PUNTA BLANCA,18,SAN JUAN
loc_22127,22127,PUNTA NORTE,18,SAN JUAN
loc_22128,22128,REFUGIO,18,SAN JUAN
loc_22129,22129,RICHARD,18,SAN JUAN
loc_22130,22130,RINCON CHICO,18,SAN JUAN
loc_22131,22131,RINCON GRANDE,18,SAN JUAN
loc_22132,22132,RINCONES,18,SAN JUAN
loc_22133,22133,SAN AGUSTIN DEL VALLE FERTIL,18,SAN JUAN
loc_22134,22134,SAN ANTONIO,18,SAN JUAN
loc_22135,22135,SAN JUAN BAUTISTA USNO,18,SAN JUAN
loc_22136,22136,SANJUANINO,18,SAN JUAN
loc_22137,22137,SANTO DOMINGO,18,SAN JUAN
loc_22138,22138,SARMIENTO,18,SAN JUAN
loc_22139,22139,SIERRA DE CHAVEZ,18,SAN JUAN
loc_22140,22140,SIERRA DE ELIZONDO,18,SAN JUAN
loc_22141,22141,SIERRA DE RIVERO,18,SAN JUAN
loc_22142,22142,TAMBERIAS,18,SAN JUAN
loc_22143,22143,TUMANAS,18,SAN JUAN
loc_22144,22144,USNO,18,SAN JUAN
loc_22145,22145,VILLA CARLOTA,18,SAN JUAN
loc_22146,22146,YERBA BUENA,18,SAN JUAN
loc_22147,22147,YOCA,18,SAN JUAN
loc_22148,22148,APEADERO QUIROGA,18,SAN JUAN
loc_22149,22149,BARRIO SANTA BARBARA,18,SAN JUAN
loc_22150,22150,CAMPO DE BATALLA,18,SAN JUAN
loc_22151,22151,CARPINTERIA,18,SAN JUAN
loc_22152,22152,CENTRO AVIACION CIVIL SAN JUAN,18,SAN JUAN
loc_22153,22153,COLONIA CANTONI,18,SAN JUAN
loc_22154,22154,COLONIA CASTRO PADIN,18,SAN JUAN
loc_22155,22155,COLONIA MOYA,18,SAN JUAN
loc_22156,22156,COLONIA ROCA,18,SAN JUAN
loc_22158,22158,CONTEGRAND,18,SAN JUAN
loc_22159,22159,EL ABANICO,18,SAN JUAN
loc_22160,22160,ESTACION LA RINCONADA,18,SAN JUAN
loc_22161,22161,JUAN CELANI,18,SAN JUAN
loc_22162,22162,LA CALLECITA,18,SAN JUAN
loc_22163,22163,LA COSECHERA,18,SAN JUAN
loc_22164,22164,POCITO,18,SAN JUAN
loc_22165,22165,PUESTO RETIRO,18,SAN JUAN
loc_22166,22166,QUINTO CUARTEL,18,SAN JUAN
loc_22167,22167,QUIROGA,18,SAN JUAN
loc_22168,22168,RINCONADA,18,SAN JUAN
loc_22169,22169,SANCHEZ DE LORIA,18,SAN JUAN
loc_22170,22170,VILLA ABERASTAIN,18,SAN JUAN
loc_22171,22171,VILLA BARBOZA,18,SAN JUAN
loc_22172,22172,VILLA NACUSI,18,SAN JUAN
loc_22173,22173,VILLA SANTA ANITA,18,SAN JUAN
loc_22174,22174,ALBARRACIN,18,SAN JUAN
loc_22176,22176,CAPITAN LAZO,18,SAN JUAN
loc_22177,22177,COLONIA CENTENARIO,18,SAN JUAN
loc_22178,22178,COLONIA EL MOLINO,18,SAN JUAN
loc_22179,22179,COLONIA FLORIDA,18,SAN JUAN
loc_22180,22180,COLONIA JUAN SOLARI,18,SAN JUAN
loc_22181,22181,COLONIA RODAS,18,SAN JUAN
loc_22182,22182,COLONIA RODRIGUEZ ZAVALLA,18,SAN JUAN
loc_22183,22183,COLONIA YORNER,18,SAN JUAN
loc_22184,22184,COLONIA ZABALA,18,SAN JUAN
loc_22185,22185,EL MEDANITO,18,SAN JUAN
loc_22186,22186,EL MOLINO,18,SAN JUAN
loc_22187,22187,GERMANIA,18,SAN JUAN
loc_22188,22188,LA FLORIDA,18,SAN JUAN
loc_22189,22189,LA ORILLA,18,SAN JUAN
loc_22190,22190,LLOVERAS,18,SAN JUAN
loc_22191,22191,MEDANO DE ORO,18,SAN JUAN
loc_22192,22192,PRIMER CUARTEL,18,SAN JUAN
loc_22193,22193,SANTA CLARA,18,SAN JUAN
loc_22194,22194,SEGUNDO CUARTEL,18,SAN JUAN
loc_22195,22195,VILLA FLEURY,18,SAN JUAN
loc_22196,22196,VILLA FRANCA,18,SAN JUAN
loc_22197,22197,VILLA GENERAL ACHA,18,SAN JUAN
loc_22198,22198,VILLA KRAUSE,18,SAN JUAN
loc_22199,22199,VILLA LAPRIDA,18,SAN JUAN
loc_22200,22200,VILLA LERGA,18,SAN JUAN
loc_22201,22201,VILLA RACHEL,18,SAN JUAN
loc_22202,22202,ZAVALLA,18,SAN JUAN
loc_22204,22204,BAÑOS DEL SALADO,18,SAN JUAN
loc_22205,22205,CAMPO AFUERA,18,SAN JUAN
loc_22206,22206,CERRO BOLA,18,SAN JUAN
loc_22207,22207,CERRO VILLICUN,18,SAN JUAN
loc_22208,22208,DOS PUENTES,18,SAN JUAN
loc_22209,22209,EL SALADO,18,SAN JUAN
loc_22210,22210,EST ALBARDON,18,SAN JUAN
loc_22211,22211,LA CAÑADA,18,SAN JUAN
loc_22212,22212,LA LAJA,18,SAN JUAN
loc_22213,22213,LAS LOMITAS,18,SAN JUAN
loc_22214,22214,LAS PIEDRITAS,18,SAN JUAN
loc_22215,22215,LOS PUESTOS,18,SAN JUAN
loc_22216,22216,OBISPO ZAPATA,18,SAN JUAN
loc_22217,22217,TERMA LA LAJA,18,SAN JUAN
loc_22218,22218,TIERRA ADENTRO,18,SAN JUAN
loc_22219,22219,VILLA GENERAL SAN MARTIN,18,SAN JUAN
loc_22220,22220,AURORA,18,SAN JUAN
loc_22221,22221,BARRIO AGUA Y ENERGIA,18,SAN JUAN
loc_22222,22222,BARRIO COLON,18,SAN JUAN
loc_22223,22223,BARRIO GRAFFIGNA,18,SAN JUAN
loc_22224,22224,BODEGA GRAFFIGNA,18,SAN JUAN
loc_22225,22225,CAMP D P V LA CIENAGA,18,SAN JUAN
loc_22226,22226,CASTAÑO,18,SAN JUAN
loc_22227,22227,CERRO LA VENTANITA,18,SAN JUAN
loc_22228,22228,CERRO TAMBOLAR,18,SAN JUAN
loc_22229,22229,CERRO VILLA LONCITO,18,SAN JUAN
loc_22230,22230,CIENAGUITA,18,SAN JUAN
loc_22231,22231,EL CHILOTE,18,SAN JUAN
loc_22232,22232,EST LA CIENAGA DE GUALILA,18,SAN JUAN
loc_22233,22233,IMSA,18,SAN JUAN
loc_22234,22234,ISLA DEL SAUCE,18,SAN JUAN
loc_22235,22235,MATAGUSANOS,18,SAN JUAN
loc_22236,22236,MINA GUALILAN,18,SAN JUAN
loc_22237,22237,PORT DEL COLORADO,18,SAN JUAN
loc_22238,22238,REFUGIO D P V,18,SAN JUAN
loc_22239,22239,REFUGIO LOS GAUCHOS,18,SAN JUAN
loc_22240,22240,TALACASTO,18,SAN JUAN
loc_22241,22241,ULLUM,18,SAN JUAN
loc_22242,22242,28 DE NOVIEMBRE,20,SANTA CRUZ
loc_22243,22243,AN AIKE,20,SANTA CRUZ
loc_22244,22244,BELLA VISTA,20,SANTA CRUZ
loc_22245,22245,CABO DE LAS VIRGENES,20,SANTA CRUZ
loc_22246,22246,CAMPAMENTO DOROTEA,20,SANTA CRUZ
loc_22247,22247,CAMUZU AIKE,20,SANTA CRUZ
loc_22248,22248,CANCHA CARRERA,20,SANTA CRUZ
loc_22250,22250,CAP,20,SANTA CRUZ
loc_22251,22251,CERRO PALIQUE,20,SANTA CRUZ
loc_22252,22252,CHALL AIKE,20,SANTA CRUZ
loc_22253,22253,CONDOR,20,SANTA CRUZ
loc_22254,22254,CORONEL GUARUMBA,20,SANTA CRUZ
loc_22255,22255,CORONEL MARTIN IRIGOYEN,20,SANTA CRUZ
loc_22256,22256,EL TURBIO,20,SANTA CRUZ
loc_22257,22257,EL ZURDO,20,SANTA CRUZ
loc_22258,22258,ESTACION ING ATILIO CAPPA,20,SANTA CRUZ
loc_22259,22259,FUENTES DE COYLE,20,SANTA CRUZ
loc_22260,22260,GAYPON,20,SANTA CRUZ
loc_22261,22261,GLENCROSS,20,SANTA CRUZ
loc_22262,22262,GOBERNADOR MAYER,20,SANTA CRUZ
loc_22263,22263,INGENIERO ATILIO CAPPA,20,SANTA CRUZ
loc_22264,22264,JULIA DUFOUR,20,SANTA CRUZ
loc_22265,22265,LA ESPERANZA,20,SANTA CRUZ
loc_22266,22266,LAGUNA COLORADA,20,SANTA CRUZ
loc_22267,22267,LAS HORQUETAS,20,SANTA CRUZ
loc_22268,22268,MINA 3,20,SANTA CRUZ
loc_22269,22269,MONTE AYMOND,20,SANTA CRUZ
loc_22270,22270,MORRO CHICO,20,SANTA CRUZ
loc_22271,22271,PALERMO AIKE,20,SANTA CRUZ
loc_22272,22272,PALI AIKE,20,SANTA CRUZ
loc_22273,22273,PASO DEL MEDIO,20,SANTA CRUZ
loc_22274,22274,PUEBLO NUEVO,20,SANTA CRUZ
loc_22275,22275,PUENTE BLANCO,20,SANTA CRUZ
loc_22276,22276,PUNTA DEL MONTE,20,SANTA CRUZ
loc_22277,22277,PUNTA LOYOLA,20,SANTA CRUZ
loc_22278,22278,RINCON DE LOS MORROS,20,SANTA CRUZ
loc_22279,22279,RIO GALLEGOS,20,SANTA CRUZ
loc_22280,22280,RIO TURBIO,20,SANTA CRUZ
loc_22281,22281,ROSPENTEK,20,SANTA CRUZ
loc_22282,22282,ROSPENTEK AIKE,20,SANTA CRUZ
loc_22283,22283,TAPI AIKE,20,SANTA CRUZ
loc_22284,22284,AGUADA A PIQUE,20,SANTA CRUZ
loc_22285,22285,AGUADA ALEGRE,20,SANTA CRUZ
loc_22286,22286,AGUADA ESCONDIDA,20,SANTA CRUZ
loc_22287,22287,AGUADA GRANDE,20,SANTA CRUZ
loc_22288,22288,AGUADA LA OVEJA,20,SANTA CRUZ
loc_22289,22289,ALMA GRANDE,20,SANTA CRUZ
loc_22290,22290,BAHIA LANGARA,20,SANTA CRUZ
loc_22291,22291,BAHIA LAURA,20,SANTA CRUZ
loc_22292,22292,CABO BLANCO,20,SANTA CRUZ
loc_22293,22293,CABO TRES PUNTAS,20,SANTA CRUZ
loc_22294,22294,CALETA OLIVIA,20,SANTA CRUZ
loc_22295,22295,CAMERON,20,SANTA CRUZ
loc_22296,22296,CAÑADON SECO,20,SANTA CRUZ
loc_22297,22297,CARA MALA,20,SANTA CRUZ
loc_22298,22298,CERRO ALTO,20,SANTA CRUZ
loc_22299,22299,CERRO LA SETENTA,20,SANTA CRUZ
loc_22300,22300,CERRO MANGRULLO,20,SANTA CRUZ
loc_22301,22301,CERRO MORO,20,SANTA CRUZ
loc_22302,22302,CERRO NEGRO,20,SANTA CRUZ
loc_22303,22303,CERRO PUNTUDO,20,SANTA CRUZ
loc_22304,22304,CERRO REDONDO,20,SANTA CRUZ
loc_22305,22305,CERRO RENZEL,20,SANTA CRUZ
loc_22306,22306,CERRO SILVA,20,SANTA CRUZ
loc_22307,22307,COLONIA CARLOS PELLEGRINI,20,SANTA CRUZ
loc_22308,22308,CUEVA DE LAS MANOS,20,SANTA CRUZ
loc_22309,22309,DESAMPARADOS,20,SANTA CRUZ
loc_22310,22310,EL BARBUCHO,20,SANTA CRUZ
loc_22311,22311,EL CHARA,20,SANTA CRUZ
loc_22312,22312,EL HUECO,20,SANTA CRUZ
loc_22313,22313,EL LORO,20,SANTA CRUZ
loc_22315,22315,EL POLVORIN,20,SANTA CRUZ
loc_22316,22316,FARO CABO GUARDIAN,20,SANTA CRUZ
loc_22317,22317,FARO CAMPANA,20,SANTA CRUZ
loc_22318,22318,FITZ ROY,20,SANTA CRUZ
loc_22319,22319,FLORADORA,20,SANTA CRUZ
loc_22320,22320,GOBERNADOR MOYANO,20,SANTA CRUZ
loc_22321,22321,INDIA MUERTA,20,SANTA CRUZ
loc_22322,22322,JARAMILLO,20,SANTA CRUZ
loc_22323,22323,JELAINA,20,SANTA CRUZ
loc_22324,22324,KILOMETRO 8,20,SANTA CRUZ
loc_22325,22325,KOLUEL KAIKE,20,SANTA CRUZ
loc_22326,22326,LA AGUADA,20,SANTA CRUZ
loc_22327,22327,LA ANTONIA,20,SANTA CRUZ
loc_22328,22328,LA ARGENTINA,20,SANTA CRUZ
loc_22329,22329,LA CENTRAL,20,SANTA CRUZ
loc_22330,22330,LA ESTELA,20,SANTA CRUZ
loc_22331,22331,LA ESTHER,20,SANTA CRUZ
loc_22332,22332,LA FECUNDIDAD,20,SANTA CRUZ
loc_22333,22333,LA GUARDIA,20,SANTA CRUZ
loc_22334,22334,LA MADRUGADA,20,SANTA CRUZ
loc_22335,22335,LA MARGARITA,20,SANTA CRUZ
loc_22336,22336,LA PROTEGIDA,20,SANTA CRUZ
loc_22337,22337,LA ROSA,20,SANTA CRUZ
loc_22338,22338,LA ROSADA,20,SANTA CRUZ
loc_22339,22339,LA VICTORIA,20,SANTA CRUZ
loc_22340,22340,LA VIOLETA,20,SANTA CRUZ
loc_22341,22341,LAGO BUENOS AIRES,20,SANTA CRUZ
loc_22342,22342,LAS HERAS,20,SANTA CRUZ
loc_22343,22343,LAS MASITAS,20,SANTA CRUZ
loc_22344,22344,LAS PIRAMIDES,20,SANTA CRUZ
loc_22345,22345,LEANDRO NICEFORO ALEM,20,SANTA CRUZ
loc_22346,22346,MATA MAGALLANES,20,SANTA CRUZ
loc_22347,22347,MAZAREDO,20,SANTA CRUZ
loc_22348,22348,MESETA GUENGUE,20,SANTA CRUZ
loc_22349,22349,MINERALES,20,SANTA CRUZ
loc_22350,22350,MONTE VERDE,20,SANTA CRUZ
loc_22351,22351,PAMPA VERDUM,20,SANTA CRUZ
loc_22352,22352,PELLEGRINI,20,SANTA CRUZ
loc_22353,22353,PICO TRUNCADO,20,SANTA CRUZ
loc_22354,22354,PIEDRA CLAVADA,20,SANTA CRUZ
loc_22355,22355,PUERTO DESEADO,20,SANTA CRUZ
loc_22356,22356,PUNTA MERCEDES,20,SANTA CRUZ
loc_22357,22357,SARAI,20,SANTA CRUZ
loc_22358,22358,TEHUELCHES,20,SANTA CRUZ
loc_22359,22359,TELLIER,20,SANTA CRUZ
loc_22360,22360,TRES CERROS,20,SANTA CRUZ
loc_22361,22361,TRES PUNTAS,20,SANTA CRUZ
loc_22362,22362,YEGUA MUERTA,20,SANTA CRUZ
loc_22363,22363,ZANJON DEL PESCADO,20,SANTA CRUZ
loc_22364,22364,CAÑADON BOTELLO,20,SANTA CRUZ
loc_22365,22365,CAÑADON PLUMA,20,SANTA CRUZ
loc_22366,22366,COLONIA LEANDRO N ALEM,20,SANTA CRUZ
loc_22367,22367,EL PLUMA,20,SANTA CRUZ
loc_22368,22368,EL PORTEZUELO,20,SANTA CRUZ
loc_22369,22369,INGENIERO PALLAVICINI,20,SANTA CRUZ
loc_22370,22370,LA ASTURIANA,20,SANTA CRUZ
loc_22371,22371,LA MANCHURIA,20,SANTA CRUZ
loc_22372,22372,LA MARIA,20,SANTA CRUZ
loc_22373,22373,LAGO BUENOS AIRES,20,SANTA CRUZ
loc_22374,22374,LOS ANTIGUOS,20,SANTA CRUZ
loc_22375,22375,MONTE CEBALLOS,20,SANTA CRUZ
loc_22376,22376,NACIMIENTOS DEL PLUMA,20,SANTA CRUZ
loc_22377,22377,PERITO MORENO,20,SANTA CRUZ
loc_22378,22378,RIO FENIX,20,SANTA CRUZ
loc_22379,22379,BAHIA TRANQUILA,20,SANTA CRUZ
loc_22380,22380,CONDOR CLIF,20,SANTA CRUZ
loc_22381,22381,EL CALAFATE,20,SANTA CRUZ
loc_22382,22382,EL CERRITO,20,SANTA CRUZ
loc_22383,22383,EL CHALTEN,20,SANTA CRUZ
loc_22384,22384,FORTALEZA,20,SANTA CRUZ
loc_22385,22385,GUARDAPARQUE FITZ ROY,20,SANTA CRUZ
loc_22386,22386,LA FEDERICA,20,SANTA CRUZ
loc_22387,22387,LA FLORIDA,20,SANTA CRUZ
loc_22388,22388,LA LEONA,20,SANTA CRUZ
loc_22389,22389,LAGO ARGENTINO,20,SANTA CRUZ
loc_22390,22390,LAGO ROCA,20,SANTA CRUZ
loc_22391,22391,LAGO SAN MARTIN,20,SANTA CRUZ
loc_22392,22392,LAGO TAR,20,SANTA CRUZ
loc_22393,22393,PASO CHARLES FHUR,20,SANTA CRUZ
loc_22394,22394,PASO RIO LA LEONA,20,SANTA CRUZ
loc_22395,22395,PENINSULA MAIPU,20,SANTA CRUZ
loc_22396,22396,PIEDRA CLAVADA,20,SANTA CRUZ
loc_22397,22397,PUNTA BANDERA,20,SANTA CRUZ
loc_22398,22398,PUNTA DEL LAGO VIEDMA,20,SANTA CRUZ
loc_22399,22399,QUIEN SABE,20,SANTA CRUZ
loc_22400,22400,RIO BOTE,20,SANTA CRUZ
loc_22401,22401,RIO CALAFATE,20,SANTA CRUZ
loc_22402,22402,RIO MITRE,20,SANTA CRUZ
loc_22403,22403,TRES LAGOS,20,SANTA CRUZ
loc_22404,22404,VENTISQUERO MORENO,20,SANTA CRUZ
loc_22405,22405,BAJO CARACOLES,20,SANTA CRUZ
loc_22407,22407,CAÑADON MOLINARI,20,SANTA CRUZ
loc_22408,22408,GOBERNADOR GREGORES,20,SANTA CRUZ
loc_22409,22409,H YRIGOYEN LAGO POSADAS,20,SANTA CRUZ
loc_22410,22410,HOTEL LAS HORQUETAS,20,SANTA CRUZ
loc_22411,22411,LA PENINSULA,20,SANTA CRUZ
loc_22412,22412,LAGO CARDIEL,20,SANTA CRUZ
loc_22413,22413,LAGO PUEYRREDON,20,SANTA CRUZ
loc_22414,22414,LAGO STROBEL,20,SANTA CRUZ
loc_22415,22415,PASO DEL AGUILA,20,SANTA CRUZ
loc_22416,22416,PASO GREGORES,20,SANTA CRUZ
loc_22417,22417,PASO ROBALLO,20,SANTA CRUZ
loc_22418,22418,TAMEL AIKE,20,SANTA CRUZ
loc_22419,22419,TUCU TUCU,20,SANTA CRUZ
loc_22420,22420,CAÑADA DE LAS VACAS,20,SANTA CRUZ
loc_22422,22422,CAÑADON DEL RANCHO,20,SANTA CRUZ
loc_22423,22423,CAÑADON DEL TORO,20,SANTA CRUZ
loc_22424,22424,CERRO REDONDO,20,SANTA CRUZ
loc_22425,22425,CHONQUE,20,SANTA CRUZ
loc_22426,22426,COMANDANTE LUIS PIEDRABUENA,20,SANTA CRUZ
loc_22427,22427,EL BAILE,20,SANTA CRUZ
loc_22428,22428,EL GUADAL,20,SANTA CRUZ
loc_22429,22429,EL PAN DE AZUCAR,20,SANTA CRUZ
loc_22430,22430,EL PASO,20,SANTA CRUZ
loc_22431,22431,GARMINUE,20,SANTA CRUZ
loc_22432,22432,LA BARRETA,20,SANTA CRUZ
loc_22433,22433,LA JULIA,20,SANTA CRUZ
loc_22434,22434,LA PIGMEA,20,SANTA CRUZ
loc_22435,22435,LA PORTEÑA,20,SANTA CRUZ
loc_22436,22436,LAGUNA GRANDE,20,SANTA CRUZ
loc_22437,22437,LAS MERCEDES,20,SANTA CRUZ
loc_22438,22438,PASO DE LOS INDIOS,20,SANTA CRUZ
loc_22439,22439,PASO DEL RIO SANTA CRUZ,20,SANTA CRUZ
loc_22440,22440,PASO IBAÑEZ,20,SANTA CRUZ
loc_22441,22441,PUERTO SANTA CRUZ,20,SANTA CRUZ
loc_22442,22442,RIO CHICO,20,SANTA CRUZ
loc_22443,22443,SIERRA DE LA VENTANA,20,SANTA CRUZ
loc_22444,22444,TAUEL AIKE,20,SANTA CRUZ
loc_22445,22445,BAJO FUEGO,20,SANTA CRUZ
loc_22446,22446,CAÑADON 11 DE SETIEMBRE,20,SANTA CRUZ
loc_22447,22447,EL SALADO,20,SANTA CRUZ
loc_22448,22448,LOS MANANTIALES,20,SANTA CRUZ
loc_22449,22449,PUERTO SAN JULIAN,20,SANTA CRUZ
loc_22450,22450,YACIMIENTO CERRO VANGUARDIA,20,SANTA CRUZ
loc_22451,22451,AGUA BLANCA,12,LA RIOJA
loc_22452,22452,AGUADA,12,LA RIOJA
loc_22453,22453,AMINGA,12,LA RIOJA
loc_22454,22454,ANILLACO,12,LA RIOJA
loc_22455,22455,ANJULLON,12,LA RIOJA
loc_22456,22456,CHUQUIS,12,LA RIOJA
loc_22457,22457,ISMIANGO,12,LA RIOJA
loc_22459,22459,LOS MOLINOS,12,LA RIOJA
loc_22460,22460,PINCHAS,12,LA RIOJA
loc_22461,22461,SAN PEDRO,12,LA RIOJA
loc_22462,22462,SANTA CRUZ,12,LA RIOJA
loc_22463,22463,SANTA VERA CRUZ,12,LA RIOJA
loc_22464,22464,AGUA COLORADA,12,LA RIOJA
loc_22465,22465,BAJO GRANDE,12,LA RIOJA
loc_22466,22466,BALDE SALADO,12,LA RIOJA
loc_22467,22467,BALDES DE PACHECO,12,LA RIOJA
loc_22468,22468,CASTRO BARROS,12,LA RIOJA
loc_22470,22470,CISCO,12,LA RIOJA
loc_22471,22471,CORTADERAS,12,LA RIOJA
loc_22472,22472,EL ALTO,12,LA RIOJA
loc_22473,22473,EL BORDO,12,LA RIOJA
loc_22474,22474,EL CHUSCO,12,LA RIOJA
loc_22475,22475,EL QUEBRACHAL,12,LA RIOJA
loc_22476,22476,EL QUEBRACHO,12,LA RIOJA
loc_22477,22477,ESQUINA DEL SUD,12,LA RIOJA
loc_22478,22478,ILIAR,12,LA RIOJA
loc_22479,22479,KILOMETRO 645,12,LA RIOJA
loc_22480,22480,LA CHIMENEA,12,LA RIOJA
loc_22481,22481,LA CIENAGA,12,LA RIOJA
loc_22482,22482,LA FLORIDA,12,LA RIOJA
loc_22483,22483,LA HUERTA,12,LA RIOJA
loc_22484,22484,LA TRAMPA,12,LA RIOJA
loc_22485,22485,LAS VERTIENTES,12,LA RIOJA
loc_22486,22486,LOMA BLANCA,12,LA RIOJA
loc_22487,22487,LOMA LARGA,12,LA RIOJA
loc_22488,22488,MONTE GRANDE,12,LA RIOJA
loc_22489,22489,NEPES,12,LA RIOJA
loc_22490,22490,OLTA,12,LA RIOJA
loc_22491,22491,SAN RAMON,12,LA RIOJA
loc_22492,22492,SIMBOLAR,12,LA RIOJA
loc_22493,22493,TALA VERDE,12,LA RIOJA
loc_22494,22494,TALVA,12,LA RIOJA
loc_22495,22495,TRES CRUCES,12,LA RIOJA
loc_22496,22496,VERDE OLIVO,12,LA RIOJA
loc_22497,22497,AGUAYO,12,LA RIOJA
loc_22498,22498,ALGARROBO GRANDE,12,LA RIOJA
loc_22499,22499,BAJO CORRAL DE ISAAC,12,LA RIOJA
loc_22500,22500,BAJO HONDO,12,LA RIOJA
loc_22501,22501,BALDE DEL QUEBRACHO,12,LA RIOJA
loc_22503,22503,CORRAL DE ISAAC,12,LA RIOJA
loc_22504,22504,CORTADERAS EMBARCADERO FCGB,12,LA RIOJA
loc_22505,22505,CUATRO ESQUINAS,12,LA RIOJA
loc_22506,22506,EL ABRA,12,LA RIOJA
loc_22507,22507,EL BALDE,12,LA RIOJA
loc_22508,22508,EL CALDEN,12,LA RIOJA
loc_22509,22509,EL CATORCE,12,LA RIOJA
loc_22510,22510,EL VALDECITO,12,LA RIOJA
loc_22511,22511,EL VALLECITO,12,LA RIOJA
loc_22512,22512,KILOMETRO 682,12,LA RIOJA
loc_22513,22513,KILOMETRO 732,12,LA RIOJA
loc_22514,22514,LA AMERICA,12,LA RIOJA
loc_22515,22515,LA CHILCA,12,LA RIOJA
loc_22516,22516,LA ENVIDIA,12,LA RIOJA
loc_22517,22517,LA ESQUINA,12,LA RIOJA
loc_22518,22518,LA LIBERTAD,12,LA RIOJA
loc_22519,22519,LA REPRESA,12,LA RIOJA
loc_22520,22520,NUEVA ESPERANZA,12,LA RIOJA
loc_22521,22521,POZO DE LA PIEDRA,12,LA RIOJA
loc_22522,22522,POZO DE PIEDRA,12,LA RIOJA
loc_22523,22523,PUESTO DE CARRIZO,12,LA RIOJA
loc_22524,22524,PUESTO DICHOSO,12,LA RIOJA
loc_22525,22525,SAN ANTONIO,12,LA RIOJA
loc_22526,22526,SAN NICOLAS,12,LA RIOJA
loc_22527,22527,SAN RAFAEL,12,LA RIOJA
loc_22528,22528,SAN SOLANO,12,LA RIOJA
loc_22529,22529,SANTO DOMINGO,12,LA RIOJA
loc_22530,22530,SIEMPRE VERDE,12,LA RIOJA
loc_22531,22531,ULAPES,12,LA RIOJA
loc_22532,22532,VILLA NIDIA,12,LA RIOJA
loc_22533,22533,ADOLFO E CARRANZA,12,LA RIOJA
loc_22534,22534,AMILGANCHO,12,LA RIOJA
loc_22535,22535,AMPATA,12,LA RIOJA
loc_22536,22536,ANCHICO,12,LA RIOJA
loc_22537,22537,BAJO HONDO,12,LA RIOJA
loc_22538,22538,BAZAN,12,LA RIOJA
loc_22539,22539,CAMPO TRES POZOS,12,LA RIOJA
loc_22540,22540,CARRIZAL,12,LA RIOJA
loc_22541,22541,CARRIZAL ESTACION FCGB,12,LA RIOJA
loc_22542,22542,CEBOLLAR,12,LA RIOJA
loc_22543,22543,CHUMBICHA,12,LA RIOJA
loc_22544,22544,EL BARRIAL,12,LA RIOJA
loc_22545,22545,EL BAYITO,12,LA RIOJA
loc_22546,22546,EL CANTADERO,12,LA RIOJA
loc_22547,22547,EL DURAZNILLO,12,LA RIOJA
loc_22548,22548,EL ESCONDIDO,12,LA RIOJA
loc_22549,22549,EL ESTANQUITO,12,LA RIOJA
loc_22550,22550,EL MEDANO,12,LA RIOJA
loc_22551,22551,EL PLUMERILLO,12,LA RIOJA
loc_22552,22552,EL QUEBRACHO,12,LA RIOJA
loc_22553,22553,EL ROSARIO,12,LA RIOJA
loc_22554,22554,EL TALA,12,LA RIOJA
loc_22555,22555,EL VALLE,12,LA RIOJA
loc_22556,22556,ESPERANZA DE LOS CERRILLOS,12,LA RIOJA
loc_22557,22557,ESTACION 69,12,LA RIOJA
loc_22558,22558,FLAMENCO,12,LA RIOJA
loc_22559,22559,JESUS MARIA,12,LA RIOJA
loc_22560,22560,KILOMETRO 861,12,LA RIOJA
loc_22561,22561,KILOMETRO 875,12,LA RIOJA
loc_22562,22562,LA ANTIGUA,12,LA RIOJA
loc_22563,22563,LA BUENA ESTRELLA,12,LA RIOJA
loc_22564,22564,LA BUENA SUERTE,12,LA RIOJA
loc_22565,22565,LA ESPERANZA,12,LA RIOJA
loc_22566,22566,LA FLOR,12,LA RIOJA
loc_22567,22567,LA LANCHA,12,LA RIOJA
loc_22568,22568,LA LATA,12,LA RIOJA
loc_22569,22569,LA LIBERTAD,3,CATAMARCA
loc_22570,22570,LA RAMADITA,12,LA RIOJA
loc_22571,22571,LA RIOJA,12,LA RIOJA
loc_22572,22572,LA ROSILLA,12,LA RIOJA
loc_22574,22574,LAS CATAS,12,LA RIOJA
loc_22575,22575,LAS HIGUERILLAS,12,LA RIOJA
loc_22576,22576,LAS PADERCITAS,12,LA RIOJA
loc_22577,22577,LAS SIERRAS BRAVAS,12,LA RIOJA
loc_22578,22578,LOS CERRILLOS,12,LA RIOJA
loc_22579,22579,MEDANO,12,LA RIOJA
loc_22580,22580,MESILLAS BLANCAS,12,LA RIOJA
loc_22581,22581,POZO BLANCO,12,LA RIOJA
loc_22582,22582,POZO DE AVILA,12,LA RIOJA
loc_22583,22583,POZO DE LA YEGUA,12,LA RIOJA
loc_22584,22584,POZO ESCONDIDO,12,LA RIOJA
loc_22585,22585,PUERTA DE LA QUEBRADA,12,LA RIOJA
loc_22586,22586,PUERTO ALEGRE,12,LA RIOJA
loc_22587,22587,PUERTO DEL VALLE,12,LA RIOJA
loc_22588,22588,PUNTA DEL NEGRO,12,LA RIOJA
loc_22589,22589,SAN AGUSTIN,12,LA RIOJA
loc_22590,22590,SAN ANTONIO,12,LA RIOJA
loc_22591,22591,SAN BERNARDO,12,LA RIOJA
loc_22592,22592,SAN GUILLERMO,12,LA RIOJA
loc_22593,22593,SAN IGNACIO,12,LA RIOJA
loc_22594,22594,SAN JAVIER,12,LA RIOJA
loc_22595,22595,SAN JOSE,12,LA RIOJA
loc_22596,22596,SAN JUAN,12,LA RIOJA
loc_22597,22597,SAN LORENZO,12,LA RIOJA
loc_22598,22598,SAN MARTIN,12,LA RIOJA
loc_22599,22599,SAN MIGUEL,12,LA RIOJA
loc_22600,22600,SAN NICOLAS,12,LA RIOJA
loc_22601,22601,SAN RAFAEL,12,LA RIOJA
loc_22602,22602,SANTA ANA,12,LA RIOJA
loc_22603,22603,SANTA ROSA,12,LA RIOJA
loc_22604,22604,SANTA TERESA,12,LA RIOJA
loc_22605,22605,SANTO DOMINGO,12,LA RIOJA
loc_22606,22606,SIERRA BRAVA,12,LA RIOJA
loc_22607,22607,TALAMUYUNA,12,LA RIOJA
loc_22608,22608,TRAMPA DEL TIGRE,12,LA RIOJA
loc_22609,22609,AGUADITA,12,LA RIOJA
loc_22610,22610,ATILES,12,LA RIOJA
loc_22611,22611,CARRIZALILLO,12,LA RIOJA
loc_22612,22612,CASAGATE,12,LA RIOJA
loc_22613,22613,CASANGATE,12,LA RIOJA
loc_22614,22614,CHIMENEA,12,LA RIOJA
loc_22615,22615,EL BARRANCO,12,LA RIOJA
loc_22617,22617,EL PORTEZUELO,12,LA RIOJA
loc_22618,22618,EL POTRERILLO,12,LA RIOJA
loc_22619,22619,EL POTRERO,12,LA RIOJA
loc_22620,22620,EL RETAMAL,12,LA RIOJA
loc_22621,22621,HUAJA,12,LA RIOJA
loc_22622,22622,ILISCO,12,LA RIOJA
loc_22623,22623,LA AGUADITA,12,LA RIOJA
loc_22624,22624,LA ESQUINA,12,LA RIOJA
loc_22625,22625,LA TORDILLA,12,LA RIOJA
loc_22626,22626,LA YESERA,12,LA RIOJA
loc_22627,22627,LAS BARRANCAS,12,LA RIOJA
loc_22628,22628,LOMA LARGA,12,LA RIOJA
loc_22629,22629,LOS ALGARROBOS,12,LA RIOJA
loc_22630,22630,MALANZAN,12,LA RIOJA
loc_22631,22631,MOLLACO,12,LA RIOJA
loc_22632,22632,NACATE,12,LA RIOJA
loc_22633,22633,PUESTO DE LOS SANCHEZ,12,LA RIOJA
loc_22634,22634,PULUCHAN,12,LA RIOJA
loc_22635,22635,RETAMAL,12,LA RIOJA
loc_22637,22637,SALANA,12,LA RIOJA
loc_22638,22638,SAN ANTONIO,12,LA RIOJA
loc_22639,22639,SAN PEDRO,12,LA RIOJA
loc_22641,22641,SAN ROQUE,12,LA RIOJA
loc_22642,22642,SANTA CRUZ,12,LA RIOJA
loc_22643,22643,SOLCA,12,LA RIOJA
loc_22644,22644,TUANI,12,LA RIOJA
loc_22645,22645,DIQUE LOS SAUCES,12,LA RIOJA
loc_22646,22646,EL HUACO,12,LA RIOJA
loc_22647,22647,HUACO,12,LA RIOJA
loc_22648,22648,LAS BOMBAS,12,LA RIOJA
loc_22650,22650,VILLA BUSTOS,12,LA RIOJA
loc_22651,22651,VILLA SANAGASTA,12,LA RIOJA
loc_22652,22652,EL ALTILLO,12,LA RIOJA
loc_22653,22653,EL CONDADO,12,LA RIOJA
loc_22654,22654,LAS AGUADITAS,12,LA RIOJA
loc_22655,22655,LAS PADERCITAS,12,LA RIOJA
loc_22656,22656,PADERCITAS,12,LA RIOJA
loc_22657,22657,PARECITAS,12,LA RIOJA
loc_22658,22658,PASTOS LARGOS,12,LA RIOJA
loc_22659,22659,PUNTA DE AGUA,12,LA RIOJA
loc_22660,22660,RIVADAVIA,12,LA RIOJA
loc_22661,22661,VILLA CASTELLI,12,LA RIOJA
loc_22662,22662,AIMOGASTA,12,LA RIOJA
loc_22663,22663,ARAUCO,12,LA RIOJA
loc_22665,22665,ESTACION MAZAN,12,LA RIOJA
loc_22666,22666,KILOMETRO 891,12,LA RIOJA
loc_22667,22667,KILOMETRO 921,12,LA RIOJA
loc_22668,22668,LAS TUSCAS,12,LA RIOJA
loc_22669,22669,LOS BALDES,12,LA RIOJA
loc_22670,22670,MACHIGASTA,12,LA RIOJA
loc_22671,22671,SAN ANTONIO,12,LA RIOJA
loc_22673,22673,TERMAS DE SANTA TERESITA,12,LA RIOJA
loc_22674,22674,TINOCAN,12,LA RIOJA
loc_22675,22675,UDPINANGO,12,LA RIOJA
loc_22676,22676,VILLA MAZAN,12,LA RIOJA
loc_22677,22677,ALCAZAR,12,LA RIOJA
loc_22678,22678,CHILA,12,LA RIOJA
loc_22679,22679,COLONIA ALFREDO,12,LA RIOJA
loc_22680,22680,EL CARRIZAL TAMA,12,LA RIOJA
loc_22681,22681,EL PUESTO,12,LA RIOJA
loc_22682,22682,FALDA DE CITAN,12,LA RIOJA
loc_22683,22683,LA LOMITA,12,LA RIOJA
loc_22684,22684,LA MERCED,12,LA RIOJA
loc_22685,22685,LA REPRESA,12,LA RIOJA
loc_22686,22686,LAS HIGUERAS,12,LA RIOJA
loc_22687,22687,PACATALA,12,LA RIOJA
loc_22688,22688,PUNTA DE LOS LLANOS,12,LA RIOJA
loc_22689,22689,QUEBRADA DE LOS CONDORES,12,LA RIOJA
loc_22690,22690,RIOS DE LAS MESADAS,12,LA RIOJA
loc_22691,22691,RIOS DE LOS COLCOLES,12,LA RIOJA
loc_22692,22692,SAN RAMON,12,LA RIOJA
loc_22693,22693,SIERRA DE LOS QUINTEROS,12,LA RIOJA
loc_22695,22695,TASQUIN,12,LA RIOJA
loc_22696,22696,TUIZON,12,LA RIOJA
loc_22697,22697,BELLA VISTA,12,LA RIOJA
loc_22698,22698,CHAMICAL,12,LA RIOJA
loc_22699,22699,CHULO,12,LA RIOJA
loc_22700,22700,EL GARABATO,12,LA RIOJA
loc_22701,22701,EL MOLLAR,12,LA RIOJA
loc_22702,22702,EL QUEMADO,12,LA RIOJA
loc_22703,22703,EL RETAMO,12,LA RIOJA
loc_22704,22704,ESQUINA DEL NORTE,12,LA RIOJA
loc_22705,22705,GOBERNADOR GORDILLO,12,LA RIOJA
loc_22706,22706,LA INVERNADA,12,LA RIOJA
loc_22707,22707,LA SERENA,12,LA RIOJA
loc_22708,22708,LOS BORDOS,12,LA RIOJA
loc_22709,22709,PALO LABRADO,12,LA RIOJA
loc_22710,22710,POLCO,12,LA RIOJA
loc_22711,22711,POZO DE LA ORILLA,12,LA RIOJA
loc_22712,22712,QUEBRACHAL,12,LA RIOJA
loc_22713,22713,QUEBRACHO HERRADO,12,LA RIOJA
loc_22714,22714,SANTA BARBARA,12,LA RIOJA
loc_22715,22715,SANTA LUCIA,12,LA RIOJA
loc_22716,22716,SANTA RITA LA ZANJA,12,LA RIOJA
loc_22717,22717,ANGUINAN,12,LA RIOJA
loc_22718,22718,CACHIYUYAL,12,LA RIOJA
loc_22719,22719,CATINZACO,12,LA RIOJA
loc_22720,22720,CATINZACO EMBARCADERO FCGB,12,LA RIOJA
loc_22721,22721,CHILECITO,12,LA RIOJA
loc_22722,22722,GUACHIN,12,LA RIOJA
loc_22723,22723,LA PUNTILLA,12,LA RIOJA
loc_22724,22724,LOS SARMIENTOS,12,LA RIOJA
loc_22725,22725,MALLIGASTA,12,LA RIOJA
loc_22726,22726,MIRANDA,12,LA RIOJA
loc_22727,22727,NONOGASTA,12,LA RIOJA
loc_22728,22728,SAMAY HUASI,12,LA RIOJA
loc_22729,22729,SAN MIGUEL,12,LA RIOJA
loc_22730,22730,SAN NICOLAS,12,LA RIOJA
loc_22731,22731,SANTA FLORENTINA,12,LA RIOJA
loc_22733,22733,TILIMUQUI,12,LA RIOJA
loc_22734,22734,VICHIGASTA,12,LA RIOJA
loc_22735,22735,AGUA COLORADA,12,LA RIOJA
loc_22736,22736,ALTILLO DEL MEDIO,12,LA RIOJA
loc_22737,22737,AMBIL,12,LA RIOJA
loc_22738,22738,BALDE SALADO,12,LA RIOJA
loc_22739,22739,CATUNA,12,LA RIOJA
loc_22740,22740,COLONIA ORTIZ DE OCAMPO,12,LA RIOJA
loc_22741,22741,COMANDANTE LEAL,12,LA RIOJA
loc_22742,22742,CUATRO ESQUINAS,12,LA RIOJA
loc_22743,22743,DIQUE DE ANZULON,12,LA RIOJA
loc_22744,22744,DIQUE LOS SAUCES,12,LA RIOJA
loc_22745,22745,EL CARRIZAL,12,LA RIOJA
loc_22746,22746,EL CERCO,12,LA RIOJA
loc_22747,22747,EL CIENAGO,12,LA RIOJA
loc_22748,22748,EL CONSUELO,12,LA RIOJA
loc_22749,22749,EL FRAILE,12,LA RIOJA
loc_22750,22750,EL MEDANITO,12,LA RIOJA
loc_22751,22751,EL QUEMADO,12,LA RIOJA
loc_22752,22752,EL VERDE,12,LA RIOJA
loc_22753,22753,ESQUINA GRANDE,12,LA RIOJA
loc_22754,22754,FRANCISCO ORTIZ DE OCAMPO,12,LA RIOJA
loc_22755,22755,HUNQUILLAL,12,LA RIOJA
loc_22756,22756,KILOMETRO 619,12,LA RIOJA
loc_22757,22757,LA AGUADITA,12,LA RIOJA
loc_22758,22758,LA DORA,12,LA RIOJA
loc_22759,22759,LA IGUALDAD,12,LA RIOJA
loc_22760,22760,LA ISLA,12,LA RIOJA
loc_22761,22761,LAS PALOMAS,12,LA RIOJA
loc_22762,22762,LOS AGUIRRES,12,LA RIOJA
loc_22763,22763,LOS ALANICES,12,LA RIOJA
loc_22764,22764,LOS BARRIACITOS,12,LA RIOJA
loc_22765,22765,LOS BARRIALITOS,12,LA RIOJA
loc_22766,22766,LOS MISTOLES,12,LA RIOJA
loc_22767,22767,MILAGRO,12,LA RIOJA
loc_22768,22768,OLPAS,12,LA RIOJA
loc_22769,22769,PARAJE MONTE GRANDE,12,LA RIOJA
loc_22770,22770,PIEDRA LARGA,12,LA RIOJA
loc_22771,22771,POZO DEL MEDIO,12,LA RIOJA
loc_22772,22772,SAN CRISTOBAL,12,LA RIOJA
loc_22773,22773,SAN JOSE,12,LA RIOJA
loc_22774,22774,TORRECITAS,12,LA RIOJA
loc_22775,22775,VILLA SANTA RITA,12,LA RIOJA
loc_22777,22777,ANCHUMBIL,12,LA RIOJA
loc_22778,22778,BANDA FLORIDA,12,LA RIOJA
loc_22779,22779,EL CHUSCHIN,12,LA RIOJA
loc_22780,22780,EL FUERTE,12,LA RIOJA
loc_22781,22781,EL MOLLE,12,LA RIOJA
loc_22782,22782,EL ZAPALLAR,12,LA RIOJA
loc_22783,22783,ESTANCIA DE MAIZ,12,LA RIOJA
loc_22784,22784,GUANDACOL,12,LA RIOJA
loc_22786,22786,LA MARAVILLA,12,LA RIOJA
loc_22787,22787,LA PAMPA,12,LA RIOJA
loc_22788,22788,LA PERLITA,12,LA RIOJA
loc_22789,22789,LAS TUCUMANESAS,12,LA RIOJA
loc_22790,22790,LOS FRANCES,12,LA RIOJA
loc_22791,22791,LOS NACIMIENTOS,12,LA RIOJA
loc_22792,22792,LOS PALACIOS,12,LA RIOJA
loc_22793,22793,LOS TAMBILLOS,12,LA RIOJA
loc_22794,22794,PAGANCILLO,12,LA RIOJA
loc_22795,22795,PASO SAN ISIDRO,12,LA RIOJA
loc_22796,22796,PIEDRA DE TALAMPAYA,12,LA RIOJA
loc_22797,22797,PIEDRA PINTADA,12,LA RIOJA
loc_22798,22798,PUERTO ALEGRE,12,LA RIOJA
loc_22799,22799,SALINAS DEL LEONCITO,12,LA RIOJA
loc_22800,22800,SAN BERNARDO,12,LA RIOJA
loc_22801,22801,SAN JOSE,12,LA RIOJA
loc_22802,22802,SANTA CLARA,12,LA RIOJA
loc_22803,22803,SANTA ELENA,12,LA RIOJA
loc_22804,22804,TRES CERROS,12,LA RIOJA
loc_22805,22805,VILLA UNION,12,LA RIOJA
loc_22806,22806,ABRA VERDE,12,LA RIOJA
loc_22807,22807,AGUA BLANCA,12,LA RIOJA
loc_22808,22808,AGUA DE LA PIEDRA,12,LA RIOJA
loc_22809,22809,AGUA DE PIEDRA,12,LA RIOJA
loc_22810,22810,ALTO BAYO,12,LA RIOJA
loc_22811,22811,BARRANQUITAS,12,LA RIOJA
loc_22812,22812,BAYO MUERTO,12,LA RIOJA
loc_22814,22814,CASAS VIEJAS,12,LA RIOJA
loc_22815,22815,CHELCOS,12,LA RIOJA
loc_22816,22816,CHEPES,12,LA RIOJA
loc_22817,22817,CHEPES VIEJOS,12,LA RIOJA
loc_22818,22818,DESIDERIO TELLO,12,LA RIOJA
loc_22819,22819,EL ALTO,12,LA RIOJA
loc_22820,22820,EL BARREAL,12,LA RIOJA
loc_22821,22821,EL BARRIAL,12,LA RIOJA
loc_22822,22822,EL CINCUENTA,12,LA RIOJA
loc_22823,22823,EL DIVISADERO,12,LA RIOJA
loc_22824,22824,EL POTRERILLO,12,LA RIOJA
loc_22826,22826,EL RODEO,12,LA RIOJA
loc_22827,22827,EL TALA,12,LA RIOJA
loc_22828,22828,ILLISCA,12,LA RIOJA
loc_22829,22829,LA AGUADA,12,LA RIOJA
loc_22830,22830,LA CALERA,12,LA RIOJA
loc_22831,22831,LA CALLANA,12,LA RIOJA
loc_22832,22832,LA CARRIZANA,12,LA RIOJA
loc_22833,22833,LA CONSULTA,12,LA RIOJA
loc_22834,22834,LA ESCONDIDA,12,LA RIOJA
loc_22835,22835,LA JARILLA,12,LA RIOJA
loc_22836,22836,LA LAGUNA,12,LA RIOJA
loc_22837,22837,LA PINTADA,12,LA RIOJA
loc_22838,22838,LA PRIMAVERA,12,LA RIOJA
loc_22839,22839,LA REFORMA,12,LA RIOJA
loc_22840,22840,LAS SALINAS,12,LA RIOJA
loc_22841,22841,LAS TOSCAS,12,LA RIOJA
loc_22842,22842,LAS TUSCAS,12,LA RIOJA
loc_22843,22843,LOS CORIAS,12,LA RIOJA
loc_22844,22844,LOS OLMOS,12,LA RIOJA
loc_22845,22845,LOS OROS,12,LA RIOJA
loc_22846,22846,MASCASIN,12,LA RIOJA
loc_22848,22848,PORTEZUELO DE LOS ARCE,12,LA RIOJA
loc_22849,22849,PUNTA DEL CERRO,12,LA RIOJA
loc_22850,22850,QUEBRADA DEL VALLECITO,12,LA RIOJA
loc_22851,22851,REAL DEL CADILLO,12,LA RIOJA
loc_22852,22852,REPRESA DEL MONTE,12,LA RIOJA
loc_22853,22853,SAN ANTONIO,12,LA RIOJA
loc_22854,22854,SAN ISIDRO,12,LA RIOJA
loc_22855,22855,SAN JOSE,12,LA RIOJA
loc_22856,22856,SAN VICENTE,12,LA RIOJA
loc_22857,22857,SANTA CRUZ,12,LA RIOJA
loc_22858,22858,TAMA,12,LA RIOJA
loc_22859,22859,TOTORAL,12,LA RIOJA
loc_22860,22860,VALLE HERMOSO,12,LA RIOJA
loc_22861,22861,VILLA CASANA,12,LA RIOJA
loc_22862,22862,VILLA CHEPES,12,LA RIOJA
loc_22863,22863,ALTO JAGUEL,12,LA RIOJA
loc_22864,22864,BAJO JAGUEL,12,LA RIOJA
loc_22865,22865,BOCA DE LA QUEBRADA,12,LA RIOJA
loc_22866,22866,BUENA VISTA,12,LA RIOJA
loc_22867,22867,CASA PINTADA,12,LA RIOJA
loc_22868,22868,DISTRITO PUEBLO,12,LA RIOJA
loc_22869,22869,EL HORNO,12,LA RIOJA
loc_22870,22870,JAGUE,12,LA RIOJA
loc_22871,22871,LA ARMONIA,12,LA RIOJA
loc_22872,22872,LA BANDA,12,LA RIOJA
loc_22873,22873,LA CIENAGA,12,LA RIOJA
loc_22874,22874,LA PAMPA,12,LA RIOJA
loc_22876,22876,POTRERO GRANDE,12,LA RIOJA
loc_22877,22877,VALLE HERMOSO,12,LA RIOJA
loc_22878,22878,VILLA SAN JOSE DE VINCHINA,12,LA RIOJA
loc_22879,22879,VINCHINA,12,LA RIOJA
loc_22880,22880,AMANA,12,LA RIOJA
loc_22881,22881,BAJO DE GALLO,12,LA RIOJA
loc_22882,22882,BALDE SAN ISIDRO,12,LA RIOJA
loc_22883,22883,CUEVA DEL CHACHO,12,LA RIOJA
loc_22884,22884,EL CHIFLON,12,LA RIOJA
loc_22885,22885,GUAYAPA,12,LA RIOJA
loc_22886,22886,LA TORRE,12,LA RIOJA
loc_22887,22887,LOS BALDECITOS,12,LA RIOJA
loc_22888,22888,LOS COLORADOS,12,LA RIOJA
loc_22889,22889,LOS MOGOTES COLORADOS,12,LA RIOJA
loc_22890,22890,PAGANZO,12,LA RIOJA
loc_22891,22891,PATQUIA,12,LA RIOJA
loc_22892,22892,PUESTO TALITA,12,LA RIOJA
loc_22893,22893,REPRESA DE LA PUNTA,12,LA RIOJA
loc_22894,22894,SALINAS DE BUSTOS,12,LA RIOJA
loc_22895,22895,TERMAS,12,LA RIOJA
loc_22896,22896,ALPASINCHE,12,LA RIOJA
loc_22897,22897,AMUSCHINA,12,LA RIOJA
loc_22898,22898,ANDOLUCAS,12,LA RIOJA
loc_22899,22899,CAPIHUAS,12,LA RIOJA
loc_22900,22900,CERRO NEGRO,12,LA RIOJA
loc_22901,22901,CHAUPIHUASI,12,LA RIOJA
loc_22902,22902,CORDOBITA,12,LA RIOJA
loc_22903,22903,CUIPAN,12,LA RIOJA
loc_22904,22904,EL PUEBLITO,12,LA RIOJA
loc_22905,22905,EL RETIRO,12,LA RIOJA
loc_22906,22906,LA PIRGUA,12,LA RIOJA
loc_22907,22907,LA PLAZA,12,LA RIOJA
loc_22908,22908,LAS TALAS,12,LA RIOJA
loc_22909,22909,LOROHUASI,12,LA RIOJA
loc_22910,22910,LOS OLIVARES,12,LA RIOJA
loc_22911,22911,LOS ROBLES,12,LA RIOJA
loc_22912,22912,SALICAS,12,LA RIOJA
loc_22913,22913,SCHAQUI,12,LA RIOJA
loc_22914,22914,SURIYACO,12,LA RIOJA
loc_22915,22915,TUYUBIL,12,LA RIOJA
loc_22916,22916,ALTO CARRIZAL,12,LA RIOJA
loc_22917,22917,ANGULOS,12,LA RIOJA
loc_22918,22918,ANTINACO,12,LA RIOJA
loc_22919,22919,BARRIO DE GALLI,12,LA RIOJA
loc_22920,22920,CAMPANAS,12,LA RIOJA
loc_22921,22921,CARRIZAL,12,LA RIOJA
loc_22922,22922,CARRIZALILLO,12,LA RIOJA
loc_22924,22924,EL CHOCOY,12,LA RIOJA
loc_22925,22925,EL JUMEAL,12,LA RIOJA
loc_22926,22926,EL PEDREGAL,12,LA RIOJA
loc_22927,22927,EL POTRERILLO,12,LA RIOJA
loc_22928,22928,FAMATINA,12,LA RIOJA
loc_22929,22929,LA BANDA,12,LA RIOJA
loc_22930,22930,LA CUADRA,12,LA RIOJA
loc_22931,22931,LA HIGUERA,12,LA RIOJA
loc_22932,22932,LAS GREDAS,12,LA RIOJA
loc_22933,22933,LOS CORRALES,12,LA RIOJA
loc_22934,22934,PITUIL,12,LA RIOJA
loc_22935,22935,PLAZA NUEVA,12,LA RIOJA
loc_22936,22936,PLAZA VIEJA,12,LA RIOJA
loc_22937,22937,SANTA CRUZ,12,LA RIOJA
loc_22938,22938,SANTO DOMINGO,12,LA RIOJA
loc_22939,22939,SANTO DOMINGO FAMATINA,12,LA RIOJA
loc_22940,22940,LA EMILIA (Dpto: 116 SAN NICOLAS),1,BUENOS AIRES
loc_22941,22941,INGENIERO BUDGE (Dpto: 16 LOMAS DE ZAMORA),1,BUENOS AIRES
loc_22942,22942,Campo Salles,1,BUENOS AIRES
loc_22943,22943,William C. Morris,1,BUENOS AIRES
loc_990820,990820,POZO AZUL,14,MISIONES
loc_990821,990821,VILLA CELINA,1,BUENOS AIRES
loc_990822,990822,LA EMILIA,1,BUENOS AIRES
loc_1023158,1023158,ITAEMBE GUAZÚ,14,MISIONES
